"事故類型及型態子類別名稱","發生年度","發生月份","發生日期","發生時間","天候名稱","光線名稱","速限.第1當事者","道路型態子類別名稱","事故位置子類別名稱","路面狀況.路面鋪裝名稱","路面狀況.路面狀態名稱","道路障礙.視距品質名稱","號誌.號誌動作名稱","車道劃分設施.分向設施大類別名稱","車道劃分設施.分道設施.快慢車道間名稱","車道劃分設施.分道設施.路面邊線名稱","當事者事故發生時年齡","行動電話或電腦或其他相類功能裝置名稱","經度","緯度","縣市","鄉鎮"
"對撞","2023",1,21,15,"晴","日間自然光線",50,"直路","快車道","柏油","乾燥","良好","無號誌","雙向禁止超車線","快慢車道分隔線","無",70,"未使用",120.344413,22.629392,"高雄市","鳳山區"
"對撞","2023",1,21,15,"晴","日間自然光線",50,"直路","快車道","柏油","乾燥","良好","無號誌","雙向禁止超車線","快慢車道分隔線","無",33,"未使用",120.344413,22.629392,"高雄市","鳳山區"
"穿越道路中","2023",1,21,17,"晴","夜間(或隧道、地下道、涵洞)有照明",50,"四岔路","交叉口附近","柏油","乾燥","良好","正常","中央分向島","未繪設快慢車道分隔線","無",20,"未使用",121.522158,25.027251,"臺北市","中正區"
"穿越道路中","2023",1,21,17,"晴","夜間(或隧道、地下道、涵洞)有照明",50,"四岔路","交叉口附近","柏油","乾燥","良好","正常","中央分向島","未繪設快慢車道分隔線","無",80,"非駕駛人",121.522158,25.027251,"臺北市","中正區"
"撞護欄(樁)","2023",1,22,4,"陰","夜間(或隧道、地下道、涵洞)無照明",100,"直路","快車道","柏油","濕潤","良好","無號誌","中央分向島","未繪設快慢車道分隔線","有",45,"未使用",120.853007,24.571243,"苗栗縣","頭屋鄉"
"撞護欄(樁)","2023",1,22,4,"陰","夜間(或隧道、地下道、涵洞)無照明",100,"直路","快車道","柏油","濕潤","良好","無號誌","中央分向島","未繪設快慢車道分隔線","有",47,"未使用",120.853007,24.571243,"苗栗縣","頭屋鄉"
"撞護欄(樁)","2023",1,22,4,"陰","夜間(或隧道、地下道、涵洞)無照明",100,"直路","快車道","柏油","濕潤","良好","無號誌","中央分向島","未繪設快慢車道分隔線","有",66,"未使用",120.853007,24.571243,"苗栗縣","頭屋鄉"
"撞護欄(樁)","2023",1,22,4,"陰","夜間(或隧道、地下道、涵洞)無照明",100,"直路","快車道","柏油","濕潤","良好","無號誌","中央分向島","未繪設快慢車道分隔線","有",16,"未使用",120.853007,24.571243,"苗栗縣","頭屋鄉"
"撞護欄(樁)","2023",1,22,4,"陰","夜間(或隧道、地下道、涵洞)無照明",100,"直路","快車道","柏油","濕潤","良好","無號誌","中央分向島","未繪設快慢車道分隔線","有",31,"未使用",120.853007,24.571243,"苗栗縣","頭屋鄉"
"撞護欄(樁)","2023",1,22,4,"陰","夜間(或隧道、地下道、涵洞)無照明",100,"直路","快車道","柏油","濕潤","良好","無號誌","中央分向島","未繪設快慢車道分隔線","有",39,"未使用",120.853007,24.571243,"苗栗縣","頭屋鄉"
"撞護欄(樁)","2023",1,22,4,"陰","夜間(或隧道、地下道、涵洞)無照明",100,"直路","快車道","柏油","濕潤","良好","無號誌","中央分向島","未繪設快慢車道分隔線","有",63,"未使用",120.853007,24.571243,"苗栗縣","頭屋鄉"
"撞路樹、電桿","2023",1,22,6,"晴","夜間(或隧道、地下道、涵洞)有照明",50,"直路","路肩、路緣","柏油","乾燥","良好","無號誌","行車分向線","未繪設快慢車道分隔線","有",17,"不明",120.380006,23.598076,"嘉義縣","溪口鄉"
"其他","2023",1,22,7,"陰","日間自然光線",40,"直路","一般車道(未劃分快慢車道)","柏油","乾燥","良好","無號誌","中央分向島","快慢車道分隔線","無",31,"不明",121.556867,25.062119,"臺北市","松山區"
"穿越道路中","2023",1,22,7,"晴","日間自然光線",50,"四岔路","行人穿越道","柏油","乾燥","良好","正常","中央分向島","未繪設快慢車道分隔線","有",37,"未使用",121.23793,24.964991,"桃園市","中壢區"
"穿越道路中","2023",1,22,7,"晴","日間自然光線",50,"四岔路","行人穿越道","柏油","乾燥","良好","正常","中央分向島","未繪設快慢車道分隔線","有",72,"非駕駛人",121.23793,24.964991,"桃園市","中壢區"
"追撞","2023",1,22,7,"晴","晨或暮光",40,"三岔路","慢車道","柏油","乾燥","良好","正常","中央分向島","快慢車道分隔線","有",57,"未使用",120.499165,22.7056,"屏東縣","屏東市"
"追撞","2023",1,22,7,"晴","晨或暮光",40,"三岔路","慢車道","柏油","乾燥","良好","正常","中央分向島","快慢車道分隔線","有",57,"未使用",120.499165,22.7056,"屏東縣","屏東市"
"撞路樹、電桿","2023",1,22,13,"晴","日間自然光線",50,"三岔路","交叉口附近","柏油","乾燥","良好","無號誌","無","未繪設快慢車道分隔線","有",55,"未使用",120.475658,22.498838,"屏東縣","崁頂鄉"
"對撞","2023",1,23,0,"晴","夜間(或隧道、地下道、涵洞)有照明",60,"彎曲路及附近","快車道","柏油","乾燥","良好","正常","雙向禁止超車線","未繪設快慢車道分隔線","有",21,"未使用",121.126307,22.769035,"臺東縣","臺東市"
"對撞","2023",1,23,0,"晴","夜間(或隧道、地下道、涵洞)有照明",60,"彎曲路及附近","快車道","柏油","乾燥","良好","正常","雙向禁止超車線","未繪設快慢車道分隔線","有",44,"未使用",121.126307,22.769035,"臺東縣","臺東市"
"其他","2023",1,23,2,"陰","夜間(或隧道、地下道、涵洞)有照明",60,"四岔路","交叉口附近","柏油","乾燥","良好","正常","中央分向島","未繪設快慢車道分隔線","有",20,"未使用",120.498808,24.149357,"彰化縣","伸港鄉"
"其他","2023",1,23,2,"陰","夜間(或隧道、地下道、涵洞)有照明",60,"四岔路","交叉口附近","柏油","乾燥","良好","正常","中央分向島","未繪設快慢車道分隔線","有",20,"非駕駛人",120.498808,24.149357,"彰化縣","伸港鄉"
"其他","2023",1,23,2,"陰","夜間(或隧道、地下道、涵洞)有照明",60,"四岔路","交叉口附近","柏油","乾燥","良好","正常","中央分向島","未繪設快慢車道分隔線","有",20,"非駕駛人",120.498808,24.149357,"彰化縣","伸港鄉"
"其他","2023",1,23,2,"陰","夜間(或隧道、地下道、涵洞)有照明",60,"四岔路","交叉口附近","柏油","乾燥","良好","正常","中央分向島","未繪設快慢車道分隔線","有",19,"非駕駛人",120.498808,24.149357,"彰化縣","伸港鄉"
"撞路樹、電桿","2023",1,23,5,"晴","夜間(或隧道、地下道、涵洞)有照明",30,"直路","一般車道(未劃分快慢車道)","柏油","乾燥","良好","無號誌","無","未繪設快慢車道分隔線","無",45,"未使用",120.518852,22.42592,"屏東縣","林邊鄉"
"撞護欄(樁)","2023",1,23,5,"晴","夜間(或隧道、地下道、涵洞)有照明",60,"隧道","一般車道(未劃分快慢車道)","柏油","乾燥","良好","無號誌","中央分向島","寛式快慢車道分隔島(50公分以上)","有",19,"未使用",120.954832,24.879767,"新竹縣","新豐鄉"
"撞護欄(樁)","2023",1,23,5,"晴","夜間(或隧道、地下道、涵洞)有照明",60,"隧道","一般車道(未劃分快慢車道)","柏油","乾燥","良好","無號誌","中央分向島","寛式快慢車道分隔島(50公分以上)","有",20,"非駕駛人",120.954832,24.879767,"新竹縣","新豐鄉"
"穿越道路中","2023",1,23,6,"晴","夜間(或隧道、地下道、涵洞)有照明",50,"直路","快車道","柏油","乾燥","良好","無號誌","雙向禁止超車線","快慢車道分隔線","有",89,"非駕駛人",120.23686,23.150108,"臺南市","麻豆區"
"穿越道路中","2023",1,23,6,"晴","夜間(或隧道、地下道、涵洞)有照明",50,"直路","快車道","柏油","乾燥","良好","無號誌","雙向禁止超車線","快慢車道分隔線","有",73,"未使用",120.23686,23.150108,"臺南市","麻豆區"
"追撞","2023",1,23,8,"晴","日間自然光線",70,"四岔路","一般車道(未劃分快慢車道)","柏油","乾燥","良好","正常","中央分向島","未繪設快慢車道分隔線","有",36,"不明",120.585829,24.092756,"彰化縣","彰化市"
"追撞","2023",1,23,8,"晴","日間自然光線",70,"四岔路","一般車道(未劃分快慢車道)","柏油","乾燥","良好","正常","中央分向島","未繪設快慢車道分隔線","有",28,"未使用",120.585829,24.092756,"彰化縣","彰化市"
"追撞","2023",1,23,8,"晴","日間自然光線",70,"四岔路","一般車道(未劃分快慢車道)","柏油","乾燥","良好","正常","中央分向島","未繪設快慢車道分隔線","有",53,"",120.585829,24.092756,"彰化縣","彰化市"
"其他","2023",1,23,11,"晴","日間自然光線",50,"三岔路","一般車道(未劃分快慢車道)","柏油","乾燥","良好","無號誌","無","未繪設快慢車道分隔線","有",66,"未使用",120.682914,23.969642,"南投縣","草屯鎮"
"其他","2023",1,23,11,"晴","日間自然光線",50,"三岔路","一般車道(未劃分快慢車道)","柏油","乾燥","良好","無號誌","無","未繪設快慢車道分隔線","有",49,"未使用",120.682914,23.969642,"南投縣","草屯鎮"
"其他","2023",1,23,11,"晴","日間自然光線",50,"三岔路","一般車道(未劃分快慢車道)","柏油","乾燥","良好","無號誌","無","未繪設快慢車道分隔線","有",51,"未使用",120.682914,23.969642,"南投縣","草屯鎮"
"撞護欄(樁)","2023",1,24,16,"晴","日間自然光線",50,"彎曲路及附近","路肩、路緣","柏油","乾燥","良好","無號誌","雙向禁止超車線","未繪設快慢車道分隔線","有",50,"不明",121.026186,24.732567,"新竹縣","寶山鄉"
"同向擦撞","2023",1,24,17,"晴","日間自然光線",50,"直路","慢車道","柏油","乾燥","良好","無號誌","雙向禁止超車線","快慢車道分隔線","有",56,"未使用",120.52509,22.687981,"屏東縣","長治鄉"
"同向擦撞","2023",1,24,17,"晴","日間自然光線",50,"直路","慢車道","柏油","乾燥","良好","無號誌","雙向禁止超車線","快慢車道分隔線","有",19,"未使用",120.52509,22.687981,"屏東縣","長治鄉"
"同向擦撞","2023",1,24,17,"晴","日間自然光線",50,"直路","慢車道","柏油","乾燥","良好","無號誌","雙向禁止超車線","快慢車道分隔線","有",16,"未使用",120.52509,22.687981,"屏東縣","長治鄉"
"對向擦撞","2023",1,24,19,"晴","夜間(或隧道、地下道、涵洞)無照明",50,"直路","一般車道(未劃分快慢車道)","柏油","乾燥","良好","無號誌","行車分向線","未繪設快慢車道分隔線","有",39,"未使用",120.373475,23.882331,"彰化縣","二林鎮"
"對向擦撞","2023",1,24,19,"晴","夜間(或隧道、地下道、涵洞)無照明",50,"直路","一般車道(未劃分快慢車道)","柏油","乾燥","良好","無號誌","行車分向線","未繪設快慢車道分隔線","有",60,"未使用",120.373475,23.882331,"彰化縣","二林鎮"
"撞護欄(樁)","2023",1,24,22,"晴","夜間(或隧道、地下道、涵洞)無照明",30,"直路","路肩、路緣","柏油","乾燥","良好","無號誌","無","未繪設快慢車道分隔線","無",61,"未使用",120.613322,22.370741,"屏東縣","枋寮鄉"
"穿越道路中","2023",1,25,4,"晴","夜間(或隧道、地下道、涵洞)有照明",50,"四岔路","交叉口附近","柏油","乾燥","良好","正常","雙向禁止超車線","未繪設快慢車道分隔線","有",91,"非駕駛人",121.224992,24.941572,"桃園市","中壢區"
"穿越道路中","2023",1,25,4,"晴","夜間(或隧道、地下道、涵洞)有照明",50,"四岔路","交叉口附近","柏油","乾燥","良好","正常","雙向禁止超車線","未繪設快慢車道分隔線","有",40,"未使用",121.224992,24.941572,"桃園市","中壢區"
"穿越道路中","2023",1,25,5,"晴","晨或暮光",50,"四岔路","交叉路口內","柏油","乾燥","良好","正常","無","未繪設快慢車道分隔線","無",60,"未使用",120.191382,23.02571,"臺南市","南區"
"穿越道路中","2023",1,25,5,"晴","晨或暮光",50,"四岔路","交叉路口內","柏油","乾燥","良好","正常","無","未繪設快慢車道分隔線","無",32,"未使用",120.191382,23.02571,"臺南市","南區"
"穿越道路中","2023",1,25,5,"晴","晨或暮光",50,"四岔路","交叉路口內","柏油","乾燥","良好","正常","無","未繪設快慢車道分隔線","無",49,"未使用",120.191382,23.02571,"臺南市","南區"
"側撞","2023",1,25,11,"晴","日間自然光線",50,"直路","機車優先道","柏油","乾燥","良好","無號誌","中央分向島","快慢車道分隔線","有",39,"未使用",120.312199,23.286669,"臺南市","柳營區"
"側撞","2023",1,25,11,"晴","日間自然光線",50,"直路","機車優先道","柏油","乾燥","良好","無號誌","中央分向島","快慢車道分隔線","有",71,"未使用",120.312199,23.286669,"臺南市","柳營區"
"其他","2023",1,25,14,"晴","日間自然光線",50,"四岔路","交叉口附近","柏油","乾燥","良好","正常","中央分向島","未繪設快慢車道分隔線","有",65,"非駕駛人",121.153856,24.073557,"雲林縣","二崙鄉"
"其他","2023",1,25,14,"晴","日間自然光線",50,"四岔路","交叉口附近","柏油","乾燥","良好","正常","中央分向島","未繪設快慢車道分隔線","有",25,"未使用",121.153856,24.073557,"雲林縣","二崙鄉"
"其他","2023",1,25,14,"晴","日間自然光線",50,"四岔路","交叉口附近","柏油","乾燥","良好","正常","中央分向島","未繪設快慢車道分隔線","有",46,"未使用",121.153856,24.073557,"雲林縣","二崙鄉"
"側撞","2023",1,25,14,"晴","日間自然光線",50,"三岔路","交叉路口內","柏油","乾燥","良好","無號誌","無","未繪設快慢車道分隔線","無",61,"未使用",120.127791,23.014474,"臺南市","南區"
"側撞","2023",1,25,14,"晴","日間自然光線",50,"三岔路","交叉路口內","柏油","乾燥","良好","無號誌","無","未繪設快慢車道分隔線","無",43,"未使用",120.127791,23.014474,"臺南市","南區"
"側撞","2023",1,25,14,"晴","日間自然光線",50,"三岔路","交叉路口內","柏油","乾燥","良好","無號誌","無","未繪設快慢車道分隔線","無",46,"非駕駛人",120.127791,23.014474,"臺南市","南區"
"同向擦撞","2023",1,26,1,"晴","夜間(或隧道、地下道、涵洞)有照明",30,"直路","一般車道(未劃分快慢車道)","柏油","乾燥","良好","無號誌","無","未繪設快慢車道分隔線","無",81,"未使用",120.2917,22.71736,"高雄市","楠梓區"
"同向擦撞","2023",1,26,1,"晴","夜間(或隧道、地下道、涵洞)有照明",30,"直路","一般車道(未劃分快慢車道)","柏油","乾燥","良好","無號誌","無","未繪設快慢車道分隔線","無",58,"未使用",120.2917,22.71736,"高雄市","楠梓區"
"撞護欄(樁)","2023",1,26,2,"晴","夜間(或隧道、地下道、涵洞)有照明",20,"彎曲路及附近","路肩、路緣","柏油","乾燥","良好","無號誌","雙向禁止超車線","快慢車道分隔線","有",18,"未使用",121.531787,24.60492,"宜蘭縣","大同鄉"
"撞護欄(樁)","2023",1,26,2,"晴","夜間(或隧道、地下道、涵洞)有照明",20,"彎曲路及附近","路肩、路緣","柏油","乾燥","良好","無號誌","雙向禁止超車線","快慢車道分隔線","有",29,"未使用",121.531787,24.60492,"宜蘭縣","大同鄉"
"路上翻車、摔倒","2023",1,26,4,"晴","夜間(或隧道、地下道、涵洞)有照明",40,"彎曲路及附近","一般車道(未劃分快慢車道)","柏油","乾燥","良好","無號誌","行車分向線","快慢車道分隔線","有",23,"未使用",120.935977,24.778328,"新竹市","香山區"
"其他","2023",1,26,7,"陰","日間自然光線",50,"橋樑","一般車道(未劃分快慢車道)","柏油","乾燥","良好","無號誌","中央分向島","未繪設快慢車道分隔線","無",21,"不明",121.439864,25.081941,"新北市","五股區"
"其他","2023",1,26,7,"陰","日間自然光線",50,"橋樑","一般車道(未劃分快慢車道)","柏油","乾燥","良好","無號誌","中央分向島","未繪設快慢車道分隔線","無",60,"不明",121.439864,25.081941,"新北市","五股區"
"其他","2023",1,26,7,"陰","日間自然光線",50,"橋樑","一般車道(未劃分快慢車道)","柏油","乾燥","良好","無號誌","中央分向島","未繪設快慢車道分隔線","無",19,"不明",121.439864,25.081941,"新北市","五股區"
"其他","2023",1,26,7,"陰","日間自然光線",50,"橋樑","一般車道(未劃分快慢車道)","柏油","乾燥","良好","無號誌","中央分向島","未繪設快慢車道分隔線","無",18,"不明",121.439864,25.081941,"新北市","五股區"
"衝出路外","2023",1,26,8,"晴","日間自然光線",30,"直路","一般車道(未劃分快慢車道)","柏油","乾燥","良好","無號誌","無","未繪設快慢車道分隔線","無",26,"未使用",120.570539,24.251312,"臺中市","沙鹿區"
"同向擦撞","2023",1,26,9,"晴","日間自然光線",50,"直路","一般車道(未劃分快慢車道)","柏油","乾燥","良好","無號誌","雙向禁止超車線","未繪設快慢車道分隔線","有",82,"未使用",121.281231,23.217193,"花蓮縣","富里鄉"
"同向擦撞","2023",1,26,9,"晴","日間自然光線",50,"直路","一般車道(未劃分快慢車道)","柏油","乾燥","良好","無號誌","雙向禁止超車線","未繪設快慢車道分隔線","有",50,"未使用",121.281231,23.217193,"花蓮縣","富里鄉"
"側撞","2023",1,26,9,"晴","日間自然光線",50,"三岔路","交叉路口內","柏油","乾燥","良好","無號誌","中央分向島","未繪設快慢車道分隔線","無",26,"未使用",120.399026,23.491545,"嘉義市","西區"
"側撞","2023",1,26,9,"晴","日間自然光線",50,"三岔路","交叉路口內","柏油","乾燥","良好","無號誌","中央分向島","未繪設快慢車道分隔線","無",18,"未使用",120.399026,23.491545,"嘉義市","西區"
"同向擦撞","2023",1,26,10,"晴","日間自然光線",60,"四岔路","交叉路口內","柏油","乾燥","良好","正常","行車分向線","未繪設快慢車道分隔線","有",22,"未使用",121.804526,24.652238,"宜蘭縣","冬山鄉"
"同向擦撞","2023",1,26,10,"晴","日間自然光線",60,"四岔路","交叉路口內","柏油","乾燥","良好","正常","行車分向線","未繪設快慢車道分隔線","有",56,"未使用",121.804526,24.652238,"宜蘭縣","冬山鄉"
"同向擦撞","2023",1,26,10,"晴","日間自然光線",60,"四岔路","交叉路口內","柏油","乾燥","良好","正常","行車分向線","未繪設快慢車道分隔線","有",19,"未使用",121.804526,24.652238,"宜蘭縣","冬山鄉"
"撞路樹、電桿","2023",1,26,11,"晴","日間自然光線",70,"直路","路肩、路緣","柏油","乾燥","良好","無號誌","中央分向島","快慢車道分隔線","有",66,"未使用",121.57089,23.905314,"花蓮縣","壽豐鄉"
"撞路樹、電桿","2023",1,26,11,"晴","日間自然光線",70,"直路","路肩、路緣","柏油","乾燥","良好","無號誌","中央分向島","快慢車道分隔線","有",6,"非駕駛人",121.57089,23.905314,"花蓮縣","壽豐鄉"
"撞路樹、電桿","2023",1,26,11,"晴","日間自然光線",70,"直路","路肩、路緣","柏油","乾燥","良好","無號誌","中央分向島","快慢車道分隔線","有",5,"非駕駛人",121.57089,23.905314,"花蓮縣","壽豐鄉"
"其他","2023",1,26,13,"晴","日間自然光線",50,"四岔路","交叉口附近","柏油","乾燥","良好","正常","中央分向島","快慢車道分隔線","有",75,"未使用",121.47064,25.014406,"新北市","板橋區"
"其他","2023",1,26,13,"晴","日間自然光線",50,"四岔路","交叉口附近","柏油","乾燥","良好","正常","中央分向島","快慢車道分隔線","有",48,"未使用",121.47064,25.014406,"新北市","板橋區"
"其他","2023",1,26,13,"晴","日間自然光線",50,"四岔路","交叉口附近","柏油","乾燥","良好","正常","中央分向島","快慢車道分隔線","有",69,"非駕駛人",121.47064,25.014406,"新北市","板橋區"
"對撞","2023",1,26,13,"晴","日間自然光線",60,"彎曲路及附近","一般車道(未劃分快慢車道)","柏油","乾燥","不良","無號誌","雙向禁止超車線","未繪設快慢車道分隔線","有",69,"不明",120.5873,22.87173,"高雄市","美濃區"
"對撞","2023",1,26,13,"晴","日間自然光線",60,"彎曲路及附近","一般車道(未劃分快慢車道)","柏油","乾燥","不良","無號誌","雙向禁止超車線","未繪設快慢車道分隔線","有",58,"未使用",120.5873,22.87173,"高雄市","美濃區"
"對撞","2023",1,26,13,"晴","日間自然光線",60,"彎曲路及附近","一般車道(未劃分快慢車道)","柏油","乾燥","不良","無號誌","雙向禁止超車線","未繪設快慢車道分隔線","有",66,"非駕駛人",120.5873,22.87173,"高雄市","美濃區"
"側撞","2023",1,26,21,"晴","夜間(或隧道、地下道、涵洞)有照明",40,"直路","慢車道","柏油","乾燥","良好","無號誌","無","窄式快慢車道分隔島(無柵欄)","無",28,"未使用",120.3452,22.62016,"高雄市","鳳山區"
"側撞","2023",1,26,21,"晴","夜間(或隧道、地下道、涵洞)有照明",40,"直路","慢車道","柏油","乾燥","良好","無號誌","無","窄式快慢車道分隔島(無柵欄)","無",39,"未使用",120.3452,22.62016,"高雄市","鳳山區"
"穿越道路中","2023",1,26,21,"晴","夜間(或隧道、地下道、涵洞)有照明",50,"四岔路","交叉口附近","柏油","乾燥","良好","正常","中央分向島","未繪設快慢車道分隔線","無",74,"非駕駛人",121.541176,25.062635,"臺北市","中山區"
"穿越道路中","2023",1,26,21,"晴","夜間(或隧道、地下道、涵洞)有照明",50,"四岔路","交叉口附近","柏油","乾燥","良好","正常","中央分向島","未繪設快慢車道分隔線","無",30,"未使用",121.541176,25.062635,"臺北市","中山區"
"穿越道路中","2023",1,26,21,"晴","夜間(或隧道、地下道、涵洞)有照明",50,"四岔路","交叉口附近","柏油","乾燥","良好","正常","中央分向島","未繪設快慢車道分隔線","無",62,"非駕駛人",121.541176,25.062635,"臺北市","中山區"
"側撞","2023",1,27,0,"晴","夜間(或隧道、地下道、涵洞)有照明",50,"四岔路","交叉路口內","柏油","乾燥","良好","正常","無","未繪設快慢車道分隔線","無",24,"未使用",120.701456,24.138879,"臺中市","東區"
"側撞","2023",1,27,0,"晴","夜間(或隧道、地下道、涵洞)有照明",50,"四岔路","交叉路口內","柏油","乾燥","良好","正常","無","未繪設快慢車道分隔線","無",17,"未使用",120.701456,24.138879,"臺中市","東區"
"穿越道路中","2023",1,27,5,"陰","夜間(或隧道、地下道、涵洞)有照明",50,"四岔路","行人穿越道","柏油","乾燥","良好","正常","中央分向島","未繪設快慢車道分隔線","無",32,"未使用",121.357746,25.055956,"桃園市","龜山區"
"穿越道路中","2023",1,27,5,"陰","夜間(或隧道、地下道、涵洞)有照明",50,"四岔路","行人穿越道","柏油","乾燥","良好","正常","中央分向島","未繪設快慢車道分隔線","無",77,"不明",121.357746,25.055956,"桃園市","龜山區"
"撞路樹、電桿","2023",1,27,6,"晴","日間自然光線",30,"直路","一般車道(未劃分快慢車道)","柏油","乾燥","良好","無號誌","無","未繪設快慢車道分隔線","無",53,"不明",120.169866,23.195572,"臺南市","將軍區"
"側撞","2023",1,27,9,"晴","日間自然光線",60,"三岔路","交叉路口內","柏油","乾燥","良好","正常","無","未繪設快慢車道分隔線","無",60,"未使用",120.411587,22.564936,"高雄市","大寮區"
"側撞","2023",1,27,9,"晴","日間自然光線",60,"三岔路","交叉路口內","柏油","乾燥","良好","正常","無","未繪設快慢車道分隔線","無",37,"未使用",120.411587,22.564936,"高雄市","大寮區"
"追撞","2023",1,27,18,"陰","夜間(或隧道、地下道、涵洞)有照明",50,"直路","一般車道(未劃分快慢車道)","柏油","乾燥","良好","無號誌","中央分向島","未繪設快慢車道分隔線","有",47,"未使用",121.192755,24.958243,"桃園市","平鎮區"
"追撞","2023",1,27,18,"陰","夜間(或隧道、地下道、涵洞)有照明",50,"直路","一般車道(未劃分快慢車道)","柏油","乾燥","良好","無號誌","中央分向島","未繪設快慢車道分隔線","有",44,"不明",121.192755,24.958243,"桃園市","平鎮區"
"同向擦撞","2023",1,27,19,"晴","日間自然光線",40,"直路","快車道","柏油","乾燥","良好","無號誌","行車分向線","快慢車道分隔線","有",56,"未使用",120.2917,22.71254,"高雄市","楠梓區"
"同向擦撞","2023",1,27,19,"晴","日間自然光線",40,"直路","快車道","柏油","乾燥","良好","無號誌","行車分向線","快慢車道分隔線","有",34,"未使用",120.2917,22.71254,"高雄市","楠梓區"
"同向擦撞","2023",1,27,19,"晴","日間自然光線",40,"直路","快車道","柏油","乾燥","良好","無號誌","行車分向線","快慢車道分隔線","有",72,"未使用",120.2917,22.71254,"高雄市","楠梓區"
"其他","2023",1,27,22,"晴","夜間(或隧道、地下道、涵洞)有照明",70,"直路","慢車道","柏油","乾燥","良好","無號誌","中央分向島","快慢車道分隔線","有",20,"未使用",120.220859,22.937773,"臺南市","仁德區"
"其他","2023",1,27,22,"晴","夜間(或隧道、地下道、涵洞)有照明",70,"直路","慢車道","柏油","乾燥","良好","無號誌","中央分向島","快慢車道分隔線","有",74,"非駕駛人",120.220859,22.937773,"臺南市","仁德區"
"撞路樹、電桿","2023",1,28,9,"晴","日間自然光線",50,"直路","一般車道(未劃分快慢車道)","柏油","乾燥","良好","無號誌","行車分向線","未繪設快慢車道分隔線","有",50,"不明",120.352908,23.646969,"雲林縣","元長鄉"
"路口交岔撞","2023",1,28,13,"晴","日間自然光線",40,"四岔路","交叉路口內","柏油","乾燥","良好","無號誌","無","未繪設快慢車道分隔線","有",38,"未使用",120.587607,22.504913,"屏東縣","新埤鄉"
"路口交岔撞","2023",1,28,13,"晴","日間自然光線",40,"四岔路","交叉路口內","柏油","乾燥","良好","無號誌","無","未繪設快慢車道分隔線","有",57,"不明",120.587607,22.504913,"屏東縣","新埤鄉"
"路上翻車、摔倒","2023",1,29,16,"晴","日間自然光線",50,"彎曲路及附近","一般車道(未劃分快慢車道)","柏油","乾燥","良好","無號誌","中央分向島","未繪設快慢車道分隔線","有",52,"不明",120.420553,22.93223,"臺南市","龍崎區"
"同向擦撞","2023",1,30,16,"晴","日間自然光線",60,"直路","一般車道(未劃分快慢車道)","柏油","乾燥","良好","正常","中央分向島","未繪設快慢車道分隔線","有",33,"未使用",120.507312,23.734917,"雲林縣","莿桐鄉"
"同向擦撞","2023",1,30,16,"晴","日間自然光線",60,"直路","一般車道(未劃分快慢車道)","柏油","乾燥","良好","正常","中央分向島","未繪設快慢車道分隔線","有",64,"未使用",120.507312,23.734917,"雲林縣","莿桐鄉"
"路口交岔撞","2023",1,30,17,"陰","日間自然光線",30,"四岔路","交叉路口內","柏油","乾燥","良好","無號誌","無","未繪設快慢車道分隔線","無",26,"未使用",121.504335,23.844703,"花蓮縣","壽豐鄉"
"路口交岔撞","2023",1,30,17,"陰","日間自然光線",30,"四岔路","交叉路口內","柏油","乾燥","良好","無號誌","無","未繪設快慢車道分隔線","無",59,"未使用",121.504335,23.844703,"花蓮縣","壽豐鄉"
"其他","2023",1,30,18,"晴","夜間(或隧道、地下道、涵洞)無照明",70,"直路","快車道","柏油","乾燥","良好","無號誌","中央分向島","快慢車道分隔線","有",57,"未使用",120.561604,22.443781,"屏東縣","佳冬鄉"
"其他","2023",1,30,18,"晴","夜間(或隧道、地下道、涵洞)無照明",70,"直路","快車道","柏油","乾燥","良好","無號誌","中央分向島","快慢車道分隔線","有",30,"未使用",120.561604,22.443781,"屏東縣","佳冬鄉"
"其他","2023",1,30,18,"晴","夜間(或隧道、地下道、涵洞)無照明",70,"直路","快車道","柏油","乾燥","良好","無號誌","中央分向島","快慢車道分隔線","有",67,"未使用",120.561604,22.443781,"屏東縣","佳冬鄉"
"其他","2023",1,30,18,"晴","夜間(或隧道、地下道、涵洞)無照明",70,"直路","快車道","柏油","乾燥","良好","無號誌","中央分向島","快慢車道分隔線","有",43,"非駕駛人",120.561604,22.443781,"屏東縣","佳冬鄉"
"其他","2023",1,30,18,"晴","夜間(或隧道、地下道、涵洞)無照明",70,"直路","快車道","柏油","乾燥","良好","無號誌","中央分向島","快慢車道分隔線","有",8,"非駕駛人",120.561604,22.443781,"屏東縣","佳冬鄉"
"其他","2023",1,30,18,"晴","夜間(或隧道、地下道、涵洞)無照明",70,"直路","快車道","柏油","乾燥","良好","無號誌","中央分向島","快慢車道分隔線","有",67,"非駕駛人",120.561604,22.443781,"屏東縣","佳冬鄉"