"事故類型及型態子類別名稱","發生年度","發生月份","發生日期","發生時間","天候名稱","光線名稱","速限.第1當事者","道路型態子類別名稱","事故位置子類別名稱","路面狀況.路面鋪裝名稱","路面狀況.路面狀態名稱","道路障礙.視距品質名稱","號誌.號誌動作名稱","車道劃分設施.分向設施大類別名稱","車道劃分設施.分道設施.快慢車道間名稱","車道劃分設施.分道設施.路面邊線名稱","當事者事故發生時年齡","行動電話或電腦或其他相類功能裝置名稱","經度","緯度","縣市","鄉鎮"
"其他","2023",1,30,18,"晴","夜間(或隧道、地下道、涵洞)無照明",70,"直路","快車道","柏油","乾燥","良好","無號誌","中央分向島","快慢車道分隔線","有",13,"非駕駛人",120.561604,22.443781,"屏東縣","佳冬鄉"
"穿越道路中","2023",1,30,19,"晴","夜間(或隧道、地下道、涵洞)有照明",40,"直路","一般車道(未劃分快慢車道)","柏油","乾燥","良好","無號誌","行車分向線","未繪設快慢車道分隔線","有",54,"未使用",121.68902,25.067111,"新北市","汐止區"
"穿越道路中","2023",1,30,19,"晴","夜間(或隧道、地下道、涵洞)有照明",40,"直路","一般車道(未劃分快慢車道)","柏油","乾燥","良好","無號誌","行車分向線","未繪設快慢車道分隔線","有",68,"非駕駛人",121.68902,25.067111,"新北市","汐止區"
"追撞","2023",1,31,7,"晴","日間自然光線",50,"直路","機車優先道","柏油","乾燥","不良","無號誌","中央分向島","快慢車道分隔線","有",44,"未使用",121.238359,24.901108,"桃園市","平鎮區"
"追撞","2023",1,31,7,"晴","日間自然光線",50,"直路","機車優先道","柏油","乾燥","不良","無號誌","中央分向島","快慢車道分隔線","有",30,"未使用",121.238359,24.901108,"桃園市","平鎮區"
"撞路樹、電桿","2023",1,31,18,"晴","夜間(或隧道、地下道、涵洞)有照明",0,"直路","人行道","柏油","乾燥","良好","無號誌","中央分向島","快慢車道分隔線","無",25,"未使用",120.52051,24.19693,"臺中市","龍井區"
"穿越道路中","2023",1,31,18,"晴","夜間(或隧道、地下道、涵洞)有照明",50,"直路","一般車道(未劃分快慢車道)","柏油","乾燥","良好","無號誌","雙向禁止超車線","未繪設快慢車道分隔線","有",40,"未使用",120.824781,24.573424,"苗栗縣","苗栗市"
"穿越道路中","2023",1,31,18,"晴","夜間(或隧道、地下道、涵洞)有照明",50,"直路","一般車道(未劃分快慢車道)","柏油","乾燥","良好","無號誌","雙向禁止超車線","未繪設快慢車道分隔線","有",60,"未使用",120.824781,24.573424,"苗栗縣","苗栗市"
"穿越道路中","2023",1,31,22,"晴","夜間(或隧道、地下道、涵洞)有照明",40,"直路","機車優先道","柏油","乾燥","良好","無號誌","雙向禁止超車線","快慢車道分隔線","有",85,"非駕駛人",120.4438,23.47546,"嘉義市","西區"
"穿越道路中","2023",1,31,22,"晴","夜間(或隧道、地下道、涵洞)有照明",40,"直路","機車優先道","柏油","乾燥","良好","無號誌","雙向禁止超車線","快慢車道分隔線","有",61,"未使用",120.4438,23.47546,"嘉義市","西區"
"其他","2023",1,31,23,"晴","夜間(或隧道、地下道、涵洞)有照明",50,"直路","一般車道(未劃分快慢車道)","柏油","乾燥","良好","無號誌","中央分向島","未繪設快慢車道分隔線","無",18,"未使用",121.662345,25.065799,"新北市","汐止區"
"其他","2023",1,31,23,"晴","夜間(或隧道、地下道、涵洞)有照明",50,"直路","一般車道(未劃分快慢車道)","柏油","乾燥","良好","無號誌","中央分向島","未繪設快慢車道分隔線","無",23,"不明",121.662345,25.065799,"新北市","汐止區"
"其他","2023",1,31,23,"晴","夜間(或隧道、地下道、涵洞)有照明",50,"直路","一般車道(未劃分快慢車道)","柏油","乾燥","良好","無號誌","中央分向島","未繪設快慢車道分隔線","無",46,"不明",121.662345,25.065799,"新北市","汐止區"
"其他","2023",1,31,23,"晴","夜間(或隧道、地下道、涵洞)有照明",50,"直路","一般車道(未劃分快慢車道)","柏油","乾燥","良好","無號誌","中央分向島","未繪設快慢車道分隔線","無",23,"非駕駛人",121.662345,25.065799,"新北市","汐止區"
"側撞","2023",2,1,6,"晴","日間自然光線",50,"三岔路","交叉路口內","柏油","乾燥","良好","正常","無","未繪設快慢車道分隔線","有",39,"未使用",120.750259,24.269162,"臺中市","豐原區"
"側撞","2023",2,1,6,"晴","日間自然光線",50,"三岔路","交叉路口內","柏油","乾燥","良好","正常","無","未繪設快慢車道分隔線","有",18,"未使用",120.750259,24.269162,"臺中市","豐原區"
"路口交岔撞","2023",2,1,7,"晴","日間自然光線",50,"四岔路","交叉路口內","柏油","乾燥","良好","無號誌","無","未繪設快慢車道分隔線","無",20,"不明",120.347577,23.90654,"彰化縣","二林鎮"
"路口交岔撞","2023",2,1,7,"晴","日間自然光線",50,"四岔路","交叉路口內","柏油","乾燥","良好","無號誌","無","未繪設快慢車道分隔線","無",46,"不明",120.347577,23.90654,"彰化縣","二林鎮"
"路口交岔撞","2023",2,1,8,"晴","日間自然光線",30,"四岔路","交叉路口內","柏油","乾燥","良好","無號誌","無","未繪設快慢車道分隔線","無",38,"未使用",120.381082,23.424496,"嘉義縣","水上鄉"
"路口交岔撞","2023",2,1,8,"晴","日間自然光線",30,"四岔路","交叉路口內","柏油","乾燥","良好","無號誌","無","未繪設快慢車道分隔線","無",69,"未使用",120.381082,23.424496,"嘉義縣","水上鄉"
"路口交岔撞","2023",2,1,8,"晴","日間自然光線",30,"四岔路","交叉路口內","柏油","乾燥","良好","無號誌","無","未繪設快慢車道分隔線","無",59,"未使用",120.506011,24.12944,"彰化縣","和美鎮"
"路口交岔撞","2023",2,1,8,"晴","日間自然光線",30,"四岔路","交叉路口內","柏油","乾燥","良好","無號誌","無","未繪設快慢車道分隔線","無",25,"未使用",120.506011,24.12944,"彰化縣","和美鎮"
"追撞","2023",2,1,9,"晴","日間自然光線",50,"三岔路","交叉口附近","柏油","乾燥","良好","正常","雙向禁止超車線","未繪設快慢車道分隔線","有",40,"未使用",120.212739,22.999949,"臺南市","東區"
"追撞","2023",2,1,9,"晴","日間自然光線",50,"三岔路","交叉口附近","柏油","乾燥","良好","正常","雙向禁止超車線","未繪設快慢車道分隔線","有",86,"未使用",120.212739,22.999949,"臺南市","東區"
"對撞","2023",2,1,9,"晴","日間自然光線",50,"直路","一般車道(未劃分快慢車道)","柏油","乾燥","良好","無號誌","雙向禁止超車線","未繪設快慢車道分隔線","有",29,"不明",120.383362,23.947125,"彰化縣","二林鎮"
"對撞","2023",2,1,9,"晴","日間自然光線",50,"直路","一般車道(未劃分快慢車道)","柏油","乾燥","良好","無號誌","雙向禁止超車線","未繪設快慢車道分隔線","有",93,"不明",120.383362,23.947125,"彰化縣","二林鎮"
"穿越道路中","2023",2,1,10,"晴","日間自然光線",50,"四岔路","交叉口附近","柏油","乾燥","良好","正常","雙向禁止超車線","未繪設快慢車道分隔線","無",71,"未使用",121.533417,25.064703,"臺北市","中山區"
"穿越道路中","2023",2,1,10,"晴","日間自然光線",50,"四岔路","交叉口附近","柏油","乾燥","良好","正常","雙向禁止超車線","未繪設快慢車道分隔線","無",31,"未使用",121.533417,25.064703,"臺北市","中山區"
"側撞","2023",2,1,13,"晴","日間自然光線",50,"直路","一般車道(未劃分快慢車道)","柏油","乾燥","良好","無號誌","雙向禁止超車線","未繪設快慢車道分隔線","有",53,"未使用",121.196144,24.890911,"桃園市","平鎮區"
"側撞","2023",2,1,13,"晴","日間自然光線",50,"直路","一般車道(未劃分快慢車道)","柏油","乾燥","良好","無號誌","雙向禁止超車線","未繪設快慢車道分隔線","有",17,"未使用",121.196144,24.890911,"桃園市","平鎮區"
"其他","2023",2,1,13,"晴","日間自然光線",30,"巷弄","一般車道(未劃分快慢車道)","柏油","乾燥","良好","無號誌","無","未繪設快慢車道分隔線","無",85,"未使用",120.546977,24.15577,"臺中市","大肚區"
"其他","2023",2,1,13,"晴","日間自然光線",30,"巷弄","一般車道(未劃分快慢車道)","柏油","乾燥","良好","無號誌","無","未繪設快慢車道分隔線","無",77,"未使用",120.546977,24.15577,"臺中市","大肚區"
"側撞","2023",2,1,17,"晴","日間自然光線",30,"四岔路","交叉口附近","柏油","乾燥","良好","無號誌","無","未繪設快慢車道分隔線","無",73,"未使用",120.413174,23.646257,"雲林縣","大埤鄉"
"側撞","2023",2,1,17,"晴","日間自然光線",30,"四岔路","交叉口附近","柏油","乾燥","良好","無號誌","無","未繪設快慢車道分隔線","無",34,"未使用",120.413174,23.646257,"雲林縣","大埤鄉"
"穿越道路中","2023",2,1,18,"晴","夜間(或隧道、地下道、涵洞)有照明",70,"三岔路","交叉路口內","柏油","乾燥","良好","無號誌","中央分向島","未繪設快慢車道分隔線","有",19,"未使用",120.920896,23.977074,"南投縣","埔里鎮"
"穿越道路中","2023",2,1,18,"晴","夜間(或隧道、地下道、涵洞)有照明",70,"三岔路","交叉路口內","柏油","乾燥","良好","無號誌","中央分向島","未繪設快慢車道分隔線","有",68,"非駕駛人",120.920896,23.977074,"南投縣","埔里鎮"
"穿越道路中","2023",2,1,18,"晴","夜間(或隧道、地下道、涵洞)有照明",70,"三岔路","交叉路口內","柏油","乾燥","良好","無號誌","中央分向島","未繪設快慢車道分隔線","有",44,"非駕駛人",120.920896,23.977074,"南投縣","埔里鎮"
"撞路樹、電桿","2023",2,1,22,"晴","夜間(或隧道、地下道、涵洞)有照明",30,"直路","一般車道(未劃分快慢車道)","柏油","乾燥","良好","無號誌","無","未繪設快慢車道分隔線","有",59,"不明",120.231045,23.109732,"臺南市","安定區"
"對向擦撞","2023",2,2,6,"晴","晨或暮光",50,"直路","一般車道(未劃分快慢車道)","柏油","乾燥","良好","無號誌","雙向禁止超車線","未繪設快慢車道分隔線","有",60,"未使用",120.2676,22.76735,"高雄市","梓官區"
"對向擦撞","2023",2,2,6,"晴","晨或暮光",50,"直路","一般車道(未劃分快慢車道)","柏油","乾燥","良好","無號誌","雙向禁止超車線","未繪設快慢車道分隔線","有",72,"未使用",120.2676,22.76735,"高雄市","梓官區"
"穿越道路中","2023",2,2,22,"晴","夜間(或隧道、地下道、涵洞)有照明",50,"直路","一般車道(未劃分快慢車道)","柏油","乾燥","良好","無號誌","雙向禁止超車線","未繪設快慢車道分隔線","有",55,"非駕駛人",121.495425,25.08217,"新北市","三重區"
"穿越道路中","2023",2,2,22,"晴","夜間(或隧道、地下道、涵洞)有照明",50,"直路","一般車道(未劃分快慢車道)","柏油","乾燥","良好","無號誌","雙向禁止超車線","未繪設快慢車道分隔線","有",34,"未使用",121.495425,25.08217,"新北市","三重區"
"穿越道路中","2023",2,3,5,"晴","日間自然光線",50,"四岔路","交叉路口內","柏油","乾燥","良好","正常","無","未繪設快慢車道分隔線","無",65,"非駕駛人",120.236183,23.01574,"臺南市","永康區"
"穿越道路中","2023",2,3,5,"晴","日間自然光線",50,"四岔路","交叉路口內","柏油","乾燥","良好","正常","無","未繪設快慢車道分隔線","無",66,"未使用",120.236183,23.01574,"臺南市","永康區"
"其他","2023",2,3,7,"晴","日間自然光線",60,"直路","一般車道(未劃分快慢車道)","柏油","乾燥","良好","無號誌","雙向禁止超車線","未繪設快慢車道分隔線","有",37,"不明",120.829843,24.474204,"苗栗縣","公館鄉"
"撞護欄(樁)","2023",2,3,7,"晴","日間自然光線",70,"直路","一般車道(未劃分快慢車道)","柏油","乾燥","良好","無號誌","中央分向島","未繪設快慢車道分隔線","有",60,"未使用",120.4619,22.8181,"高雄市","旗山區"
"撞護欄(樁)","2023",2,3,7,"晴","日間自然光線",70,"直路","一般車道(未劃分快慢車道)","柏油","乾燥","良好","無號誌","中央分向島","未繪設快慢車道分隔線","有",112,"",120.4619,22.8181,"高雄市","旗山區"
"側撞","2023",2,3,7,"晴","日間自然光線",50,"四岔路","交叉路口內","柏油","乾燥","良好","正常","中央分向島","寛式快慢車道分隔島(50公分以上)","無",49,"未使用",120.52636,22.717947,"屏東縣","長治鄉"
"側撞","2023",2,3,7,"晴","日間自然光線",50,"四岔路","交叉路口內","柏油","乾燥","良好","正常","中央分向島","寛式快慢車道分隔島(50公分以上)","無",48,"未使用",120.52636,22.717947,"屏東縣","長治鄉"
"路口交岔撞","2023",2,3,8,"晴","日間自然光線",30,"四岔路","交叉路口內","柏油","乾燥","良好","無號誌","無","未繪設快慢車道分隔線","有",38,"不明",120.698979,24.087791,"臺中市","大里區"
"路口交岔撞","2023",2,3,8,"晴","日間自然光線",30,"四岔路","交叉路口內","柏油","乾燥","良好","無號誌","無","未繪設快慢車道分隔線","有",36,"不明",120.698979,24.087791,"臺中市","大里區"
"對撞","2023",2,3,12,"晴","日間自然光線",50,"直路","快車道","柏油","乾燥","良好","無號誌","行車分向線","快慢車道分隔線","有",32,"不明",120.54708,22.501055,"屏東縣","新埤鄉"
"對撞","2023",2,3,12,"晴","日間自然光線",50,"直路","快車道","柏油","乾燥","良好","無號誌","行車分向線","快慢車道分隔線","有",43,"未使用",120.54708,22.501055,"屏東縣","新埤鄉"
"對撞","2023",2,3,12,"晴","日間自然光線",50,"直路","快車道","柏油","乾燥","良好","無號誌","行車分向線","快慢車道分隔線","有",12,"不明",120.54708,22.501055,"屏東縣","新埤鄉"
"撞非固定設施","2023",2,3,18,"雨","夜間(或隧道、地下道、涵洞)有照明",50,"直路","機車優先道","柏油","濕潤","不良","無號誌","雙向禁止超車線","快慢車道分隔線","有",44,"不明",121.481393,25.009473,"新北市","平溪區"
"撞非固定設施","2023",2,3,18,"雨","夜間(或隧道、地下道、涵洞)有照明",50,"直路","機車優先道","柏油","濕潤","不良","無號誌","雙向禁止超車線","快慢車道分隔線","有",65,"",121.481393,25.009473,"新北市","平溪區"
"撞非固定設施","2023",2,3,18,"雨","夜間(或隧道、地下道、涵洞)有照明",50,"直路","機車優先道","柏油","濕潤","不良","無號誌","雙向禁止超車線","快慢車道分隔線","有",8,"非駕駛人",121.481393,25.009473,"新北市","平溪區"
"撞非固定設施","2023",2,3,18,"雨","夜間(或隧道、地下道、涵洞)有照明",50,"直路","機車優先道","柏油","濕潤","不良","無號誌","雙向禁止超車線","快慢車道分隔線","有",8,"非駕駛人",121.481393,25.009473,"新北市","平溪區"
"撞路樹、電桿","2023",2,3,18,"晴","夜間(或隧道、地下道、涵洞)有照明",30,"直路","一般車道(未劃分快慢車道)","柏油","乾燥","良好","無號誌","無","未繪設快慢車道分隔線","有",39,"不明",120.501845,24.146781,"彰化縣","伸港鄉"
"撞路樹、電桿","2023",2,3,19,"晴","夜間(或隧道、地下道、涵洞)有照明",60,"四岔路","交叉口附近","柏油","乾燥","良好","正常","中央分向島","未繪設快慢車道分隔線","有",43,"不明",120.927113,24.682141,"苗栗縣","三灣鄉"
"穿越道路中","2023",2,3,19,"陰","夜間(或隧道、地下道、涵洞)有照明",60,"四岔路","交叉路口內","柏油","乾燥","良好","正常","中央分向島","未繪設快慢車道分隔線","有",11,"非駕駛人",120.509977,24.13607,"彰化縣","和美鎮"
"穿越道路中","2023",2,3,19,"陰","夜間(或隧道、地下道、涵洞)有照明",60,"四岔路","交叉路口內","柏油","乾燥","良好","正常","中央分向島","未繪設快慢車道分隔線","有",43,"未使用",120.509977,24.13607,"彰化縣","和美鎮"
"穿越道路中","2023",2,3,19,"陰","夜間(或隧道、地下道、涵洞)有照明",60,"四岔路","交叉路口內","柏油","乾燥","良好","正常","中央分向島","未繪設快慢車道分隔線","有",44,"非駕駛人",120.509977,24.13607,"彰化縣","和美鎮"
"穿越道路中","2023",2,3,19,"陰","夜間(或隧道、地下道、涵洞)有照明",60,"四岔路","交叉路口內","柏油","乾燥","良好","正常","中央分向島","未繪設快慢車道分隔線","有",16,"非駕駛人",120.509977,24.13607,"彰化縣","和美鎮"
"穿越道路中","2023",2,3,19,"陰","夜間(或隧道、地下道、涵洞)有照明",60,"四岔路","交叉路口內","柏油","乾燥","良好","正常","中央分向島","未繪設快慢車道分隔線","有",14,"非駕駛人",120.509977,24.13607,"彰化縣","和美鎮"
"穿越道路中","2023",2,3,19,"陰","夜間(或隧道、地下道、涵洞)有照明",60,"四岔路","交叉路口內","柏油","乾燥","良好","正常","中央分向島","未繪設快慢車道分隔線","有",12,"非駕駛人",120.509977,24.13607,"彰化縣","和美鎮"
"穿越道路中","2023",2,3,22,"晴","日間自然光線",50,"直路","快車道","柏油","乾燥","良好","無號誌","雙向禁止超車線","快慢車道分隔線","有",29,"非駕駛人",120.3642,22.64242,"高雄市","鳳山區"
"穿越道路中","2023",2,3,22,"晴","日間自然光線",50,"直路","快車道","柏油","乾燥","良好","無號誌","雙向禁止超車線","快慢車道分隔線","有",42,"未使用",120.3642,22.64242,"高雄市","鳳山區"
"穿越道路中","2023",2,3,22,"晴","日間自然光線",50,"直路","快車道","柏油","乾燥","良好","無號誌","雙向禁止超車線","快慢車道分隔線","有",43,"未使用",120.3642,22.64242,"高雄市","鳳山區"
"撞路樹、電桿","2023",2,4,3,"晴","夜間(或隧道、地下道、涵洞)有照明",50,"彎曲路及附近","路肩、路緣","柏油","乾燥","良好","無號誌","雙向禁止超車線","未繪設快慢車道分隔線","有",22,"未使用",120.293429,23.136419,"臺南市","善化區"
"撞護欄(樁)","2023",2,4,4,"晴","夜間(或隧道、地下道、涵洞)有照明",30,"直路","路肩、路緣","柏油","乾燥","良好","無號誌","無","未繪設快慢車道分隔線","有",24,"未使用",120.225847,22.932222,"臺南市","仁德區"
"路上翻車、摔倒","2023",2,4,7,"晴","日間自然光線",50,"直路","路肩、路緣","柏油","乾燥","良好","無號誌","中央分向島","寛式快慢車道分隔島(50公分以上)","有",29,"未使用",120.132929,23.022794,"臺南市","南區"
"對撞","2023",2,4,12,"晴","日間自然光線",50,"直路","一般車道(未劃分快慢車道)","柏油","乾燥","良好","無號誌","行車分向線","未繪設快慢車道分隔線","有",78,"未使用",121.02295,24.860722,"新竹縣","湖口鄉"
"對撞","2023",2,4,12,"晴","日間自然光線",50,"直路","一般車道(未劃分快慢車道)","柏油","乾燥","良好","無號誌","行車分向線","未繪設快慢車道分隔線","有",33,"未使用",121.02295,24.860722,"新竹縣","湖口鄉"
"對撞","2023",2,4,12,"晴","日間自然光線",50,"直路","一般車道(未劃分快慢車道)","柏油","乾燥","良好","無號誌","行車分向線","未繪設快慢車道分隔線","有",35,"未使用",121.02295,24.860722,"新竹縣","湖口鄉"
"其他","2023",2,4,12,"陰","日間自然光線",30,"四岔路","交叉路口內","柏油","乾燥","良好","無號誌","無","未繪設快慢車道分隔線","無",50,"未使用",120.689274,24.134852,"臺中市","東區"
"其他","2023",2,4,12,"陰","日間自然光線",30,"四岔路","交叉路口內","柏油","乾燥","良好","無號誌","無","未繪設快慢車道分隔線","無",58,"非駕駛人",120.689274,24.134852,"臺中市","東區"
"同向擦撞","2023",2,4,17,"雨","日間自然光線",50,"直路","一般車道(未劃分快慢車道)","柏油","濕潤","良好","無號誌","中央分向島","未繪設快慢車道分隔線","有",61,"未使用",121.287291,25.064648,"桃園市","蘆竹區"
"同向擦撞","2023",2,4,17,"雨","日間自然光線",50,"直路","一般車道(未劃分快慢車道)","柏油","濕潤","良好","無號誌","中央分向島","未繪設快慢車道分隔線","有",56,"未使用",121.287291,25.064648,"桃園市","蘆竹區"
"其他","2023",2,4,22,"陰","夜間(或隧道、地下道、涵洞)有照明",40,"三岔路","交叉路口內","柏油","乾燥","良好","正常","無","未繪設快慢車道分隔線","無",42,"不明",120.576775,24.225471,"臺中市","沙鹿區"
"其他","2023",2,4,22,"陰","夜間(或隧道、地下道、涵洞)有照明",40,"三岔路","交叉路口內","柏油","乾燥","良好","正常","無","未繪設快慢車道分隔線","無",38,"未使用",120.576775,24.225471,"臺中市","沙鹿區"
"其他","2023",2,5,1,"晴","夜間(或隧道、地下道、涵洞)有照明",60,"三岔路","交叉口附近","柏油","乾燥","良好","正常","中央分向島","快慢車道分隔線","有",46,"未使用",120.708649,24.231206,"臺中市","潭子區"
"其他","2023",2,5,1,"晴","夜間(或隧道、地下道、涵洞)有照明",60,"三岔路","交叉口附近","柏油","乾燥","良好","正常","中央分向島","快慢車道分隔線","有",63,"未使用",120.708649,24.231206,"臺中市","潭子區"
"其他","2023",2,5,1,"晴","夜間(或隧道、地下道、涵洞)有照明",60,"三岔路","交叉口附近","柏油","乾燥","良好","正常","中央分向島","快慢車道分隔線","有",42,"非駕駛人",120.708649,24.231206,"臺中市","潭子區"
"穿越道路中","2023",2,5,6,"雨","晨或暮光",50,"直路","一般車道(未劃分快慢車道)","柏油","濕潤","良好","無號誌","雙向禁止超車線","未繪設快慢車道分隔線","有",84,"非駕駛人",120.926522,24.686753,"苗栗縣","頭份市"
"穿越道路中","2023",2,5,6,"雨","晨或暮光",50,"直路","一般車道(未劃分快慢車道)","柏油","濕潤","良好","無號誌","雙向禁止超車線","未繪設快慢車道分隔線","有",56,"未使用",120.926522,24.686753,"苗栗縣","頭份市"
"撞護欄(樁)","2023",2,5,6,"雨","日間自然光線",90,"高架道路","快車道","柏油","濕潤","良好","無號誌","中央分向島","未繪設快慢車道分隔線","有",39,"未使用",121.023603,24.994823,"桃園市","新屋區"
"撞交通島","2023",2,5,8,"雨","日間自然光線",50,"直路","一般車道(未劃分快慢車道)","柏油","濕潤","良好","無號誌","中央分向島","未繪設快慢車道分隔線","有",19,"未使用",121.066969,24.708344,"新竹縣","北埔鄉"
"其他","2023",2,5,12,"陰","日間自然光線",30,"四岔路","交叉路口內","柏油","濕潤","良好","無號誌","無","未繪設快慢車道分隔線","有",17,"未使用",121.768382,24.797535,"宜蘭縣","礁溪鄉"
"其他","2023",2,5,12,"陰","日間自然光線",30,"四岔路","交叉路口內","柏油","濕潤","良好","無號誌","無","未繪設快慢車道分隔線","有",42,"未使用",121.768382,24.797535,"宜蘭縣","礁溪鄉"
"穿越道路中","2023",2,5,17,"雨","夜間(或隧道、地下道、涵洞)有照明",50,"直路","一般車道(未劃分快慢車道)","柏油","濕潤","良好","無號誌","雙向禁止超車線","未繪設快慢車道分隔線","無",87,"非駕駛人",121.521578,25.057746,"臺北市","中山區"
"穿越道路中","2023",2,5,17,"雨","夜間(或隧道、地下道、涵洞)有照明",50,"直路","一般車道(未劃分快慢車道)","柏油","濕潤","良好","無號誌","雙向禁止超車線","未繪設快慢車道分隔線","無",19,"不明",121.521578,25.057746,"臺北市","中山區"
"側撞","2023",2,5,18,"雨","夜間(或隧道、地下道、涵洞)有照明",50,"多岔路","交叉路口內","柏油","濕潤","良好","正常","雙向禁止超車線","未繪設快慢車道分隔線","有",66,"未使用",121.510348,25.113069,"臺北市","北投區"
"側撞","2023",2,5,18,"雨","夜間(或隧道、地下道、涵洞)有照明",50,"多岔路","交叉路口內","柏油","濕潤","良好","正常","雙向禁止超車線","未繪設快慢車道分隔線","有",88,"未使用",121.510348,25.113069,"臺北市","北投區"
"撞交通島","2023",2,5,19,"雨","夜間(或隧道、地下道、涵洞)有照明",50,"三岔路","交叉路口內","柏油","濕潤","良好","正常","中央分向島","未繪設快慢車道分隔線","無",57,"不明",121.372349,25.084892,"新北市","林口區"
"其他","2023",2,5,19,"陰","夜間(或隧道、地下道、涵洞)有照明",70,"直路","一般車道(未劃分快慢車道)","柏油","乾燥","良好","無號誌","中央分向島","未繪設快慢車道分隔線","有",70,"非駕駛人",120.459157,24.124428,"彰化縣","線西鄉"
"其他","2023",2,5,19,"陰","夜間(或隧道、地下道、涵洞)有照明",70,"直路","一般車道(未劃分快慢車道)","柏油","乾燥","良好","無號誌","中央分向島","未繪設快慢車道分隔線","有",21,"未使用",120.459157,24.124428,"彰化縣","線西鄉"
"穿越道路中","2023",2,6,5,"雨","夜間(或隧道、地下道、涵洞)有照明",50,"四岔路","交叉路口內","柏油","濕潤","良好","正常","無","未繪設快慢車道分隔線","無",81,"非駕駛人",121.7224,25.120695,"基隆市","安樂區"
"穿越道路中","2023",2,6,5,"雨","夜間(或隧道、地下道、涵洞)有照明",50,"四岔路","交叉路口內","柏油","濕潤","良好","正常","無","未繪設快慢車道分隔線","無",52,"不明",121.7224,25.120695,"基隆市","安樂區"
"穿越道路中","2023",2,6,5,"雨","夜間(或隧道、地下道、涵洞)有照明",50,"四岔路","交叉路口內","柏油","濕潤","良好","正常","無","未繪設快慢車道分隔線","無",59,"不明",121.7224,25.120695,"基隆市","安樂區"
"同向擦撞","2023",2,6,10,"雨","日間自然光線",50,"直路","一般車道(未劃分快慢車道)","柏油","濕潤","良好","無號誌","行車分向線","快慢車道分隔線","有",49,"未使用",120.527012,23.863932,"彰化縣","北斗鎮"
"同向擦撞","2023",2,6,10,"雨","日間自然光線",50,"直路","一般車道(未劃分快慢車道)","柏油","濕潤","良好","無號誌","行車分向線","快慢車道分隔線","有",71,"未使用",120.527012,23.863932,"彰化縣","北斗鎮"
"路口交岔撞","2023",2,7,2,"晴","夜間(或隧道、地下道、涵洞)有照明",40,"三岔路","交叉路口內","柏油","乾燥","良好","正常","無","未繪設快慢車道分隔線","無",38,"未使用",120.426778,23.488751,"嘉義市","西區"
"路口交岔撞","2023",2,7,2,"晴","夜間(或隧道、地下道、涵洞)有照明",40,"三岔路","交叉路口內","柏油","乾燥","良好","正常","無","未繪設快慢車道分隔線","無",21,"不明",120.426778,23.488751,"嘉義市","西區"
"側撞","2023",2,7,7,"晴","日間自然光線",50,"四岔路","交叉路口內","柏油","乾燥","良好","正常","中央分向島","快慢車道分隔線","有",80,"未使用",120.466775,22.584626,"屏東縣","萬丹鄉"
"側撞","2023",2,7,7,"晴","日間自然光線",50,"四岔路","交叉路口內","柏油","乾燥","良好","正常","中央分向島","快慢車道分隔線","有",31,"未使用",120.466775,22.584626,"屏東縣","萬丹鄉"
"穿越道路中","2023",2,7,7,"陰","日間自然光線",40,"三岔路","交叉路口內","柏油","濕潤","良好","正常","中央分向島","未繪設快慢車道分隔線","無",45,"未使用",121.533866,25.030586,"臺北市","大安區"
"穿越道路中","2023",2,7,7,"陰","日間自然光線",40,"三岔路","交叉路口內","柏油","濕潤","良好","正常","中央分向島","未繪設快慢車道分隔線","無",81,"非駕駛人",121.533866,25.030586,"臺北市","大安區"
"撞號誌、標誌桿","2023",2,7,14,"晴","日間自然光線",40,"四岔路","交叉口附近","柏油","乾燥","良好","正常","無","未繪設快慢車道分隔線","無",51,"未使用",120.443483,22.721155,"高雄市","大樹區"
"撞號誌、標誌桿","2023",2,7,14,"晴","日間自然光線",40,"四岔路","交叉口附近","柏油","乾燥","良好","正常","無","未繪設快慢車道分隔線","無",112,"",120.443483,22.721155,"高雄市","大樹區"
"撞號誌、標誌桿","2023",2,7,14,"晴","日間自然光線",40,"四岔路","交叉口附近","柏油","乾燥","良好","正常","無","未繪設快慢車道分隔線","無",15,"非駕駛人",120.443483,22.721155,"高雄市","大樹區"
"撞護欄(樁)","2023",2,7,16,"晴","日間自然光線",90,"直路","快車道","柏油","乾燥","良好","無號誌","中央分向島","未繪設快慢車道分隔線","有",33,"未使用",121.520894,24.973851,"新北市","新店區"
"追撞","2023",2,7,19,"晴","夜間(或隧道、地下道、涵洞)有照明",60,"直路","機車專用道","柏油","乾燥","良好","無號誌","中央分向島","快慢車道分隔線","有",42,"未使用",120.532587,22.644339,"屏東縣","麟洛鄉"
"追撞","2023",2,7,19,"晴","夜間(或隧道、地下道、涵洞)有照明",60,"直路","機車專用道","柏油","乾燥","良好","無號誌","中央分向島","快慢車道分隔線","有",59,"未使用",120.532587,22.644339,"屏東縣","麟洛鄉"