"事故類型及型態子類別名稱","發生年度","發生月份","發生日期","發生時間","天候名稱","光線名稱","速限.第1當事者","道路型態子類別名稱","事故位置子類別名稱","路面狀況.路面鋪裝名稱","路面狀況.路面狀態名稱","道路障礙.視距品質名稱","號誌.號誌動作名稱","車道劃分設施.分向設施大類別名稱","車道劃分設施.分道設施.快慢車道間名稱","車道劃分設施.分道設施.路面邊線名稱","當事者事故發生時年齡","行動電話或電腦或其他相類功能裝置名稱","經度","緯度","縣市","鄉鎮"
"其他","2023",2,15,20,"晴","夜間(或隧道、地下道、涵洞)無照明",60,"直路","慢車道","柏油","乾燥","良好","無號誌","雙向禁止超車線","快慢車道分隔線","有",17,"未使用",121.675658,24.709678,"宜蘭縣","員山鄉"
"路口交岔撞","2023",2,16,13,"陰","日間自然光線",60,"三岔路","交叉路口內","柏油","乾燥","良好","正常","無","未繪設快慢車道分隔線","無",75,"未使用",121.544873,23.941272,"花蓮縣","吉安鄉"
"路口交岔撞","2023",2,16,13,"陰","日間自然光線",60,"三岔路","交叉路口內","柏油","乾燥","良好","正常","無","未繪設快慢車道分隔線","無",75,"未使用",121.544873,23.941272,"花蓮縣","吉安鄉"
"路口交岔撞","2023",2,16,16,"晴","日間自然光線",50,"四岔路","交叉路口內","柏油","乾燥","良好","無號誌","無","未繪設快慢車道分隔線","有",63,"未使用",121.021763,24.930817,"新竹縣","新豐鄉"
"路口交岔撞","2023",2,16,16,"晴","日間自然光線",50,"四岔路","交叉路口內","柏油","乾燥","良好","無號誌","無","未繪設快慢車道分隔線","有",31,"未使用",121.021763,24.930817,"新竹縣","新豐鄉"
"路口交岔撞","2023",2,16,16,"晴","日間自然光線",50,"四岔路","交叉路口內","柏油","乾燥","良好","無號誌","無","未繪設快慢車道分隔線","有",48,"未使用",121.021763,24.930817,"新竹縣","新豐鄉"
"側撞","2023",2,16,19,"晴","夜間(或隧道、地下道、涵洞)有照明",50,"三岔路","交叉路口內","柏油","乾燥","良好","正常","無","未繪設快慢車道分隔線","無",19,"未使用",121.182633,25.039043,"桃園市","大園區"
"側撞","2023",2,16,19,"晴","夜間(或隧道、地下道、涵洞)有照明",50,"三岔路","交叉路口內","柏油","乾燥","良好","正常","無","未繪設快慢車道分隔線","無",22,"未使用",121.182633,25.039043,"桃園市","大園區"
"側撞","2023",2,16,19,"晴","夜間(或隧道、地下道、涵洞)有照明",50,"三岔路","交叉路口內","柏油","乾燥","良好","正常","無","未繪設快慢車道分隔線","無",19,"未使用",121.182633,25.039043,"桃園市","大園區"
"側撞","2023",2,16,21,"晴","日間自然光線",50,"四岔路","交叉路口內","柏油","乾燥","良好","正常","中央分向島","快慢車道分隔線","有",68,"未使用",120.3303,22.67777,"高雄市","仁武區"
"側撞","2023",2,16,21,"晴","日間自然光線",50,"四岔路","交叉路口內","柏油","乾燥","良好","正常","中央分向島","快慢車道分隔線","有",27,"未使用",120.3303,22.67777,"高雄市","仁武區"
"撞路樹、電桿","2023",2,16,22,"晴","夜間(或隧道、地下道、涵洞)有照明",50,"三岔路","交叉口附近","柏油","乾燥","良好","無號誌","雙向禁止超車線","未繪設快慢車道分隔線","有",22,"不明",120.712721,24.041824,"臺中市","霧峰區"
"路上翻車、摔倒","2023",2,17,7,"晴","日間自然光線",30,"坡路","一般車道(未劃分快慢車道)","柏油","乾燥","良好","無號誌","雙向禁止超車線","未繪設快慢車道分隔線","有",28,"不明",120.650681,22.882368,"高雄市","茂林區"
"路上翻車、摔倒","2023",2,17,7,"晴","日間自然光線",30,"坡路","一般車道(未劃分快慢車道)","柏油","乾燥","良好","無號誌","雙向禁止超車線","未繪設快慢車道分隔線","有",112,"",120.650681,22.882368,"高雄市","茂林區"
"側撞","2023",2,17,13,"晴","日間自然光線",50,"四岔路","交叉路口內","柏油","乾燥","良好","正常","無","未繪設快慢車道分隔線","無",44,"未使用",121.59449,23.936458,"花蓮縣","吉安鄉"
"側撞","2023",2,17,13,"晴","日間自然光線",50,"四岔路","交叉路口內","柏油","乾燥","良好","正常","無","未繪設快慢車道分隔線","無",19,"未使用",121.59449,23.936458,"花蓮縣","吉安鄉"
"撞路樹、電桿","2023",2,17,15,"晴","日間自然光線",50,"直路","其他","柏油","乾燥","良好","正常","雙向禁止超車線","未繪設快慢車道分隔線","有",57,"不明",120.28458,23.456071,"嘉義縣","朴子市"
"追撞","2023",2,18,12,"晴","日間自然光線",60,"直路","慢車道","柏油","乾燥","不良","無號誌","中央分向島","快慢車道分隔線","有",21,"未使用",120.3486,22.69467,"高雄市","仁武區"
"追撞","2023",2,18,12,"晴","日間自然光線",60,"直路","慢車道","柏油","乾燥","不良","無號誌","中央分向島","快慢車道分隔線","有",61,"不明",120.3486,22.69467,"高雄市","仁武區"
"路口交岔撞","2023",2,18,13,"晴","日間自然光線",50,"四岔路","交叉路口內","柏油","乾燥","良好","無號誌","無","未繪設快慢車道分隔線","無",69,"不明",121.23475,25.110494,"桃園市","大園區"
"路口交岔撞","2023",2,18,13,"晴","日間自然光線",50,"四岔路","交叉路口內","柏油","乾燥","良好","無號誌","無","未繪設快慢車道分隔線","無",18,"使用手持或有礙駕駛安全",121.23475,25.110494,"桃園市","大園區"
"路口交岔撞","2023",2,18,19,"晴","夜間(或隧道、地下道、涵洞)有照明",40,"四岔路","交叉口附近","柏油","乾燥","良好","正常","雙向禁止超車線","未繪設快慢車道分隔線","無",75,"未使用",120.326486,22.729011,"高雄市","楠梓區"
"路口交岔撞","2023",2,18,19,"晴","夜間(或隧道、地下道、涵洞)有照明",40,"四岔路","交叉口附近","柏油","乾燥","良好","正常","雙向禁止超車線","未繪設快慢車道分隔線","無",23,"未使用",120.326486,22.729011,"高雄市","楠梓區"
"側撞","2023",2,18,19,"晴","夜間(或隧道、地下道、涵洞)有照明",50,"直路","一般車道(未劃分快慢車道)","柏油","乾燥","良好","無號誌","雙向禁止超車線","未繪設快慢車道分隔線","有",81,"未使用",121.078311,22.7887,"臺東縣","卑南鄉"
"側撞","2023",2,18,19,"晴","夜間(或隧道、地下道、涵洞)有照明",50,"直路","一般車道(未劃分快慢車道)","柏油","乾燥","良好","無號誌","雙向禁止超車線","未繪設快慢車道分隔線","有",21,"未使用",121.078311,22.7887,"臺東縣","卑南鄉"
"側撞","2023",2,18,19,"晴","夜間(或隧道、地下道、涵洞)有照明",50,"直路","一般車道(未劃分快慢車道)","柏油","乾燥","良好","無號誌","雙向禁止超車線","未繪設快慢車道分隔線","有",50,"不明",121.078311,22.7887,"臺東縣","卑南鄉"
"側撞","2023",2,18,19,"晴","夜間(或隧道、地下道、涵洞)有照明",50,"直路","一般車道(未劃分快慢車道)","柏油","乾燥","良好","無號誌","雙向禁止超車線","未繪設快慢車道分隔線","有",35,"不明",121.078311,22.7887,"臺東縣","卑南鄉"
"側撞","2023",2,18,19,"晴","夜間(或隧道、地下道、涵洞)有照明",50,"直路","一般車道(未劃分快慢車道)","柏油","乾燥","良好","無號誌","雙向禁止超車線","未繪設快慢車道分隔線","有",39,"不明",121.078311,22.7887,"臺東縣","卑南鄉"
"側撞","2023",2,18,19,"晴","夜間(或隧道、地下道、涵洞)有照明",50,"直路","一般車道(未劃分快慢車道)","柏油","乾燥","良好","無號誌","雙向禁止超車線","未繪設快慢車道分隔線","有",23,"非駕駛人",121.078311,22.7887,"臺東縣","卑南鄉"
"對撞","2023",2,18,20,"晴","夜間(或隧道、地下道、涵洞)有照明",50,"彎曲路及附近","一般車道(未劃分快慢車道)","柏油","乾燥","良好","無號誌","雙向禁止超車線","未繪設快慢車道分隔線","有",20,"不明",120.5414,22.9745,"高雄市","杉林區"
"對撞","2023",2,18,20,"晴","夜間(或隧道、地下道、涵洞)有照明",50,"彎曲路及附近","一般車道(未劃分快慢車道)","柏油","乾燥","良好","無號誌","雙向禁止超車線","未繪設快慢車道分隔線","有",32,"未使用",120.5414,22.9745,"高雄市","杉林區"
"撞路樹、電桿","2023",2,19,0,"晴","夜間(或隧道、地下道、涵洞)有照明",50,"直路","路肩、路緣","柏油","乾燥","良好","無號誌","雙向禁止超車線","未繪設快慢車道分隔線","有",18,"不明",120.241319,23.153782,"臺南市","麻豆區"
"撞路樹、電桿","2023",2,19,0,"晴","夜間(或隧道、地下道、涵洞)有照明",50,"直路","路肩、路緣","柏油","乾燥","良好","無號誌","雙向禁止超車線","未繪設快慢車道分隔線","有",18,"非駕駛人",120.241319,23.153782,"臺南市","麻豆區"
"追撞","2023",2,19,1,"霧或煙","夜間(或隧道、地下道、涵洞)有照明",50,"直路","慢車道","柏油","乾燥","不良","無號誌","中央分向島","快慢車道分隔線","有",46,"未使用",120.265242,23.464675,"嘉義縣","朴子市"
"追撞","2023",2,19,1,"霧或煙","夜間(或隧道、地下道、涵洞)有照明",50,"直路","慢車道","柏油","乾燥","不良","無號誌","中央分向島","快慢車道分隔線","有",49,"未使用",120.265242,23.464675,"嘉義縣","朴子市"
"側撞","2023",2,19,13,"晴","日間自然光線",50,"四岔路","交叉路口內","柏油","乾燥","良好","正常","中央分向島","未繪設快慢車道分隔線","有",38,"未使用",120.33221,23.123581,"臺南市","善化區"
"側撞","2023",2,19,13,"晴","日間自然光線",50,"四岔路","交叉路口內","柏油","乾燥","良好","正常","中央分向島","未繪設快慢車道分隔線","有",38,"未使用",120.33221,23.123581,"臺南市","善化區"
"對向擦撞","2023",2,19,14,"晴","日間自然光線",30,"直路","一般車道(未劃分快慢車道)","柏油","乾燥","良好","無號誌","無","未繪設快慢車道分隔線","有",20,"未使用",120.620127,22.333417,"屏東縣","枋山鄉"
"對向擦撞","2023",2,19,14,"晴","日間自然光線",30,"直路","一般車道(未劃分快慢車道)","柏油","乾燥","良好","無號誌","無","未繪設快慢車道分隔線","有",22,"未使用",120.620127,22.333417,"屏東縣","枋山鄉"
"對向擦撞","2023",2,19,14,"晴","日間自然光線",30,"直路","一般車道(未劃分快慢車道)","柏油","乾燥","良好","無號誌","無","未繪設快慢車道分隔線","有",26,"未使用",120.620127,22.333417,"屏東縣","枋山鄉"
"對向擦撞","2023",2,19,14,"晴","日間自然光線",30,"直路","一般車道(未劃分快慢車道)","柏油","乾燥","良好","無號誌","無","未繪設快慢車道分隔線","有",31,"未使用",120.620127,22.333417,"屏東縣","枋山鄉"
"其他","2023",2,19,15,"晴","日間自然光線",50,"四岔路","交叉口附近","柏油","乾燥","良好","正常","雙向禁止超車線","未繪設快慢車道分隔線","有",42,"未使用",120.459293,23.605974,"嘉義縣","大林鎮"
"其他","2023",2,19,15,"晴","日間自然光線",50,"四岔路","交叉口附近","柏油","乾燥","良好","正常","雙向禁止超車線","未繪設快慢車道分隔線","有",61,"未使用",120.459293,23.605974,"嘉義縣","大林鎮"
"追撞","2023",2,19,18,"晴","夜間(或隧道、地下道、涵洞)有照明",60,"直路","慢車道","柏油","乾燥","良好","無號誌","雙向禁止超車線","快慢車道分隔線","有",42,"未使用",120.549557,23.625238,"雲林縣","古坑鄉"
"追撞","2023",2,19,18,"晴","夜間(或隧道、地下道、涵洞)有照明",60,"直路","慢車道","柏油","乾燥","良好","無號誌","雙向禁止超車線","快慢車道分隔線","有",55,"未使用",120.549557,23.625238,"雲林縣","古坑鄉"
"撞橋樑、建築物","2023",2,20,1,"晴","夜間(或隧道、地下道、涵洞)有照明",40,"其他","其他","柏油","乾燥","良好","無號誌","無","未繪設快慢車道分隔線","無",51,"未使用",121.818033,24.851543,"宜蘭縣","頭城鎮"
"撞橋樑、建築物","2023",2,20,1,"晴","夜間(或隧道、地下道、涵洞)有照明",40,"其他","其他","柏油","乾燥","良好","無號誌","無","未繪設快慢車道分隔線","無",43,"非駕駛人",121.818033,24.851543,"宜蘭縣","頭城鎮"
"在路上作業中","2023",2,20,10,"晴","日間自然光線",90,"直路","路肩、路緣","柏油","乾燥","良好","無號誌","中央分向島","未繪設快慢車道分隔線","有",28,"未使用",120.584723,24.09996,"彰化縣","彰化市"
"在路上作業中","2023",2,20,10,"晴","日間自然光線",90,"直路","路肩、路緣","柏油","乾燥","良好","無號誌","中央分向島","未繪設快慢車道分隔線","有",60,"非駕駛人",120.584723,24.09996,"彰化縣","彰化市"
"在路上作業中","2023",2,20,10,"晴","日間自然光線",90,"直路","路肩、路緣","柏油","乾燥","良好","無號誌","中央分向島","未繪設快慢車道分隔線","有",60,"不明",120.584723,24.09996,"彰化縣","彰化市"
"追撞","2023",2,20,10,"晴","日間自然光線",90,"直路","快車道","柏油","乾燥","良好","無號誌","中央分向島","未繪設快慢車道分隔線","有",43,"未使用",120.870717,24.702999,"苗栗縣","竹南鎮"
"追撞","2023",2,20,10,"晴","日間自然光線",90,"直路","快車道","柏油","乾燥","良好","無號誌","中央分向島","未繪設快慢車道分隔線","有",52,"未使用",120.870717,24.702999,"苗栗縣","竹南鎮"
"追撞","2023",2,20,10,"晴","日間自然光線",90,"直路","快車道","柏油","乾燥","良好","無號誌","中央分向島","未繪設快慢車道分隔線","有",60,"未使用",120.870717,24.702999,"苗栗縣","竹南鎮"
"追撞","2023",2,20,10,"晴","日間自然光線",90,"直路","快車道","柏油","乾燥","良好","無號誌","中央分向島","未繪設快慢車道分隔線","有",48,"未使用",120.870717,24.702999,"苗栗縣","竹南鎮"
"追撞","2023",2,20,10,"晴","日間自然光線",90,"直路","快車道","柏油","乾燥","良好","無號誌","中央分向島","未繪設快慢車道分隔線","有",27,"未使用",120.870717,24.702999,"苗栗縣","竹南鎮"
"追撞","2023",2,20,10,"晴","日間自然光線",90,"直路","快車道","柏油","乾燥","良好","無號誌","中央分向島","未繪設快慢車道分隔線","有",50,"未使用",120.870717,24.702999,"苗栗縣","竹南鎮"
"追撞","2023",2,20,10,"晴","日間自然光線",90,"直路","快車道","柏油","乾燥","良好","無號誌","中央分向島","未繪設快慢車道分隔線","有",60,"未使用",120.870717,24.702999,"苗栗縣","竹南鎮"
"追撞","2023",2,20,10,"晴","日間自然光線",90,"直路","快車道","柏油","乾燥","良好","無號誌","中央分向島","未繪設快慢車道分隔線","有",44,"未使用",120.870717,24.702999,"苗栗縣","竹南鎮"
"追撞","2023",2,20,10,"晴","日間自然光線",90,"直路","快車道","柏油","乾燥","良好","無號誌","中央分向島","未繪設快慢車道分隔線","有",59,"非駕駛人",120.870717,24.702999,"苗栗縣","竹南鎮"
"追撞","2023",2,20,10,"晴","日間自然光線",90,"直路","快車道","柏油","乾燥","良好","無號誌","中央分向島","未繪設快慢車道分隔線","有",51,"非駕駛人",120.870717,24.702999,"苗栗縣","竹南鎮"
"追撞","2023",2,20,10,"晴","日間自然光線",90,"直路","快車道","柏油","乾燥","良好","無號誌","中央分向島","未繪設快慢車道分隔線","有",54,"非駕駛人",120.870717,24.702999,"苗栗縣","竹南鎮"
"側撞","2023",2,20,12,"晴","日間自然光線",50,"四岔路","交叉路口內","柏油","乾燥","良好","正常","無","未繪設快慢車道分隔線","無",72,"未使用",120.213583,23.029743,"臺南市","南區"
"側撞","2023",2,20,12,"晴","日間自然光線",50,"四岔路","交叉路口內","柏油","乾燥","良好","正常","無","未繪設快慢車道分隔線","無",27,"未使用",120.213583,23.029743,"臺南市","南區"
"穿越道路中","2023",2,20,17,"晴","日間自然光線",50,"四岔路","交叉路口內","柏油","乾燥","良好","無號誌","無","未繪設快慢車道分隔線","無",52,"非駕駛人",120.693593,24.14798,"臺中市","東區"
"穿越道路中","2023",2,20,17,"晴","日間自然光線",50,"四岔路","交叉路口內","柏油","乾燥","良好","無號誌","無","未繪設快慢車道分隔線","無",44,"未使用",120.693593,24.14798,"臺中市","東區"
"路口交岔撞","2023",2,21,8,"陰","日間自然光線",40,"四岔路","交叉路口內","柏油","乾燥","良好","無號誌","無","未繪設快慢車道分隔線","有",69,"未使用",121.755042,24.794729,"宜蘭縣","礁溪鄉"
"路口交岔撞","2023",2,21,8,"陰","日間自然光線",40,"四岔路","交叉路口內","柏油","乾燥","良好","無號誌","無","未繪設快慢車道分隔線","有",55,"未使用",121.755042,24.794729,"宜蘭縣","礁溪鄉"
"路口交岔撞","2023",2,21,8,"陰","日間自然光線",40,"四岔路","交叉路口內","柏油","乾燥","良好","無號誌","無","未繪設快慢車道分隔線","有",66,"非駕駛人",121.755042,24.794729,"宜蘭縣","礁溪鄉"
"路口交岔撞","2023",2,21,8,"陰","日間自然光線",40,"四岔路","交叉路口內","柏油","乾燥","良好","無號誌","無","未繪設快慢車道分隔線","有",5,"非駕駛人",121.755042,24.794729,"宜蘭縣","礁溪鄉"
"路口交岔撞","2023",2,21,8,"陰","日間自然光線",40,"四岔路","交叉路口內","柏油","乾燥","良好","無號誌","無","未繪設快慢車道分隔線","有",4,"非駕駛人",121.755042,24.794729,"宜蘭縣","礁溪鄉"
"路口交岔撞","2023",2,21,8,"陰","日間自然光線",40,"四岔路","交叉路口內","柏油","乾燥","良好","無號誌","無","未繪設快慢車道分隔線","有",4,"非駕駛人",121.755042,24.794729,"宜蘭縣","礁溪鄉"
"倒車撞","2023",2,21,19,"晴","夜間(或隧道、地下道、涵洞)有照明",60,"直路","一般車道(未劃分快慢車道)","柏油","乾燥","良好","無號誌","行車分向線","未繪設快慢車道分隔線","有",50,"不明",120.65304,23.760197,"南投縣","竹山鎮"
"倒車撞","2023",2,21,19,"晴","夜間(或隧道、地下道、涵洞)有照明",60,"直路","一般車道(未劃分快慢車道)","柏油","乾燥","良好","無號誌","行車分向線","未繪設快慢車道分隔線","有",36,"未使用",120.65304,23.760197,"南投縣","竹山鎮"
"同向擦撞","2023",2,22,7,"晴","日間自然光線",70,"直路","慢車道","柏油","乾燥","良好","正常","行車分向線","快慢車道分隔線","有",58,"不明",120.508269,23.863455,"彰化縣","溪州鄉"
"同向擦撞","2023",2,22,7,"晴","日間自然光線",70,"直路","慢車道","柏油","乾燥","良好","正常","行車分向線","快慢車道分隔線","有",79,"不明",120.508269,23.863455,"彰化縣","溪州鄉"
"側撞","2023",2,22,7,"晴","日間自然光線",50,"三岔路","交叉路口內","柏油","乾燥","良好","無號誌","無","未繪設快慢車道分隔線","無",69,"未使用",121.21127,23.125061,"臺東縣","池上鄉"
"側撞","2023",2,22,7,"晴","日間自然光線",50,"三岔路","交叉路口內","柏油","乾燥","良好","無號誌","無","未繪設快慢車道分隔線","無",35,"未使用",121.21127,23.125061,"臺東縣","池上鄉"
"側撞","2023",2,22,7,"晴","日間自然光線",50,"三岔路","交叉路口內","柏油","乾燥","良好","無號誌","無","未繪設快慢車道分隔線","無",64,"非駕駛人",121.21127,23.125061,"臺東縣","池上鄉"
"側撞","2023",2,22,7,"晴","日間自然光線",50,"三岔路","交叉路口內","柏油","乾燥","良好","無號誌","無","未繪設快慢車道分隔線","無",43,"非駕駛人",121.21127,23.125061,"臺東縣","池上鄉"
"側撞","2023",2,22,10,"晴","日間自然光線",50,"四岔路","交叉路口內","柏油","乾燥","良好","正常","無","未繪設快慢車道分隔線","無",81,"未使用",120.343853,23.404838,"嘉義縣","鹿草鄉"
"側撞","2023",2,22,10,"晴","日間自然光線",50,"四岔路","交叉路口內","柏油","乾燥","良好","正常","無","未繪設快慢車道分隔線","無",30,"未使用",120.343853,23.404838,"嘉義縣","鹿草鄉"
"衝出路外","2023",2,22,12,"晴","日間自然光線",50,"直路","路肩、路緣","柏油","乾燥","良好","無號誌","中央分向島","未繪設快慢車道分隔線","有",56,"不明",120.319215,23.455944,"嘉義縣","太保市"
"路口交岔撞","2023",2,22,15,"晴","日間自然光線",30,"四岔路","交叉路口內","柏油","乾燥","良好","無號誌","無","未繪設快慢車道分隔線","無",29,"不明",120.417182,23.446133,"嘉義縣","水上鄉"
"路口交岔撞","2023",2,22,15,"晴","日間自然光線",30,"四岔路","交叉路口內","柏油","乾燥","良好","無號誌","無","未繪設快慢車道分隔線","無",56,"不明",120.417182,23.446133,"嘉義縣","水上鄉"
"撞路樹、電桿","2023",2,22,20,"晴","夜間(或隧道、地下道、涵洞)有照明",50,"直路","慢車道","柏油","乾燥","良好","無號誌","中央分向島","寛式快慢車道分隔島(50公分以上)","有",25,"不明",120.289454,22.919477,"臺南市","歸仁區"
"撞護欄(樁)","2023",2,22,20,"晴","夜間(或隧道、地下道、涵洞)有照明",40,"彎曲路及附近","慢車道","柏油","乾燥","良好","無號誌","中央分向島","快慢車道分隔線","有",59,"未使用",120.865808,24.701431,"苗栗縣","竹南鎮"
"對撞","2023",2,22,23,"雨","夜間(或隧道、地下道、涵洞)有照明",50,"三岔路","交叉口附近","柏油","濕潤","良好","無號誌","行車分向線","未繪設快慢車道分隔線","有",23,"不明",121.233551,25.094089,"桃園市","大園區"
"對撞","2023",2,22,23,"雨","夜間(或隧道、地下道、涵洞)有照明",50,"三岔路","交叉口附近","柏油","濕潤","良好","無號誌","行車分向線","未繪設快慢車道分隔線","有",26,"未使用",121.233551,25.094089,"桃園市","大園區"
"對撞","2023",2,22,23,"雨","夜間(或隧道、地下道、涵洞)有照明",50,"三岔路","交叉口附近","柏油","濕潤","良好","無號誌","行車分向線","未繪設快慢車道分隔線","有",40,"非駕駛人",121.233551,25.094089,"桃園市","大園區"
"對撞","2023",2,22,23,"雨","夜間(或隧道、地下道、涵洞)有照明",50,"三岔路","交叉口附近","柏油","濕潤","良好","無號誌","行車分向線","未繪設快慢車道分隔線","有",39,"非駕駛人",121.233551,25.094089,"桃園市","大園區"
"對撞","2023",2,22,23,"雨","夜間(或隧道、地下道、涵洞)有照明",50,"三岔路","交叉口附近","柏油","濕潤","良好","無號誌","行車分向線","未繪設快慢車道分隔線","有",27,"未使用",121.233551,25.094089,"桃園市","大園區"
"撞號誌、標誌桿","2023",2,22,23,"晴","夜間(或隧道、地下道、涵洞)有照明",40,"直路","慢車道","柏油","乾燥","良好","無號誌","中央分向島","快慢車道分隔線","無",45,"未使用",120.3453,22.59367,"高雄市","鳳山區"
"撞號誌、標誌桿","2023",2,22,23,"晴","夜間(或隧道、地下道、涵洞)有照明",40,"直路","慢車道","柏油","乾燥","良好","無號誌","中央分向島","快慢車道分隔線","無",112,"",120.3453,22.59367,"高雄市","鳳山區"
"撞號誌、標誌桿","2023",2,22,23,"晴","夜間(或隧道、地下道、涵洞)有照明",40,"直路","慢車道","柏油","乾燥","良好","無號誌","中央分向島","快慢車道分隔線","無",16,"非駕駛人",120.3453,22.59367,"高雄市","鳳山區"
"撞路樹、電桿","2023",2,23,7,"晴","日間自然光線",50,"直路","路肩、路緣","柏油","乾燥","良好","無號誌","雙向禁止超車線","未繪設快慢車道分隔線","有",39,"不明",120.69465,23.821783,"南投縣","名間鄉"
"路口交岔撞","2023",2,23,8,"陰","日間自然光線",30,"四岔路","交叉路口內","柏油","濕潤","良好","無號誌","無","未繪設快慢車道分隔線","無",44,"未使用",121.094556,24.98667,"桃園市","新屋區"
"路口交岔撞","2023",2,23,8,"陰","日間自然光線",30,"四岔路","交叉路口內","柏油","濕潤","良好","無號誌","無","未繪設快慢車道分隔線","無",35,"未使用",121.094556,24.98667,"桃園市","新屋區"
"側撞","2023",2,23,9,"晴","日間自然光線",50,"直路","一般車道(未劃分快慢車道)","柏油","乾燥","良好","無號誌","雙向禁止超車線","未繪設快慢車道分隔線","有",40,"不明",120.222735,22.91791,"臺南市","仁德區"
"側撞","2023",2,23,9,"晴","日間自然光線",50,"直路","一般車道(未劃分快慢車道)","柏油","乾燥","良好","無號誌","雙向禁止超車線","未繪設快慢車道分隔線","有",65,"不明",120.222735,22.91791,"臺南市","仁德區"
"側撞","2023",2,23,9,"晴","日間自然光線",50,"直路","一般車道(未劃分快慢車道)","柏油","乾燥","良好","無號誌","雙向禁止超車線","未繪設快慢車道分隔線","有",63,"不明",120.222735,22.91791,"臺南市","仁德區"
"追撞","2023",2,23,9,"晴","日間自然光線",50,"直路","其他","柏油","乾燥","不良","無號誌","中央分向島","快慢車道分隔線","有",55,"不明",120.696921,23.848506,"南投縣","名間鄉"
"追撞","2023",2,23,9,"晴","日間自然光線",50,"直路","其他","柏油","乾燥","不良","無號誌","中央分向島","快慢車道分隔線","有",63,"不明",120.696921,23.848506,"南投縣","名間鄉"
"路口交岔撞","2023",2,23,12,"晴","日間自然光線",40,"四岔路","交叉路口內","柏油","乾燥","良好","無號誌","無","未繪設快慢車道分隔線","無",82,"未使用",120.203805,23.446107,"嘉義縣","布袋鎮"
"路口交岔撞","2023",2,23,12,"晴","日間自然光線",40,"四岔路","交叉路口內","柏油","乾燥","良好","無號誌","無","未繪設快慢車道分隔線","無",35,"未使用",120.203805,23.446107,"嘉義縣","布袋鎮"
"追撞","2023",2,23,20,"陰","夜間(或隧道、地下道、涵洞)有照明",50,"直路","一般車道(未劃分快慢車道)","柏油","乾燥","良好","無號誌","雙向禁止超車線","未繪設快慢車道分隔線","有",36,"未使用",121.543108,23.665318,"花蓮縣","豐濱鄉"
"追撞","2023",2,23,20,"陰","夜間(或隧道、地下道、涵洞)有照明",50,"直路","一般車道(未劃分快慢車道)","柏油","乾燥","良好","無號誌","雙向禁止超車線","未繪設快慢車道分隔線","有",57,"不明",121.543108,23.665318,"花蓮縣","豐濱鄉"
"撞交通島","2023",2,24,5,"晴","夜間(或隧道、地下道、涵洞)有照明",50,"直路","一般車道(未劃分快慢車道)","柏油","乾燥","良好","無號誌","中央分向島","未繪設快慢車道分隔線","有",20,"未使用",120.238922,23.053288,"臺南市","南區"
"對撞","2023",2,24,8,"霧或煙","日間自然光線",40,"三岔路","交叉口附近","柏油","乾燥","不良","無號誌","雙向禁止超車線","未繪設快慢車道分隔線","有",63,"未使用",120.547029,23.225171,"嘉義縣","大埔鄉"
"對撞","2023",2,24,8,"霧或煙","日間自然光線",40,"三岔路","交叉口附近","柏油","乾燥","不良","無號誌","雙向禁止超車線","未繪設快慢車道分隔線","有",69,"未使用",120.547029,23.225171,"嘉義縣","大埔鄉"
"對撞","2023",2,24,8,"霧或煙","日間自然光線",40,"三岔路","交叉口附近","柏油","乾燥","不良","無號誌","雙向禁止超車線","未繪設快慢車道分隔線","有",64,"未使用",120.547029,23.225171,"嘉義縣","大埔鄉"
"同向擦撞","2023",2,24,10,"晴","日間自然光線",50,"直路","一般車道(未劃分快慢車道)","柏油","乾燥","良好","無號誌","雙向禁止超車線","未繪設快慢車道分隔線","有",48,"不明",121.385511,25.076237,"新北市","林口區"
"同向擦撞","2023",2,24,10,"晴","日間自然光線",50,"直路","一般車道(未劃分快慢車道)","柏油","乾燥","良好","無號誌","雙向禁止超車線","未繪設快慢車道分隔線","有",28,"不明",121.385511,25.076237,"新北市","林口區"
"同向擦撞","2023",2,24,10,"晴","日間自然光線",50,"直路","一般車道(未劃分快慢車道)","柏油","乾燥","良好","無號誌","雙向禁止超車線","未繪設快慢車道分隔線","有",51,"不明",121.385511,25.076237,"新北市","林口區"
"撞護欄(樁)","2023",2,24,16,"晴","日間自然光線",30,"彎曲路及附近","路肩、路緣","柏油","乾燥","良好","無號誌","雙向禁止超車線","未繪設快慢車道分隔線","有",65,"未使用",120.710825,23.472456,"嘉義縣","阿里山鄉"
"其他","2023",2,25,11,"晴","日間自然光線",50,"直路","一般車道(未劃分快慢車道)","柏油","乾燥","良好","無號誌","雙向禁止超車線","未繪設快慢車道分隔線","有",25,"未使用",120.65465,24.228933,"臺中市","大雅區"
"其他","2023",2,25,11,"晴","日間自然光線",50,"直路","一般車道(未劃分快慢車道)","柏油","乾燥","良好","無號誌","雙向禁止超車線","未繪設快慢車道分隔線","有",35,"未使用",120.65465,24.228933,"臺中市","大雅區"