"事故類型及型態子類別名稱","發生年度","發生月份","發生日期","發生時間","天候名稱","光線名稱","速限.第1當事者","道路型態子類別名稱","事故位置子類別名稱","路面狀況.路面鋪裝名稱","路面狀況.路面狀態名稱","道路障礙.視距品質名稱","號誌.號誌動作名稱","車道劃分設施.分向設施大類別名稱","車道劃分設施.分道設施.快慢車道間名稱","車道劃分設施.分道設施.路面邊線名稱","當事者事故發生時年齡","行動電話或電腦或其他相類功能裝置名稱","經度","緯度","縣市","鄉鎮"
"其他","2023",2,25,11,"晴","日間自然光線",50,"直路","一般車道(未劃分快慢車道)","柏油","乾燥","良好","無號誌","雙向禁止超車線","未繪設快慢車道分隔線","有",55,"未使用",120.65465,24.228933,"臺中市","大雅區"
"撞路樹、電桿","2023",2,25,18,"晴","夜間(或隧道、地下道、涵洞)有照明",50,"直路","一般車道(未劃分快慢車道)","柏油","乾燥","良好","無號誌","雙向禁止超車線","未繪設快慢車道分隔線","有",64,"不明",120.354638,23.228305,"臺南市","六甲區"
"穿越道路中","2023",2,25,20,"晴","夜間(或隧道、地下道、涵洞)有照明",50,"三岔路","交叉口附近","柏油","乾燥","良好","無號誌","中央分向島","快慢車道分隔線","有",59,"非駕駛人",120.189921,23.033384,"臺南市","南區"
"穿越道路中","2023",2,25,20,"晴","夜間(或隧道、地下道、涵洞)有照明",50,"三岔路","交叉口附近","柏油","乾燥","良好","無號誌","中央分向島","快慢車道分隔線","有",57,"未使用",120.189921,23.033384,"臺南市","南區"
"追撞","2023",2,26,5,"晴","夜間(或隧道、地下道、涵洞)無照明",50,"三岔路","交叉口附近","柏油","乾燥","不良","無號誌","中央分向島","未繪設快慢車道分隔線","有",60,"未使用",121.225567,24.91589,"桃園市","平鎮區"
"追撞","2023",2,26,5,"晴","夜間(或隧道、地下道、涵洞)無照明",50,"三岔路","交叉口附近","柏油","乾燥","不良","無號誌","中央分向島","未繪設快慢車道分隔線","有",38,"非駕駛人",121.225567,24.91589,"桃園市","平鎮區"
"衝出路外","2023",2,26,12,"晴","日間自然光線",50,"彎曲路及附近","一般車道(未劃分快慢車道)","柏油","乾燥","良好","無號誌","無","未繪設快慢車道分隔線","有",15,"未使用",120.309138,23.514296,"嘉義縣","新港鄉"
"衝出路外","2023",2,26,12,"晴","日間自然光線",50,"彎曲路及附近","一般車道(未劃分快慢車道)","柏油","乾燥","良好","無號誌","無","未繪設快慢車道分隔線","有",15,"未使用",120.309138,23.514296,"嘉義縣","新港鄉"
"路口交岔撞","2023",2,26,16,"陰","日間自然光線",30,"四岔路","交叉路口內","柏油","乾燥","良好","無號誌","無","未繪設快慢車道分隔線","有",48,"未使用",121.75222,24.784384,"宜蘭縣","礁溪鄉"
"路口交岔撞","2023",2,26,16,"陰","日間自然光線",30,"四岔路","交叉路口內","柏油","乾燥","良好","無號誌","無","未繪設快慢車道分隔線","有",67,"未使用",121.75222,24.784384,"宜蘭縣","礁溪鄉"
"對向擦撞","2023",2,26,16,"晴","日間自然光線",50,"四岔路","交叉路口內","柏油","乾燥","良好","無號誌","雙向禁止超車線","快慢車道分隔線","有",83,"未使用",121.75403,24.671458,"宜蘭縣","羅東鎮"
"對向擦撞","2023",2,26,16,"晴","日間自然光線",50,"四岔路","交叉路口內","柏油","乾燥","良好","無號誌","雙向禁止超車線","快慢車道分隔線","有",29,"未使用",121.75403,24.671458,"宜蘭縣","羅東鎮"
"追撞","2023",2,27,3,"晴","夜間(或隧道、地下道、涵洞)有照明",50,"三岔路","交叉口附近","柏油","乾燥","良好","無號誌","雙向禁止超車線","快慢車道分隔線","無",76,"未使用",120.671913,24.11484,"臺中市","大里區"
"追撞","2023",2,27,3,"晴","夜間(或隧道、地下道、涵洞)有照明",50,"三岔路","交叉口附近","柏油","乾燥","良好","無號誌","雙向禁止超車線","快慢車道分隔線","無",34,"未使用",120.671913,24.11484,"臺中市","大里區"
"撞路樹、電桿","2023",2,27,6,"陰","日間自然光線",50,"直路","路肩、路緣","柏油","乾燥","良好","無號誌","中央分向島","未繪設快慢車道分隔線","有",46,"未使用",121.482395,25.023027,"新北市","板橋區"
"對撞","2023",2,27,14,"陰","日間自然光線",60,"直路","快車道","柏油","乾燥","良好","無號誌","雙向禁止超車線","快慢車道分隔線","有",37,"未使用",121.093355,22.844136,"臺東縣","卑南鄉"
"對撞","2023",2,27,14,"陰","日間自然光線",60,"直路","快車道","柏油","乾燥","良好","無號誌","雙向禁止超車線","快慢車道分隔線","有",39,"未使用",121.093355,22.844136,"臺東縣","卑南鄉"
"對撞","2023",2,27,14,"陰","日間自然光線",60,"直路","快車道","柏油","乾燥","良好","無號誌","雙向禁止超車線","快慢車道分隔線","有",29,"未使用",121.093355,22.844136,"臺東縣","卑南鄉"
"對撞","2023",2,27,14,"陰","日間自然光線",60,"直路","快車道","柏油","乾燥","良好","無號誌","雙向禁止超車線","快慢車道分隔線","有",15,"非駕駛人",121.093355,22.844136,"臺東縣","卑南鄉"
"衝出路外","2023",2,28,0,"晴","夜間(或隧道、地下道、涵洞)有照明",30,"三岔路","交叉口附近","柏油","乾燥","良好","無號誌","無","未繪設快慢車道分隔線","有",38,"不明",120.305569,23.125785,"臺南市","善化區"
"衝出路外","2023",2,28,0,"晴","夜間(或隧道、地下道、涵洞)有照明",30,"三岔路","交叉口附近","柏油","乾燥","良好","無號誌","無","未繪設快慢車道分隔線","有",34,"不明",120.305569,23.125785,"臺南市","善化區"
"路口交岔撞","2023",2,28,5,"晴","夜間(或隧道、地下道、涵洞)有照明",30,"四岔路","交叉路口內","柏油","乾燥","良好","正常","雙向禁止超車線","未繪設快慢車道分隔線","無",56,"不明",121.587778,25.067647,"臺北市","內湖區"
"路口交岔撞","2023",2,28,5,"晴","夜間(或隧道、地下道、涵洞)有照明",30,"四岔路","交叉路口內","柏油","乾燥","良好","正常","雙向禁止超車線","未繪設快慢車道分隔線","無",28,"不明",121.587778,25.067647,"臺北市","內湖區"
"側撞","2023",2,28,13,"晴","日間自然光線",50,"直路","路肩、路緣","柏油","乾燥","良好","無號誌","行車分向線","未繪設快慢車道分隔線","有",46,"未使用",120.238135,22.893029,"高雄市","湖內區"
"側撞","2023",2,28,13,"晴","日間自然光線",50,"直路","路肩、路緣","柏油","乾燥","良好","無號誌","行車分向線","未繪設快慢車道分隔線","有",18,"未使用",120.238135,22.893029,"高雄市","湖內區"
"穿越道路中","2023",2,28,14,"晴","日間自然光線",50,"三岔路","交叉路口內","柏油","乾燥","良好","無號誌","行車分向線","未繪設快慢車道分隔線","有",38,"未使用",120.149721,23.16843,"臺南市","佳里區"
"穿越道路中","2023",2,28,14,"晴","日間自然光線",50,"三岔路","交叉路口內","柏油","乾燥","良好","無號誌","行車分向線","未繪設快慢車道分隔線","有",86,"不明",120.149721,23.16843,"臺南市","佳里區"
"撞路樹、電桿","2023",2,28,15,"晴","日間自然光線",70,"直路","交通島(含槽化線)","柏油","乾燥","良好","無號誌","中央分向島","未繪設快慢車道分隔線","有",64,"未使用",121.37654,23.517345,"花蓮縣","瑞穗鄉"
"撞路樹、電桿","2023",2,28,15,"晴","日間自然光線",70,"直路","交通島(含槽化線)","柏油","乾燥","良好","無號誌","中央分向島","未繪設快慢車道分隔線","有",65,"非駕駛人",121.37654,23.517345,"花蓮縣","瑞穗鄉"
"撞路樹、電桿","2023",2,28,15,"晴","日間自然光線",70,"直路","交通島(含槽化線)","柏油","乾燥","良好","無號誌","中央分向島","未繪設快慢車道分隔線","有",58,"非駕駛人",121.37654,23.517345,"花蓮縣","瑞穗鄉"
"撞路樹、電桿","2023",2,28,15,"晴","日間自然光線",70,"直路","交通島(含槽化線)","柏油","乾燥","良好","無號誌","中央分向島","未繪設快慢車道分隔線","有",54,"非駕駛人",121.37654,23.517345,"花蓮縣","瑞穗鄉"
"同向擦撞","2023",3,1,8,"晴","日間自然光線",50,"直路","一般車道(未劃分快慢車道)","柏油","乾燥","良好","無號誌","雙向禁止超車線","未繪設快慢車道分隔線","有",48,"未使用",120.548717,23.726292,"雲林縣","斗六市"
"同向擦撞","2023",3,1,8,"晴","日間自然光線",50,"直路","一般車道(未劃分快慢車道)","柏油","乾燥","良好","無號誌","雙向禁止超車線","未繪設快慢車道分隔線","有",27,"未使用",120.548717,23.726292,"雲林縣","斗六市"
"同向擦撞","2023",3,1,10,"晴","日間自然光線",50,"四岔路","交叉路口內","柏油","乾燥","良好","正常","中央分向島","未繪設快慢車道分隔線","有",43,"未使用",121.365147,25.067827,"新北市","林口區"
"同向擦撞","2023",3,1,10,"晴","日間自然光線",50,"四岔路","交叉路口內","柏油","乾燥","良好","正常","中央分向島","未繪設快慢車道分隔線","有",58,"未使用",121.365147,25.067827,"新北市","林口區"
"同向擦撞","2023",3,1,10,"晴","日間自然光線",50,"四岔路","交叉路口內","柏油","乾燥","良好","正常","中央分向島","未繪設快慢車道分隔線","有",2,"非駕駛人",121.365147,25.067827,"新北市","林口區"
"路口交岔撞","2023",3,1,11,"晴","日間自然光線",40,"四岔路","交叉路口內","柏油","乾燥","良好","無號誌","雙向禁止超車線","未繪設快慢車道分隔線","有",45,"未使用",121.444264,25.185173,"新北市","淡水區"
"路口交岔撞","2023",3,1,11,"晴","日間自然光線",40,"四岔路","交叉路口內","柏油","乾燥","良好","無號誌","雙向禁止超車線","未繪設快慢車道分隔線","有",72,"未使用",121.444264,25.185173,"新北市","淡水區"
"路口交岔撞","2023",3,1,11,"晴","日間自然光線",40,"四岔路","交叉路口內","柏油","乾燥","良好","無號誌","雙向禁止超車線","未繪設快慢車道分隔線","有",68,"非駕駛人",121.444264,25.185173,"新北市","淡水區"
"同向擦撞","2023",3,1,12,"晴","日間自然光線",50,"直路","一般車道(未劃分快慢車道)","柏油","乾燥","良好","無號誌","雙向禁止超車線","快慢車道分隔線","有",47,"不明",120.64185,22.951108,"高雄市","六龜區"
"同向擦撞","2023",3,1,12,"晴","日間自然光線",50,"直路","一般車道(未劃分快慢車道)","柏油","乾燥","良好","無號誌","雙向禁止超車線","快慢車道分隔線","有",76,"未使用",120.64185,22.951108,"高雄市","六龜區"
"倒車撞","2023",3,1,14,"晴","日間自然光線",50,"直路","一般車道(未劃分快慢車道)","柏油","乾燥","良好","無號誌","中央分向島","未繪設快慢車道分隔線","有",58,"未使用",120.307122,23.311322,"臺南市","新營區"
"倒車撞","2023",3,1,14,"晴","日間自然光線",50,"直路","一般車道(未劃分快慢車道)","柏油","乾燥","良好","無號誌","中央分向島","未繪設快慢車道分隔線","有",64,"未使用",120.307122,23.311322,"臺南市","新營區"
"側撞","2023",3,1,20,"晴","夜間(或隧道、地下道、涵洞)有照明",50,"直路","一般車道(未劃分快慢車道)","柏油","乾燥","良好","無號誌","雙向禁止超車線","未繪設快慢車道分隔線","有",58,"未使用",120.561066,23.918153,"彰化縣","永靖鄉"
"側撞","2023",3,1,20,"晴","夜間(或隧道、地下道、涵洞)有照明",50,"直路","一般車道(未劃分快慢車道)","柏油","乾燥","良好","無號誌","雙向禁止超車線","未繪設快慢車道分隔線","有",16,"未使用",120.561066,23.918153,"彰化縣","永靖鄉"
"側撞","2023",3,1,23,"晴","夜間(或隧道、地下道、涵洞)有照明",50,"四岔路","交叉路口內","柏油","乾燥","良好","正常","無","未繪設快慢車道分隔線","無",28,"不明",120.3105,22.75764,"高雄市","橋頭區"
"側撞","2023",3,1,23,"晴","夜間(或隧道、地下道、涵洞)有照明",50,"四岔路","交叉路口內","柏油","乾燥","良好","正常","無","未繪設快慢車道分隔線","無",40,"不明",120.3105,22.75764,"高雄市","橋頭區"
"路口交岔撞","2023",3,2,6,"晴","日間自然光線",40,"四岔路","交叉路口內","柏油","乾燥","良好","無號誌","無","未繪設快慢車道分隔線","無",52,"未使用",120.296287,23.462474,"嘉義縣","太保市"
"路口交岔撞","2023",3,2,6,"晴","日間自然光線",40,"四岔路","交叉路口內","柏油","乾燥","良好","無號誌","無","未繪設快慢車道分隔線","無",89,"不明",120.296287,23.462474,"嘉義縣","太保市"
"路口交岔撞","2023",3,2,9,"晴","日間自然光線",30,"四岔路","交叉路口內","柏油","乾燥","良好","無號誌","無","未繪設快慢車道分隔線","有",45,"未使用",120.265823,23.135143,"臺南市","善化區"
"路口交岔撞","2023",3,2,9,"晴","日間自然光線",30,"四岔路","交叉路口內","柏油","乾燥","良好","無號誌","無","未繪設快慢車道分隔線","有",41,"未使用",120.265823,23.135143,"臺南市","善化區"
"衝出路外","2023",3,2,21,"晴","夜間(或隧道、地下道、涵洞)有照明",30,"直路","一般車道(未劃分快慢車道)","柏油","乾燥","良好","無號誌","行車分向線","未繪設快慢車道分隔線","有",40,"不明",120.698423,23.472779,"嘉義縣","竹崎鄉"
"衝出路外","2023",3,2,21,"晴","夜間(或隧道、地下道、涵洞)有照明",30,"直路","一般車道(未劃分快慢車道)","柏油","乾燥","良好","無號誌","行車分向線","未繪設快慢車道分隔線","有",52,"不明",120.698423,23.472779,"嘉義縣","竹崎鄉"
"衝出路外","2023",3,3,4,"晴","夜間(或隧道、地下道、涵洞)無照明",50,"三岔路","交叉口附近","柏油","乾燥","良好","無號誌","無","未繪設快慢車道分隔線","無",54,"不明",120.479022,23.831718,"彰化縣","溪州鄉"
"撞護欄(樁)","2023",3,3,9,"陰","日間自然光線",50,"橋樑","人行道","其他鋪裝","乾燥","良好","無號誌","中央分向島","窄式快慢車道分隔島(無柵欄)","無",41,"未使用",120.898672,24.670554,"苗栗縣","頭份市"
"追撞","2023",3,3,10,"晴","日間自然光線",60,"多岔路","交叉口附近","柏油","乾燥","良好","正常","中央分向島","未繪設快慢車道分隔線","有",46,"不明",120.525116,24.132027,"彰化縣","和美鎮"
"追撞","2023",3,3,10,"晴","日間自然光線",60,"多岔路","交叉口附近","柏油","乾燥","良好","正常","中央分向島","未繪設快慢車道分隔線","有",65,"未使用",120.525116,24.132027,"彰化縣","和美鎮"
"撞護欄(樁)","2023",3,3,13,"晴","日間自然光線",40,"直路","一般車道(未劃分快慢車道)","柏油","乾燥","良好","無號誌","雙向禁止超車線","未繪設快慢車道分隔線","有",66,"不明",120.692552,24.042826,"臺中市","霧峰區"
"撞路樹、電桿","2023",3,4,0,"晴","夜間(或隧道、地下道、涵洞)有照明",50,"直路","一般車道(未劃分快慢車道)","柏油","乾燥","良好","無號誌","雙向禁止超車線","未繪設快慢車道分隔線","有",43,"不明",121.335787,24.951452,"新北市","鶯歌區"
"穿越道路中","2023",3,4,6,"晴","日間自然光線",50,"直路","一般車道(未劃分快慢車道)","柏油","乾燥","良好","無號誌","雙向禁止超車線","未繪設快慢車道分隔線","有",42,"未使用",120.441781,24.028808,"彰化縣","福興鄉"
"穿越道路中","2023",3,4,6,"晴","日間自然光線",50,"直路","一般車道(未劃分快慢車道)","柏油","乾燥","良好","無號誌","雙向禁止超車線","未繪設快慢車道分隔線","有",89,"非駕駛人",120.441781,24.028808,"彰化縣","福興鄉"
"其他","2023",3,4,7,"陰","日間自然光線",50,"三岔路","交叉口附近","柏油","乾燥","良好","正常","雙向禁止超車線","未繪設快慢車道分隔線","有",40,"未使用",121.463434,25.024247,"新北市","板橋區"
"其他","2023",3,4,7,"陰","日間自然光線",50,"三岔路","交叉口附近","柏油","乾燥","良好","正常","雙向禁止超車線","未繪設快慢車道分隔線","有",67,"非駕駛人",121.463434,25.024247,"新北市","板橋區"
"其他","2023",3,4,7,"陰","日間自然光線",50,"三岔路","交叉口附近","柏油","乾燥","良好","正常","雙向禁止超車線","未繪設快慢車道分隔線","有",21,"非駕駛人",121.463434,25.024247,"新北市","板橋區"
"其他","2023",3,4,7,"陰","日間自然光線",50,"三岔路","交叉口附近","柏油","乾燥","良好","正常","雙向禁止超車線","未繪設快慢車道分隔線","有",35,"非駕駛人",121.463434,25.024247,"新北市","板橋區"
"其他","2023",3,4,7,"陰","日間自然光線",50,"三岔路","交叉口附近","柏油","乾燥","良好","正常","雙向禁止超車線","未繪設快慢車道分隔線","有",61,"非駕駛人",121.463434,25.024247,"新北市","板橋區"
"其他","2023",3,4,7,"陰","日間自然光線",50,"三岔路","交叉口附近","柏油","乾燥","良好","正常","雙向禁止超車線","未繪設快慢車道分隔線","有",72,"非駕駛人",121.463434,25.024247,"新北市","板橋區"
"其他","2023",3,4,7,"陰","日間自然光線",50,"三岔路","交叉口附近","柏油","乾燥","良好","正常","雙向禁止超車線","未繪設快慢車道分隔線","有",71,"非駕駛人",121.463434,25.024247,"新北市","板橋區"
"對向擦撞","2023",3,4,14,"晴","日間自然光線",40,"直路","一般車道(未劃分快慢車道)","柏油","乾燥","良好","無號誌","雙向禁止超車線","未繪設快慢車道分隔線","有",38,"未使用",120.838255,24.547044,"苗栗縣","公館鄉"
"對向擦撞","2023",3,4,14,"晴","日間自然光線",40,"直路","一般車道(未劃分快慢車道)","柏油","乾燥","良好","無號誌","雙向禁止超車線","未繪設快慢車道分隔線","有",68,"未使用",120.838255,24.547044,"苗栗縣","公館鄉"
"撞護欄(樁)","2023",3,4,23,"雨","夜間(或隧道、地下道、涵洞)無照明",30,"直路","一般車道(未劃分快慢車道)","柏油","濕潤","良好","無號誌","無","未繪設快慢車道分隔線","有",36,"未使用",120.807567,22.144357,"屏東縣","牡丹鄉"
"其他","2023",3,5,1,"晴","夜間(或隧道、地下道、涵洞)有照明",50,"彎曲路及附近","路肩、路緣","柏油","乾燥","良好","無號誌","雙向禁止超車線","未繪設快慢車道分隔線","有",15,"未使用",121.624467,24.157022,"花蓮縣","秀林鄉"
"側撞","2023",3,5,2,"晴","夜間(或隧道、地下道、涵洞)有照明",50,"三岔路","交叉路口內","柏油","乾燥","良好","正常","中央分向島","未繪設快慢車道分隔線","有",37,"未使用",121.452619,25.036297,"新北市","新莊區"
"側撞","2023",3,5,2,"晴","夜間(或隧道、地下道、涵洞)有照明",50,"三岔路","交叉路口內","柏油","乾燥","良好","正常","中央分向島","未繪設快慢車道分隔線","有",33,"未使用",121.452619,25.036297,"新北市","新莊區"
"其他","2023",3,5,4,"陰","夜間(或隧道、地下道、涵洞)有照明",70,"直路","快車道","柏油","乾燥","良好","無號誌","中央分向島","快慢車道分隔線","有",22,"未使用",120.50737,23.691302,"雲林縣","斗六市"
"其他","2023",3,5,4,"陰","夜間(或隧道、地下道、涵洞)有照明",70,"直路","快車道","柏油","乾燥","良好","無號誌","中央分向島","快慢車道分隔線","有",63,"非駕駛人",120.50737,23.691302,"雲林縣","斗六市"
"路口交岔撞","2023",3,5,7,"晴","日間自然光線",30,"四岔路","交叉路口內","柏油","乾燥","不良","正常","雙向禁止超車線","未繪設快慢車道分隔線","有",37,"未使用",120.494665,22.672203,"屏東縣","屏東市"
"路口交岔撞","2023",3,5,7,"晴","日間自然光線",30,"四岔路","交叉路口內","柏油","乾燥","不良","正常","雙向禁止超車線","未繪設快慢車道分隔線","有",39,"未使用",120.494665,22.672203,"屏東縣","屏東市"
"路口交岔撞","2023",3,5,7,"晴","日間自然光線",30,"四岔路","交叉路口內","柏油","乾燥","不良","正常","雙向禁止超車線","未繪設快慢車道分隔線","有",57,"未使用",120.494665,22.672203,"屏東縣","屏東市"
"路口交岔撞","2023",3,5,10,"晴","日間自然光線",30,"四岔路","交叉路口內","柏油","乾燥","良好","無號誌","無","未繪設快慢車道分隔線","無",74,"未使用",120.296172,23.516942,"嘉義縣","六腳鄉"
"路口交岔撞","2023",3,5,10,"晴","日間自然光線",30,"四岔路","交叉路口內","柏油","乾燥","良好","無號誌","無","未繪設快慢車道分隔線","無",55,"未使用",120.296172,23.516942,"嘉義縣","六腳鄉"
"路上翻車、摔倒","2023",3,5,17,"晴","日間自然光線",40,"彎曲路及附近","一般車道(未劃分快慢車道)","柏油","乾燥","良好","無號誌","行車分向線","未繪設快慢車道分隔線","有",21,"未使用",120.808065,24.095749,"臺中市","太平區"
"穿越道路中","2023",3,5,17,"晴","日間自然光線",30,"四岔路","交叉口附近","柏油","乾燥","良好","正常","單向禁止超車線","未繪設快慢車道分隔線","無",75,"未使用",121.502159,25.026589,"臺北市","萬華區"
"穿越道路中","2023",3,5,17,"晴","日間自然光線",30,"四岔路","交叉口附近","柏油","乾燥","良好","正常","單向禁止超車線","未繪設快慢車道分隔線","無",80,"非駕駛人",121.502159,25.026589,"臺北市","萬華區"
"路口交岔撞","2023",3,6,6,"晴","日間自然光線",50,"四岔路","交叉路口內","柏油","乾燥","良好","正常","行車分向線","未繪設快慢車道分隔線","有",28,"未使用",120.897685,24.688309,"苗栗縣","頭份市"
"路口交岔撞","2023",3,6,6,"晴","日間自然光線",50,"四岔路","交叉路口內","柏油","乾燥","良好","正常","行車分向線","未繪設快慢車道分隔線","有",15,"未使用",120.897685,24.688309,"苗栗縣","頭份市"
"撞護欄(樁)","2023",3,6,7,"晴","日間自然光線",30,"直路","一般車道(未劃分快慢車道)","柏油","乾燥","良好","無號誌","中央分向島","未繪設快慢車道分隔線","無",63,"未使用",121.270431,25.061031,"桃園市","蘆竹區"
"衝出路外","2023",3,6,16,"晴","日間自然光線",40,"直路","路肩、路緣","水泥","乾燥","良好","無號誌","雙向禁止超車線","未繪設快慢車道分隔線","有",89,"未使用",120.925552,23.797195,"南投縣","水里鄉"
"同向擦撞","2023",3,6,16,"晴","日間自然光線",50,"直路","一般車道(未劃分快慢車道)","柏油","乾燥","良好","無號誌","雙向禁止超車線","未繪設快慢車道分隔線","有",66,"未使用",120.705239,24.311749,"臺中市","后里區"
"同向擦撞","2023",3,6,16,"晴","日間自然光線",50,"直路","一般車道(未劃分快慢車道)","柏油","乾燥","良好","無號誌","雙向禁止超車線","未繪設快慢車道分隔線","有",71,"未使用",120.705239,24.311749,"臺中市","后里區"
"撞交通島","2023",3,6,22,"晴","夜間(或隧道、地下道、涵洞)有照明",50,"直路","一般車道(未劃分快慢車道)","柏油","乾燥","良好","無號誌","中央分向島","未繪設快慢車道分隔線","有",43,"未使用",120.459251,24.055293,"彰化縣","鹿港鎮"
"撞交通島","2023",3,6,22,"晴","夜間(或隧道、地下道、涵洞)有照明",50,"直路","一般車道(未劃分快慢車道)","柏油","乾燥","良好","無號誌","中央分向島","未繪設快慢車道分隔線","有",51,"不明",120.459251,24.055293,"彰化縣","鹿港鎮"
"撞交通島","2023",3,6,22,"晴","夜間(或隧道、地下道、涵洞)有照明",50,"直路","一般車道(未劃分快慢車道)","柏油","乾燥","良好","無號誌","中央分向島","未繪設快慢車道分隔線","有",44,"不明",120.459251,24.055293,"彰化縣","鹿港鎮"
"側撞","2023",3,7,2,"晴","夜間(或隧道、地下道、涵洞)有照明",30,"四岔路","交叉路口內","柏油","乾燥","良好","正常","無","未繪設快慢車道分隔線","無",40,"不明",121.300355,25.012408,"桃園市","桃園區"
"側撞","2023",3,7,2,"晴","夜間(或隧道、地下道、涵洞)有照明",30,"四岔路","交叉路口內","柏油","乾燥","良好","正常","無","未繪設快慢車道分隔線","無",20,"不明",121.300355,25.012408,"桃園市","桃園區"
"側撞","2023",3,7,2,"晴","夜間(或隧道、地下道、涵洞)有照明",30,"四岔路","交叉路口內","柏油","乾燥","良好","正常","無","未繪設快慢車道分隔線","無",17,"不明",121.300355,25.012408,"桃園市","桃園區"
"追撞","2023",3,7,5,"晴","日間自然光線",40,"多岔路","交叉路口內","柏油","乾燥","良好","正常","中央分向島","快慢車道分隔線","無",33,"未使用",120.3135,22.63681,"高雄市","三民區"
"追撞","2023",3,7,5,"晴","日間自然光線",40,"多岔路","交叉路口內","柏油","乾燥","良好","正常","中央分向島","快慢車道分隔線","無",75,"不明",120.3135,22.63681,"高雄市","三民區"
"同向擦撞","2023",3,7,8,"晴","日間自然光線",50,"直路","一般車道(未劃分快慢車道)","柏油","乾燥","良好","無號誌","中央分向島","未繪設快慢車道分隔線","無",32,"未使用",121.496738,25.135164,"臺北市","北投區"
"同向擦撞","2023",3,7,8,"晴","日間自然光線",50,"直路","一般車道(未劃分快慢車道)","柏油","乾燥","良好","無號誌","中央分向島","未繪設快慢車道分隔線","無",63,"未使用",121.496738,25.135164,"臺北市","北投區"
"同向擦撞","2023",3,7,8,"晴","日間自然光線",50,"直路","一般車道(未劃分快慢車道)","柏油","乾燥","良好","無號誌","中央分向島","未繪設快慢車道分隔線","無",43,"非駕駛人",121.496738,25.135164,"臺北市","北投區"
"同向擦撞","2023",3,7,8,"晴","日間自然光線",50,"直路","一般車道(未劃分快慢車道)","柏油","乾燥","良好","無號誌","中央分向島","未繪設快慢車道分隔線","無",18,"未使用",121.496738,25.135164,"臺北市","北投區"
"同向擦撞","2023",3,7,8,"晴","日間自然光線",50,"直路","一般車道(未劃分快慢車道)","柏油","乾燥","良好","無號誌","中央分向島","未繪設快慢車道分隔線","無",52,"未使用",121.496738,25.135164,"臺北市","北投區"
"同向擦撞","2023",3,7,9,"晴","日間自然光線",50,"直路","一般車道(未劃分快慢車道)","柏油","乾燥","良好","無號誌","行車分向線","未繪設快慢車道分隔線","有",48,"未使用",120.258327,22.769376,"高雄市","梓官區"
"同向擦撞","2023",3,7,9,"晴","日間自然光線",50,"直路","一般車道(未劃分快慢車道)","柏油","乾燥","良好","無號誌","行車分向線","未繪設快慢車道分隔線","有",85,"不明",120.258327,22.769376,"高雄市","梓官區"
"側撞","2023",3,7,10,"晴","日間自然光線",60,"三岔路","交叉路口內","柏油","乾燥","良好","正常","中央分向島","未繪設快慢車道分隔線","無",57,"未使用",121.451543,25.222474,"新北市","淡水區"
"側撞","2023",3,7,10,"晴","日間自然光線",60,"三岔路","交叉路口內","柏油","乾燥","良好","正常","中央分向島","未繪設快慢車道分隔線","無",19,"未使用",121.451543,25.222474,"新北市","淡水區"
"撞護欄(樁)","2023",3,7,16,"晴","日間自然光線",90,"高架道路","直線匝道","柏油","乾燥","良好","無號誌","中央分向島","未繪設快慢車道分隔線","有",33,"不明",120.191989,22.933514,"臺南市","南區"
"其他","2023",3,7,17,"晴","日間自然光線",50,"直路","快車道","柏油","乾燥","良好","無號誌","行車分向線","快慢車道分隔線","有",35,"未使用",120.667001,24.25753,"臺中市","神岡區"
"其他","2023",3,7,17,"晴","日間自然光線",50,"直路","快車道","柏油","乾燥","良好","無號誌","行車分向線","快慢車道分隔線","有",75,"未使用",120.667001,24.25753,"臺中市","神岡區"
"撞路樹、電桿","2023",3,8,3,"晴","晨或暮光",50,"直路","路肩、路緣","柏油","乾燥","良好","無號誌","行車分向線","未繪設快慢車道分隔線","有",26,"不明",120.239566,22.919878,"臺南市","仁德區"
"追撞","2023",3,8,4,"晴","夜間(或隧道、地下道、涵洞)有照明",50,"直路","一般車道(未劃分快慢車道)","柏油","乾燥","良好","無號誌","行車分向線","未繪設快慢車道分隔線","無",27,"未使用",121.22013,25.005507,"桃園市","中壢區"
"追撞","2023",3,8,4,"晴","夜間(或隧道、地下道、涵洞)有照明",50,"直路","一般車道(未劃分快慢車道)","柏油","乾燥","良好","無號誌","行車分向線","未繪設快慢車道分隔線","無",29,"不明",121.22013,25.005507,"桃園市","中壢區"
"撞護欄(樁)","2023",3,8,5,"晴","日間自然光線",70,"直路","一般車道(未劃分快慢車道)","柏油","乾燥","不良","無號誌","中央分向島","未繪設快慢車道分隔線","有",40,"不明",120.447793,22.756568,"高雄市","大樹區"