"事故類型及型態子類別名稱","發生年度","發生月份","發生日期","發生時間","天候名稱","光線名稱","速限.第1當事者","道路型態子類別名稱","事故位置子類別名稱","路面狀況.路面鋪裝名稱","路面狀況.路面狀態名稱","道路障礙.視距品質名稱","號誌.號誌動作名稱","車道劃分設施.分向設施大類別名稱","車道劃分設施.分道設施.快慢車道間名稱","車道劃分設施.分道設施.路面邊線名稱","當事者事故發生時年齡","行動電話或電腦或其他相類功能裝置名稱","經度","緯度","縣市","鄉鎮"
"撞護欄(樁)","2023",3,8,5,"晴","日間自然光線",70,"直路","一般車道(未劃分快慢車道)","柏油","乾燥","不良","無號誌","中央分向島","未繪設快慢車道分隔線","有",112,"",120.447793,22.756568,"高雄市","大樹區"
"追撞","2023",3,8,10,"晴","日間自然光線",50,"三岔路","交叉路口內","柏油","乾燥","良好","正常","雙向禁止超車線","未繪設快慢車道分隔線","無",49,"未使用",120.329868,22.727574,"高雄市","楠梓區"
"追撞","2023",3,8,10,"晴","日間自然光線",50,"三岔路","交叉路口內","柏油","乾燥","良好","正常","雙向禁止超車線","未繪設快慢車道分隔線","無",73,"未使用",120.329868,22.727574,"高雄市","楠梓區"
"側撞","2023",3,8,11,"晴","日間自然光線",50,"三岔路","交叉路口內","柏油","乾燥","良好","正常","雙向禁止超車線","未繪設快慢車道分隔線","無",25,"不明",121.478003,25.054488,"新北市","三重區"
"側撞","2023",3,8,11,"晴","日間自然光線",50,"三岔路","交叉路口內","柏油","乾燥","良好","正常","雙向禁止超車線","未繪設快慢車道分隔線","無",50,"不明",121.478003,25.054488,"新北市","三重區"
"側撞","2023",3,8,11,"晴","日間自然光線",50,"三岔路","交叉路口內","柏油","乾燥","良好","正常","雙向禁止超車線","未繪設快慢車道分隔線","無",23,"不明",121.478003,25.054488,"新北市","三重區"
"其他","2023",3,8,12,"晴","日間自然光線",40,"彎曲路及附近","一般車道(未劃分快慢車道)","柏油","乾燥","良好","無號誌","中央分向島","未繪設快慢車道分隔線","有",22,"未使用",120.325928,22.680158,"高雄市","仁武區"
"其他","2023",3,8,12,"晴","日間自然光線",40,"彎曲路及附近","一般車道(未劃分快慢車道)","柏油","乾燥","良好","無號誌","中央分向島","未繪設快慢車道分隔線","有",22,"不明",120.325928,22.680158,"高雄市","仁武區"
"其他","2023",3,8,12,"晴","日間自然光線",40,"彎曲路及附近","一般車道(未劃分快慢車道)","柏油","乾燥","良好","無號誌","中央分向島","未繪設快慢車道分隔線","有",19,"未使用",120.325928,22.680158,"高雄市","仁武區"
"其他","2023",3,8,16,"晴","日間自然光線",60,"四岔路","交叉路口內","柏油","乾燥","良好","正常","中央分向島","未繪設快慢車道分隔線","有",87,"未使用",120.2623,22.7634,"高雄市","梓官區"
"其他","2023",3,8,16,"晴","日間自然光線",60,"四岔路","交叉路口內","柏油","乾燥","良好","正常","中央分向島","未繪設快慢車道分隔線","有",29,"未使用",120.2623,22.7634,"高雄市","梓官區"
"其他","2023",3,8,18,"晴","夜間(或隧道、地下道、涵洞)有照明",60,"直路","慢車道","柏油","乾燥","良好","無號誌","行車分向線","快慢車道分隔線","有",65,"不明",121.660586,24.676338,"宜蘭縣","三星鄉"
"其他","2023",3,8,18,"晴","夜間(或隧道、地下道、涵洞)有照明",60,"直路","慢車道","柏油","乾燥","良好","無號誌","行車分向線","快慢車道分隔線","有",54,"不明",121.660586,24.676338,"宜蘭縣","三星鄉"
"側撞","2023",3,8,20,"晴","日間自然光線",50,"四岔路","交叉路口內","柏油","乾燥","良好","正常","雙向禁止超車線","未繪設快慢車道分隔線","無",65,"未使用",120.634099,24.108047,"臺中市","烏日區"
"側撞","2023",3,8,20,"晴","日間自然光線",50,"四岔路","交叉路口內","柏油","乾燥","良好","正常","雙向禁止超車線","未繪設快慢車道分隔線","無",26,"未使用",120.634099,24.108047,"臺中市","烏日區"
"其他","2023",3,8,23,"晴","夜間(或隧道、地下道、涵洞)有照明",100,"直路","快車道","柏油","乾燥","良好","無號誌","中央分向島","未繪設快慢車道分隔線","有",62,"非駕駛人",121.679068,25.085872,"基隆市","七堵區"
"其他","2023",3,8,23,"晴","夜間(或隧道、地下道、涵洞)有照明",100,"直路","快車道","柏油","乾燥","良好","無號誌","中央分向島","未繪設快慢車道分隔線","有",43,"未使用",121.679068,25.085872,"基隆市","七堵區"
"其他","2023",3,8,23,"晴","夜間(或隧道、地下道、涵洞)有照明",100,"直路","快車道","柏油","乾燥","良好","無號誌","中央分向島","未繪設快慢車道分隔線","有",38,"未使用",121.679068,25.085872,"基隆市","七堵區"
"其他","2023",3,8,23,"晴","夜間(或隧道、地下道、涵洞)有照明",100,"直路","快車道","柏油","乾燥","良好","無號誌","中央分向島","未繪設快慢車道分隔線","有",61,"未使用",121.679068,25.085872,"基隆市","七堵區"
"側撞","2023",3,9,6,"晴","晨或暮光",50,"三岔路","交叉口附近","柏油","乾燥","良好","無號誌","雙向禁止超車線","快慢車道分隔線","有",69,"未使用",120.275231,23.754391,"雲林縣","麥寮鄉"
"側撞","2023",3,9,6,"晴","晨或暮光",50,"三岔路","交叉口附近","柏油","乾燥","良好","無號誌","雙向禁止超車線","快慢車道分隔線","有",79,"不明",120.275231,23.754391,"雲林縣","麥寮鄉"
"對向擦撞","2023",3,9,6,"晴","日間自然光線",50,"直路","一般車道(未劃分快慢車道)","柏油","乾燥","良好","無號誌","行車分向線","未繪設快慢車道分隔線","有",68,"未使用",121.365081,24.989122,"桃園市","龜山區"
"對向擦撞","2023",3,9,6,"晴","日間自然光線",50,"直路","一般車道(未劃分快慢車道)","柏油","乾燥","良好","無號誌","行車分向線","未繪設快慢車道分隔線","有",29,"未使用",121.365081,24.989122,"桃園市","龜山區"
"同向擦撞","2023",3,9,8,"晴","日間自然光線",70,"三岔路","交叉口附近","柏油","乾燥","良好","正常","中央分向島","快慢車道分隔線","有",65,"未使用",120.229428,23.276781,"臺南市","鹽水區"
"同向擦撞","2023",3,9,8,"晴","日間自然光線",70,"三岔路","交叉口附近","柏油","乾燥","良好","正常","中央分向島","快慢車道分隔線","有",21,"未使用",120.229428,23.276781,"臺南市","鹽水區"
"同向擦撞","2023",3,9,8,"晴","日間自然光線",70,"三岔路","交叉口附近","柏油","乾燥","良好","正常","中央分向島","快慢車道分隔線","有",58,"未使用",120.229428,23.276781,"臺南市","鹽水區"
"衝出路外","2023",3,9,10,"晴","日間自然光線",60,"彎曲路及附近","路肩、路緣","柏油","乾燥","良好","無號誌","中央分向島","未繪設快慢車道分隔線","有",26,"未使用",121.450648,25.21539,"新北市","淡水區"
"衝出路外","2023",3,9,10,"晴","日間自然光線",60,"彎曲路及附近","路肩、路緣","柏油","乾燥","良好","無號誌","中央分向島","未繪設快慢車道分隔線","有",25,"非駕駛人",121.450648,25.21539,"新北市","淡水區"
"其他","2023",3,9,14,"晴","日間自然光線",60,"直路","快車道","柏油","乾燥","良好","正常","中央分向島","快慢車道分隔線","有",64,"未使用",120.53045,24.237225,"臺中市","梧棲區"
"其他","2023",3,9,14,"晴","日間自然光線",60,"直路","快車道","柏油","乾燥","良好","正常","中央分向島","快慢車道分隔線","有",32,"未使用",120.53045,24.237225,"臺中市","梧棲區"
"追撞","2023",3,9,19,"晴","夜間(或隧道、地下道、涵洞)有照明",40,"直路","慢車道","柏油","乾燥","良好","無號誌","雙向禁止超車線","快慢車道分隔線","有",74,"未使用",120.285772,22.745294,"高雄市","橋頭區"
"追撞","2023",3,9,19,"晴","夜間(或隧道、地下道、涵洞)有照明",40,"直路","慢車道","柏油","乾燥","良好","無號誌","雙向禁止超車線","快慢車道分隔線","有",79,"不明",120.285772,22.745294,"高雄市","橋頭區"
"其他","2023",3,9,21,"晴","夜間(或隧道、地下道、涵洞)有照明",50,"直路","一般車道(未劃分快慢車道)","柏油","乾燥","良好","無號誌","雙向禁止超車線","未繪設快慢車道分隔線","有",62,"未使用",121.139081,24.96799,"桃園市","新屋區"
"其他","2023",3,9,21,"晴","夜間(或隧道、地下道、涵洞)有照明",50,"直路","一般車道(未劃分快慢車道)","柏油","乾燥","良好","無號誌","雙向禁止超車線","未繪設快慢車道分隔線","有",30,"非駕駛人",121.139081,24.96799,"桃園市","新屋區"
"其他","2023",3,9,21,"晴","夜間(或隧道、地下道、涵洞)有照明",50,"直路","一般車道(未劃分快慢車道)","柏油","乾燥","良好","無號誌","雙向禁止超車線","未繪設快慢車道分隔線","有",37,"未使用",121.139081,24.96799,"桃園市","新屋區"
"對向通行中","2023",3,10,8,"晴","日間自然光線",50,"四岔路","交叉路口內","柏油","乾燥","良好","正常","無","未繪設快慢車道分隔線","無",65,"未使用",120.3385,22.6372,"高雄市","三民區"
"對向通行中","2023",3,10,8,"晴","日間自然光線",50,"四岔路","交叉路口內","柏油","乾燥","良好","正常","無","未繪設快慢車道分隔線","無",83,"非駕駛人",120.3385,22.6372,"高雄市","三民區"
"對向通行中","2023",3,10,8,"晴","日間自然光線",50,"四岔路","交叉路口內","柏油","乾燥","良好","正常","無","未繪設快慢車道分隔線","無",41,"非駕駛人",120.3385,22.6372,"高雄市","三民區"
"側撞","2023",3,10,11,"晴","日間自然光線",50,"多岔路","交叉路口內","柏油","乾燥","良好","正常","無","未繪設快慢車道分隔線","無",33,"未使用",121.170384,24.992716,"桃園市","中壢區"
"側撞","2023",3,10,11,"晴","日間自然光線",50,"多岔路","交叉路口內","柏油","乾燥","良好","正常","無","未繪設快慢車道分隔線","無",65,"未使用",121.170384,24.992716,"桃園市","中壢區"
"衝出路外","2023",3,10,17,"晴","日間自然光線",50,"彎曲路及附近","路肩、路緣","柏油","乾燥","良好","無號誌","行車分向線","未繪設快慢車道分隔線","有",24,"不明",120.276325,23.8027,"雲林縣","麥寮鄉"
"衝出路外","2023",3,10,17,"晴","日間自然光線",50,"彎曲路及附近","路肩、路緣","柏油","乾燥","良好","無號誌","行車分向線","未繪設快慢車道分隔線","有",25,"不明",120.276325,23.8027,"雲林縣","麥寮鄉"
"其他","2023",3,11,15,"晴","日間自然光線",30,"直路","其他","柏油","乾燥","良好","無號誌","無","未繪設快慢車道分隔線","有",61,"不明",120.831231,24.526223,"苗栗縣","公館鄉"
"對向擦撞","2023",3,11,15,"晴","日間自然光線",30,"直路","一般車道(未劃分快慢車道)","柏油","乾燥","良好","無號誌","無","未繪設快慢車道分隔線","無",66,"不明",120.184274,23.187611,"臺南市","佳里區"
"對向擦撞","2023",3,11,15,"晴","日間自然光線",30,"直路","一般車道(未劃分快慢車道)","柏油","乾燥","良好","無號誌","無","未繪設快慢車道分隔線","無",59,"不明",120.184274,23.187611,"臺南市","佳里區"
"穿越道路中","2023",3,11,18,"晴","夜間(或隧道、地下道、涵洞)有照明",70,"三岔路","交叉口附近","柏油","乾燥","良好","正常","無","快慢車道分隔線","有",65,"未使用",120.541527,24.02373,"彰化縣","花壇鄉"
"穿越道路中","2023",3,11,18,"晴","夜間(或隧道、地下道、涵洞)有照明",70,"三岔路","交叉口附近","柏油","乾燥","良好","正常","無","快慢車道分隔線","有",47,"未使用",120.541527,24.02373,"彰化縣","花壇鄉"
"撞號誌、標誌桿","2023",3,12,10,"晴","日間自然光線",50,"四岔路","交叉路口內","柏油","乾燥","良好","正常","中央分向島","未繪設快慢車道分隔線","無",58,"未使用",120.651823,24.17715,"臺中市","西屯區"
"其他","2023",3,12,10,"晴","日間自然光線",30,"直路","一般車道(未劃分快慢車道)","柏油","乾燥","良好","無號誌","無","快慢車道分隔線","有",68,"未使用",120.453697,22.542624,"屏東縣","新園鄉"
"撞路樹、電桿","2023",3,12,14,"晴","日間自然光線",50,"直路","一般車道(未劃分快慢車道)","柏油","乾燥","良好","無號誌","雙向禁止超車線","未繪設快慢車道分隔線","無",41,"未使用",120.751333,24.19845,"臺中市","北屯區"
"路上翻車、摔倒","2023",3,12,18,"晴","晨或暮光",60,"彎曲路及附近","慢車道","柏油","乾燥","不良","無號誌","中央分向島","快慢車道分隔線","有",65,"未使用",120.677525,22.223024,"屏東縣","枋山鄉"
"路上翻車、摔倒","2023",3,12,20,"陰","夜間(或隧道、地下道、涵洞)有照明",50,"直路","路肩、路緣","柏油","乾燥","良好","無號誌","行車分向線","未繪設快慢車道分隔線","有",29,"不明",120.871967,23.671469,"南投縣","信義鄉"
"路上翻車、摔倒","2023",3,12,20,"陰","夜間(或隧道、地下道、涵洞)有照明",50,"直路","路肩、路緣","柏油","乾燥","良好","無號誌","行車分向線","未繪設快慢車道分隔線","有",8,"非駕駛人",120.871967,23.671469,"南投縣","信義鄉"
"路上翻車、摔倒","2023",3,12,20,"陰","夜間(或隧道、地下道、涵洞)有照明",50,"直路","路肩、路緣","柏油","乾燥","良好","無號誌","行車分向線","未繪設快慢車道分隔線","有",3,"非駕駛人",120.871967,23.671469,"南投縣","信義鄉"
"路上翻車、摔倒","2023",3,12,20,"陰","夜間(或隧道、地下道、涵洞)有照明",50,"直路","路肩、路緣","柏油","乾燥","良好","無號誌","行車分向線","未繪設快慢車道分隔線","有",5,"非駕駛人",120.871967,23.671469,"南投縣","信義鄉"
"追撞","2023",3,12,21,"雨","夜間(或隧道、地下道、涵洞)有照明",50,"直路","路肩、路緣","柏油","濕潤","良好","無號誌","行車分向線","未繪設快慢車道分隔線","有",57,"未使用",121.173852,24.928273,"桃園市","楊梅區"
"追撞","2023",3,12,21,"雨","夜間(或隧道、地下道、涵洞)有照明",50,"直路","路肩、路緣","柏油","濕潤","良好","無號誌","行車分向線","未繪設快慢車道分隔線","有",53,"未使用",121.173852,24.928273,"桃園市","楊梅區"
"其他","2023",3,12,22,"陰","夜間(或隧道、地下道、涵洞)有照明",30,"直路","一般車道(未劃分快慢車道)","柏油","乾燥","良好","無號誌","無","未繪設快慢車道分隔線","無",58,"未使用",121.803188,24.462027,"宜蘭縣","蘇澳鎮"
"其他","2023",3,12,22,"陰","夜間(或隧道、地下道、涵洞)有照明",30,"直路","一般車道(未劃分快慢車道)","柏油","乾燥","良好","無號誌","無","未繪設快慢車道分隔線","無",34,"未使用",121.803188,24.462027,"宜蘭縣","蘇澳鎮"
"側撞","2023",3,13,10,"晴","日間自然光線",50,"四岔路","交叉路口內","柏油","乾燥","良好","正常","無","未繪設快慢車道分隔線","無",71,"未使用",120.67729,24.145711,"臺中市","中區"
"側撞","2023",3,13,10,"晴","日間自然光線",50,"四岔路","交叉路口內","柏油","乾燥","良好","正常","無","未繪設快慢車道分隔線","無",66,"未使用",120.67729,24.145711,"臺中市","中區"
"對向擦撞","2023",3,13,13,"雨","日間自然光線",30,"彎曲路及附近","一般車道(未劃分快慢車道)","柏油","濕潤","良好","無號誌","雙向禁止超車線","未繪設快慢車道分隔線","無",35,"未使用",121.418597,25.029608,"新北市","新莊區"
"對向擦撞","2023",3,13,13,"雨","日間自然光線",30,"彎曲路及附近","一般車道(未劃分快慢車道)","柏油","濕潤","良好","無號誌","雙向禁止超車線","未繪設快慢車道分隔線","無",25,"不明",121.418597,25.029608,"新北市","新莊區"
"路口交岔撞","2023",3,13,14,"晴","日間自然光線",50,"四岔路","交叉路口內","柏油","乾燥","良好","正常","無","未繪設快慢車道分隔線","有",68,"未使用",120.442154,22.4774,"屏東縣","新園鄉"
"路口交岔撞","2023",3,13,14,"晴","日間自然光線",50,"四岔路","交叉路口內","柏油","乾燥","良好","正常","無","未繪設快慢車道分隔線","有",76,"未使用",120.442154,22.4774,"屏東縣","新園鄉"
"其他","2023",3,13,18,"陰","夜間(或隧道、地下道、涵洞)有照明",50,"直路","路肩、路緣","柏油","乾燥","良好","無號誌","行車分向線","未繪設快慢車道分隔線","有",47,"未使用",120.516058,24.152298,"彰化縣","和美鎮"
"其他","2023",3,13,18,"陰","夜間(或隧道、地下道、涵洞)有照明",50,"直路","路肩、路緣","柏油","乾燥","良好","無號誌","行車分向線","未繪設快慢車道分隔線","有",25,"未使用",120.516058,24.152298,"彰化縣","和美鎮"
"撞護欄(樁)","2023",3,13,21,"雨","夜間(或隧道、地下道、涵洞)無照明",60,"彎曲路及附近","一般車道(未劃分快慢車道)","柏油","濕潤","良好","無號誌","雙向禁止超車線","未繪設快慢車道分隔線","有",60,"不明",121.842028,25.122113,"新北市","瑞芳區"
"其他","2023",3,14,5,"晴","夜間(或隧道、地下道、涵洞)有照明",50,"四岔路","行人穿越道","柏油","乾燥","良好","正常","無","未繪設快慢車道分隔線","無",64,"不明",120.650876,24.144962,"臺中市","西區"
"其他","2023",3,14,5,"晴","夜間(或隧道、地下道、涵洞)有照明",50,"四岔路","行人穿越道","柏油","乾燥","良好","正常","無","未繪設快慢車道分隔線","無",79,"非駕駛人",120.650876,24.144962,"臺中市","西區"
"其他","2023",3,14,5,"晴","夜間(或隧道、地下道、涵洞)有照明",50,"四岔路","行人穿越道","柏油","乾燥","良好","正常","無","未繪設快慢車道分隔線","無",70,"不明",120.650876,24.144962,"臺中市","西區"
"穿越道路中","2023",3,14,5,"陰","晨或暮光",50,"橋樑","快車道","柏油","乾燥","不良","無號誌","中央分向島","未繪設快慢車道分隔線","有",61,"未使用",121.512,25.087977,"臺北市","士林區"
"穿越道路中","2023",3,14,5,"陰","晨或暮光",50,"橋樑","快車道","柏油","乾燥","不良","無號誌","中央分向島","未繪設快慢車道分隔線","有",90,"非駕駛人",121.512,25.087977,"臺北市","士林區"
"側撞","2023",3,14,18,"晴","晨或暮光",50,"四岔路","交叉路口內","柏油","乾燥","良好","正常","無","未繪設快慢車道分隔線","無",50,"未使用",120.202651,23.125328,"臺南市","西港區"
"側撞","2023",3,14,18,"晴","晨或暮光",50,"四岔路","交叉路口內","柏油","乾燥","良好","正常","無","未繪設快慢車道分隔線","無",43,"未使用",120.202651,23.125328,"臺南市","西港區"
"側撞","2023",3,14,18,"晴","晨或暮光",50,"四岔路","交叉路口內","柏油","乾燥","良好","正常","無","未繪設快慢車道分隔線","無",31,"非駕駛人",120.202651,23.125328,"臺南市","西港區"
"側撞","2023",3,14,18,"晴","夜間(或隧道、地下道、涵洞)有照明",50,"多岔路","交叉路口內","柏油","乾燥","良好","正常","無","未繪設快慢車道分隔線","無",83,"不明",120.3214,22.62904,"高雄市","苓雅區"
"側撞","2023",3,14,18,"晴","夜間(或隧道、地下道、涵洞)有照明",50,"多岔路","交叉路口內","柏油","乾燥","良好","正常","無","未繪設快慢車道分隔線","無",75,"未使用",120.3214,22.62904,"高雄市","苓雅區"
"側撞","2023",3,15,8,"晴","日間自然光線",40,"直路","一般車道(未劃分快慢車道)","柏油","乾燥","良好","無號誌","雙向禁止超車線","未繪設快慢車道分隔線","有",82,"未使用",120.456399,23.724299,"雲林縣","虎尾鎮"
"側撞","2023",3,15,8,"晴","日間自然光線",40,"直路","一般車道(未劃分快慢車道)","柏油","乾燥","良好","無號誌","雙向禁止超車線","未繪設快慢車道分隔線","有",21,"未使用",120.456399,23.724299,"雲林縣","虎尾鎮"
"側撞","2023",3,15,9,"晴","日間自然光線",50,"三岔路","交叉路口內","柏油","乾燥","良好","無號誌","行車分向線","快慢車道分隔線","有",37,"未使用",120.576301,23.939281,"彰化縣","員林市"
"側撞","2023",3,15,9,"晴","日間自然光線",50,"三岔路","交叉路口內","柏油","乾燥","良好","無號誌","行車分向線","快慢車道分隔線","有",25,"未使用",120.576301,23.939281,"彰化縣","員林市"
"側撞","2023",3,15,10,"晴","日間自然光線",30,"直路","一般車道(未劃分快慢車道)","柏油","乾燥","良好","無號誌","無","未繪設快慢車道分隔線","無",39,"未使用",121.509613,25.116073,"臺北市","北投區"
"側撞","2023",3,15,10,"晴","日間自然光線",30,"直路","一般車道(未劃分快慢車道)","柏油","乾燥","良好","無號誌","無","未繪設快慢車道分隔線","無",44,"未使用",121.509613,25.116073,"臺北市","北投區"
"側撞","2023",3,15,10,"晴","日間自然光線",30,"直路","一般車道(未劃分快慢車道)","柏油","乾燥","良好","無號誌","無","未繪設快慢車道分隔線","無",47,"未使用",121.509613,25.116073,"臺北市","北投區"
"撞護欄(樁)","2023",3,15,15,"晴","日間自然光線",30,"直路","一般車道(未劃分快慢車道)","柏油","乾燥","良好","無號誌","無","未繪設快慢車道分隔線","有",53,"未使用",120.406364,23.865628,"彰化縣","竹塘鄉"
"路口交岔撞","2023",3,15,15,"晴","日間自然光線",50,"四岔路","交叉路口內","柏油","乾燥","良好","正常","中央分向島","未繪設快慢車道分隔線","有",37,"未使用",120.907456,24.694793,"苗栗縣","頭份市"
"路口交岔撞","2023",3,15,15,"晴","日間自然光線",50,"四岔路","交叉路口內","柏油","乾燥","良好","正常","中央分向島","未繪設快慢車道分隔線","有",64,"未使用",120.907456,24.694793,"苗栗縣","頭份市"
"側撞","2023",3,15,18,"晴","夜間(或隧道、地下道、涵洞)有照明",50,"四岔路","交叉路口內","柏油","乾燥","良好","正常","無","未繪設快慢車道分隔線","無",42,"未使用",120.699595,24.160437,"臺中市","北屯區"
"側撞","2023",3,15,18,"晴","夜間(或隧道、地下道、涵洞)有照明",50,"四岔路","交叉路口內","柏油","乾燥","良好","正常","無","未繪設快慢車道分隔線","無",17,"未使用",120.699595,24.160437,"臺中市","北屯區"
"側撞","2023",3,15,20,"晴","夜間(或隧道、地下道、涵洞)有照明",50,"四岔路","交叉路口內","柏油","乾燥","良好","正常","無","未繪設快慢車道分隔線","無",12,"不明",120.433931,23.555457,"嘉義縣","民雄鄉"
"側撞","2023",3,15,20,"晴","夜間(或隧道、地下道、涵洞)有照明",50,"四岔路","交叉路口內","柏油","乾燥","良好","正常","無","未繪設快慢車道分隔線","無",23,"未使用",120.433931,23.555457,"嘉義縣","民雄鄉"
"側撞","2023",3,15,20,"晴","夜間(或隧道、地下道、涵洞)有照明",50,"四岔路","交叉路口內","柏油","乾燥","良好","正常","無","未繪設快慢車道分隔線","無",24,"未使用",120.433931,23.555457,"嘉義縣","民雄鄉"
"對向通行中","2023",3,16,4,"晴","夜間(或隧道、地下道、涵洞)有照明",40,"直路","慢車道","柏油","乾燥","良好","無號誌","中央分向島","快慢車道分隔線","有",64,"非駕駛人",120.461034,22.653411,"屏東縣","屏東市"
"對向通行中","2023",3,16,4,"晴","夜間(或隧道、地下道、涵洞)有照明",40,"直路","慢車道","柏油","乾燥","良好","無號誌","中央分向島","快慢車道分隔線","有",38,"未使用",120.461034,22.653411,"屏東縣","屏東市"
"對向通行中","2023",3,16,4,"晴","夜間(或隧道、地下道、涵洞)有照明",40,"直路","慢車道","柏油","乾燥","良好","無號誌","中央分向島","快慢車道分隔線","有",36,"未使用",120.461034,22.653411,"屏東縣","屏東市"
"同向通行中","2023",3,16,5,"晴","日間自然光線",50,"直路","一般車道(未劃分快慢車道)","柏油","乾燥","良好","無號誌","行車分向線","未繪設快慢車道分隔線","有",60,"未使用",121.265206,25.028114,"桃園市","蘆竹區"
"同向通行中","2023",3,16,5,"晴","日間自然光線",50,"直路","一般車道(未劃分快慢車道)","柏油","乾燥","良好","無號誌","行車分向線","未繪設快慢車道分隔線","有",79,"非駕駛人",121.265206,25.028114,"桃園市","蘆竹區"
"側撞","2023",3,16,7,"晴","日間自然光線",50,"四岔路","交叉路口內","柏油","乾燥","良好","正常","無","未繪設快慢車道分隔線","無",63,"未使用",121.299576,25.000373,"桃園市","桃園區"
"側撞","2023",3,16,7,"晴","日間自然光線",50,"四岔路","交叉路口內","柏油","乾燥","良好","正常","無","未繪設快慢車道分隔線","無",43,"未使用",121.299576,25.000373,"桃園市","桃園區"
"側撞","2023",3,16,7,"晴","日間自然光線",50,"四岔路","交叉路口內","柏油","乾燥","良好","正常","無","未繪設快慢車道分隔線","無",28,"未使用",121.299576,25.000373,"桃園市","桃園區"
"側撞","2023",3,16,7,"晴","日間自然光線",50,"四岔路","交叉路口內","柏油","乾燥","良好","正常","無","未繪設快慢車道分隔線","無",9,"非駕駛人",121.299576,25.000373,"桃園市","桃園區"
"側撞","2023",3,16,8,"晴","日間自然光線",70,"三岔路","交叉路口內","柏油","乾燥","良好","正常","無","未繪設快慢車道分隔線","無",51,"不明",120.873501,24.655998,"苗栗縣","竹南鎮"
"側撞","2023",3,16,8,"晴","日間自然光線",70,"三岔路","交叉路口內","柏油","乾燥","良好","正常","無","未繪設快慢車道分隔線","無",23,"不明",120.873501,24.655998,"苗栗縣","竹南鎮"
"側撞","2023",3,16,9,"晴","日間自然光線",50,"三岔路","交叉路口內","柏油","乾燥","良好","正常","無","未繪設快慢車道分隔線","無",37,"未使用",121.427121,24.978139,"新北市","樹林區"
"側撞","2023",3,16,9,"晴","日間自然光線",50,"三岔路","交叉路口內","柏油","乾燥","良好","正常","無","未繪設快慢車道分隔線","無",35,"未使用",121.427121,24.978139,"新北市","樹林區"
"其他","2023",3,16,11,"晴","日間自然光線",40,"彎曲路及附近","一般車道(未劃分快慢車道)","柏油","乾燥","良好","無號誌","無","未繪設快慢車道分隔線","有",70,"不明",120.852372,24.156169,"臺中市","新社區"
"其他","2023",3,16,20,"晴","夜間(或隧道、地下道、涵洞)有照明",50,"三岔路","交叉路口內","柏油","乾燥","良好","正常","中央分向島","寛式快慢車道分隔島(50公分以上)","有",40,"不明",120.617229,24.202273,"臺中市","西屯區"
"其他","2023",3,16,20,"晴","夜間(或隧道、地下道、涵洞)有照明",50,"三岔路","交叉路口內","柏油","乾燥","良好","正常","中央分向島","寛式快慢車道分隔島(50公分以上)","有",76,"不明",120.617229,24.202273,"臺中市","西屯區"
"撞交通島","2023",3,16,22,"晴","夜間(或隧道、地下道、涵洞)有照明",50,"彎曲路及附近","一般車道(未劃分快慢車道)","柏油","乾燥","良好","無號誌","中央分向島","未繪設快慢車道分隔線","有",25,"使用手持或有礙駕駛安全",121.19085,25.008513,"桃園市","中壢區"
"其他","2023",3,17,4,"陰","夜間(或隧道、地下道、涵洞)有照明",50,"彎曲路及附近","一般車道(未劃分快慢車道)","柏油","乾燥","良好","無號誌","中央分向島","未繪設快慢車道分隔線","有",77,"不明",121.249273,24.88059,"桃園市","龍潭區"
"側撞","2023",3,17,6,"晴","日間自然光線",50,"三岔路","交叉路口內","柏油","乾燥","良好","正常","中央分向島","未繪設快慢車道分隔線","無",81,"不明",121.606487,25.053202,"臺北市","南港區"
"側撞","2023",3,17,6,"晴","日間自然光線",50,"三岔路","交叉路口內","柏油","乾燥","良好","正常","中央分向島","未繪設快慢車道分隔線","無",18,"不明",121.606487,25.053202,"臺北市","南港區"
"側撞","2023",3,17,7,"晴","日間自然光線",60,"四岔路","交叉路口內","柏油","乾燥","良好","正常","中央分向島","未繪設快慢車道分隔線","有",84,"未使用",121.629869,25.229518,"新北市","金山區"
"側撞","2023",3,17,7,"晴","日間自然光線",60,"四岔路","交叉路口內","柏油","乾燥","良好","正常","中央分向島","未繪設快慢車道分隔線","有",47,"未使用",121.629869,25.229518,"新北市","金山區"
"側撞","2023",3,17,9,"晴","日間自然光線",50,"四岔路","交叉路口內","柏油","乾燥","良好","正常","中央分向島","未繪設快慢車道分隔線","無",48,"未使用",121.579312,25.048123,"臺北市","信義區"