"事故類型及型態子類別名稱","發生年度","發生月份","發生日期","發生時間","天候名稱","光線名稱","速限.第1當事者","道路型態子類別名稱","事故位置子類別名稱","路面狀況.路面鋪裝名稱","路面狀況.路面狀態名稱","道路障礙.視距品質名稱","號誌.號誌動作名稱","車道劃分設施.分向設施大類別名稱","車道劃分設施.分道設施.快慢車道間名稱","車道劃分設施.分道設施.路面邊線名稱","當事者事故發生時年齡","行動電話或電腦或其他相類功能裝置名稱","經度","緯度","縣市","鄉鎮"
"側撞","2023",3,17,9,"晴","日間自然光線",50,"四岔路","交叉路口內","柏油","乾燥","良好","正常","中央分向島","未繪設快慢車道分隔線","無",70,"未使用",121.579312,25.048123,"臺北市","信義區"
"路口交岔撞","2023",3,17,16,"晴","日間自然光線",50,"四岔路","交叉路口內","柏油","乾燥","良好","正常","無","未繪設快慢車道分隔線","無",64,"未使用",120.693402,24.19053,"臺中市","北屯區"
"路口交岔撞","2023",3,17,16,"晴","日間自然光線",50,"四岔路","交叉路口內","柏油","乾燥","良好","正常","無","未繪設快慢車道分隔線","無",24,"未使用",120.693402,24.19053,"臺中市","北屯區"
"路口交岔撞","2023",3,17,16,"晴","日間自然光線",50,"四岔路","交叉路口內","柏油","乾燥","良好","正常","無","未繪設快慢車道分隔線","無",36,"未使用",120.693402,24.19053,"臺中市","北屯區"
"追撞","2023",3,17,22,"晴","夜間(或隧道、地下道、涵洞)有照明",50,"直路","路肩、路緣","柏油","乾燥","良好","無號誌","行車分向線","未繪設快慢車道分隔線","有",67,"未使用",120.672975,23.977456,"南投縣","草屯鎮"
"追撞","2023",3,17,22,"晴","夜間(或隧道、地下道、涵洞)有照明",50,"直路","路肩、路緣","柏油","乾燥","良好","無號誌","行車分向線","未繪設快慢車道分隔線","有",24,"未使用",120.672975,23.977456,"南投縣","草屯鎮"
"側撞","2023",3,18,13,"晴","日間自然光線",50,"四岔路","交叉路口內","柏油","乾燥","良好","正常","無","未繪設快慢車道分隔線","無",61,"未使用",120.681681,24.177658,"臺中市","北屯區"
"側撞","2023",3,18,13,"晴","日間自然光線",50,"四岔路","交叉路口內","柏油","乾燥","良好","正常","無","未繪設快慢車道分隔線","無",23,"未使用",120.681681,24.177658,"臺中市","北屯區"
"衝出路外","2023",3,18,13,"陰","日間自然光線",30,"坡路","路肩、路緣","柏油","乾燥","良好","無號誌","無","未繪設快慢車道分隔線","無",66,"未使用",121.50917,24.980209,"新北市","中和區"
"衝出路外","2023",3,18,13,"陰","日間自然光線",30,"坡路","路肩、路緣","柏油","乾燥","良好","無號誌","無","未繪設快慢車道分隔線","無",66,"",121.50917,24.980209,"新北市","中和區"
"衝出路外","2023",3,18,13,"陰","日間自然光線",30,"坡路","路肩、路緣","柏油","乾燥","良好","無號誌","無","未繪設快慢車道分隔線","無",66,"未使用",121.50917,24.980209,"新北市","中和區"
"衝出路外","2023",3,18,13,"陰","日間自然光線",30,"坡路","路肩、路緣","柏油","乾燥","良好","無號誌","無","未繪設快慢車道分隔線","無",58,"未使用",121.50917,24.980209,"新北市","中和區"
"側撞","2023",3,18,19,"晴","夜間(或隧道、地下道、涵洞)有照明",60,"四岔路","交叉路口內","柏油","乾燥","良好","正常","中央分向島","快慢車道分隔線","有",50,"未使用",120.513151,23.868991,"彰化縣","溪州鄉"
"側撞","2023",3,18,19,"晴","夜間(或隧道、地下道、涵洞)有照明",60,"四岔路","交叉路口內","柏油","乾燥","良好","正常","中央分向島","快慢車道分隔線","有",36,"未使用",120.513151,23.868991,"彰化縣","溪州鄉"
"側撞","2023",3,18,19,"晴","夜間(或隧道、地下道、涵洞)有照明",60,"四岔路","交叉路口內","柏油","乾燥","良好","正常","中央分向島","快慢車道分隔線","有",38,"未使用",120.513151,23.868991,"彰化縣","溪州鄉"
"側撞","2023",3,18,20,"陰","夜間(或隧道、地下道、涵洞)有照明",50,"四岔路","交叉路口內","柏油","乾燥","良好","正常","無","未繪設快慢車道分隔線","無",45,"未使用",121.218242,25.008546,"桃園市","中壢區"
"側撞","2023",3,18,20,"陰","夜間(或隧道、地下道、涵洞)有照明",50,"四岔路","交叉路口內","柏油","乾燥","良好","正常","無","未繪設快慢車道分隔線","無",25,"未使用",121.218242,25.008546,"桃園市","中壢區"
"側撞","2023",3,18,21,"晴","夜間(或隧道、地下道、涵洞)有照明",50,"四岔路","交叉口附近","柏油","乾燥","良好","正常","雙向禁止超車線","未繪設快慢車道分隔線","有",17,"未使用",120.520156,23.837308,"彰化縣","溪州鄉"
"側撞","2023",3,18,21,"晴","夜間(或隧道、地下道、涵洞)有照明",50,"四岔路","交叉口附近","柏油","乾燥","良好","正常","雙向禁止超車線","未繪設快慢車道分隔線","有",26,"未使用",120.520156,23.837308,"彰化縣","溪州鄉"
"側撞","2023",3,18,21,"晴","夜間(或隧道、地下道、涵洞)有照明",50,"四岔路","交叉口附近","柏油","乾燥","良好","正常","雙向禁止超車線","未繪設快慢車道分隔線","有",14,"未使用",120.520156,23.837308,"彰化縣","溪州鄉"
"撞護欄(樁)","2023",3,19,3,"晴","夜間(或隧道、地下道、涵洞)有照明",40,"彎曲路及附近","一般車道(未劃分快慢車道)","柏油","乾燥","良好","無號誌","雙向禁止超車線","未繪設快慢車道分隔線","有",44,"不明",121.448453,24.92782,"新北市","三峽區"
"追撞","2023",3,19,5,"晴","夜間(或隧道、地下道、涵洞)有照明",50,"直路","一般車道(未劃分快慢車道)","柏油","乾燥","良好","無號誌","無","未繪設快慢車道分隔線","有",59,"未使用",121.537106,25.053758,"臺北市","中山區"
"追撞","2023",3,19,5,"晴","夜間(或隧道、地下道、涵洞)有照明",50,"直路","一般車道(未劃分快慢車道)","柏油","乾燥","良好","無號誌","無","未繪設快慢車道分隔線","有",18,"未使用",121.537106,25.053758,"臺北市","中山區"
"追撞","2023",3,19,5,"晴","夜間(或隧道、地下道、涵洞)有照明",50,"直路","一般車道(未劃分快慢車道)","柏油","乾燥","良好","無號誌","無","未繪設快慢車道分隔線","有",19,"非駕駛人",121.537106,25.053758,"臺北市","中山區"
"側撞","2023",3,19,12,"晴","日間自然光線",30,"四岔路","交叉口附近","柏油","油滑","良好","無號誌","雙向禁止超車線","未繪設快慢車道分隔線","有",49,"未使用",120.591633,23.357635,"嘉義縣","番路鄉"
"側撞","2023",3,19,12,"晴","日間自然光線",30,"四岔路","交叉口附近","柏油","油滑","良好","無號誌","雙向禁止超車線","未繪設快慢車道分隔線","有",20,"未使用",120.591633,23.357635,"嘉義縣","番路鄉"
"側撞","2023",3,19,12,"晴","日間自然光線",30,"四岔路","交叉口附近","柏油","油滑","良好","無號誌","雙向禁止超車線","未繪設快慢車道分隔線","有",32,"未使用",120.591633,23.357635,"嘉義縣","番路鄉"
"穿越道路中","2023",3,19,19,"陰","夜間(或隧道、地下道、涵洞)有照明",50,"三岔路","交叉路口內","柏油","乾燥","良好","正常","中央分向島","未繪設快慢車道分隔線","無",21,"未使用",121.534909,25.014082,"臺北市","中正區"
"穿越道路中","2023",3,19,19,"陰","夜間(或隧道、地下道、涵洞)有照明",50,"三岔路","交叉路口內","柏油","乾燥","良好","正常","中央分向島","未繪設快慢車道分隔線","無",85,"非駕駛人",121.534909,25.014082,"臺北市","中正區"
"穿越道路中","2023",3,19,19,"陰","夜間(或隧道、地下道、涵洞)有照明",50,"三岔路","交叉路口內","柏油","乾燥","良好","正常","中央分向島","未繪設快慢車道分隔線","無",18,"非駕駛人",121.534909,25.014082,"臺北市","中正區"
"穿越道路中","2023",3,19,19,"晴","夜間(或隧道、地下道、涵洞)無照明",50,"三岔路","交叉路口內","柏油","乾燥","良好","無號誌","無","未繪設快慢車道分隔線","有",19,"未使用",120.542031,24.260743,"臺中市","梧棲區"
"穿越道路中","2023",3,19,19,"晴","夜間(或隧道、地下道、涵洞)無照明",50,"三岔路","交叉路口內","柏油","乾燥","良好","無號誌","無","未繪設快慢車道分隔線","有",79,"非駕駛人",120.542031,24.260743,"臺中市","梧棲區"
"衝出路外","2023",3,20,0,"晴","夜間(或隧道、地下道、涵洞)有照明",50,"四岔路","交叉口附近","柏油","乾燥","良好","正常","雙向禁止超車線","未繪設快慢車道分隔線","有",51,"不明",120.321991,23.774329,"雲林縣","崙背鄉"
"撞路樹、電桿","2023",3,20,7,"晴","日間自然光線",50,"直路","一般車道(未劃分快慢車道)","柏油","乾燥","良好","無號誌","行車分向線","未繪設快慢車道分隔線","有",63,"未使用",120.61297,23.941672,"彰化縣","員林市"
"路口交岔撞","2023",3,20,7,"晴","日間自然光線",30,"四岔路","交叉路口內","柏油","乾燥","良好","無號誌","無","未繪設快慢車道分隔線","有",25,"未使用",120.418758,23.713128,"雲林縣","虎尾鎮"
"路口交岔撞","2023",3,20,7,"晴","日間自然光線",30,"四岔路","交叉路口內","柏油","乾燥","良好","無號誌","無","未繪設快慢車道分隔線","有",62,"未使用",120.418758,23.713128,"雲林縣","虎尾鎮"
"撞護欄(樁)","2023",3,20,21,"晴","夜間(或隧道、地下道、涵洞)有照明",90,"直路","路肩、路緣","柏油","乾燥","良好","無號誌","中央分向島","未繪設快慢車道分隔線","有",34,"不明",120.201103,23.71276,"雲林縣","臺西鄉"
"側撞","2023",3,21,6,"晴","日間自然光線",30,"四岔路","交叉路口內","柏油","乾燥","良好","無號誌","無","未繪設快慢車道分隔線","無",60,"未使用",120.34492,22.68671,"高雄市","仁武區"
"側撞","2023",3,21,6,"晴","日間自然光線",30,"四岔路","交叉路口內","柏油","乾燥","良好","無號誌","無","未繪設快慢車道分隔線","無",19,"不明",120.34492,22.68671,"高雄市","仁武區"
"側撞","2023",3,21,7,"晴","日間自然光線",50,"直路","一般車道(未劃分快慢車道)","柏油","乾燥","良好","無號誌","行車分向線","未繪設快慢車道分隔線","有",65,"未使用",120.504663,22.777052,"屏東縣","里港鄉"
"側撞","2023",3,21,7,"晴","日間自然光線",50,"直路","一般車道(未劃分快慢車道)","柏油","乾燥","良好","無號誌","行車分向線","未繪設快慢車道分隔線","有",33,"未使用",120.504663,22.777052,"屏東縣","里港鄉"
"同向擦撞","2023",3,22,15,"晴","日間自然光線",50,"直路","一般車道(未劃分快慢車道)","柏油","乾燥","良好","無號誌","中央分向島","未繪設快慢車道分隔線","有",47,"未使用",120.529594,24.065647,"彰化縣","彰化市"
"同向擦撞","2023",3,22,15,"晴","日間自然光線",50,"直路","一般車道(未劃分快慢車道)","柏油","乾燥","良好","無號誌","中央分向島","未繪設快慢車道分隔線","有",43,"未使用",120.529594,24.065647,"彰化縣","彰化市"
"追撞","2023",3,22,16,"晴","日間自然光線",50,"橋樑","慢車道","柏油","乾燥","良好","無號誌","雙向禁止超車線","快慢車道分隔線","有",33,"不明",121.091448,22.823566,"臺東縣","卑南鄉"
"追撞","2023",3,22,16,"晴","日間自然光線",50,"橋樑","慢車道","柏油","乾燥","良好","無號誌","雙向禁止超車線","快慢車道分隔線","有",48,"未使用",121.091448,22.823566,"臺東縣","卑南鄉"
"側撞","2023",3,22,22,"晴","夜間(或隧道、地下道、涵洞)有照明",60,"四岔路","交叉路口內","柏油","乾燥","良好","正常","無","未繪設快慢車道分隔線","無",30,"未使用",120.3183,22.67557,"高雄市","左營區"
"側撞","2023",3,22,22,"晴","夜間(或隧道、地下道、涵洞)有照明",60,"四岔路","交叉路口內","柏油","乾燥","良好","正常","無","未繪設快慢車道分隔線","無",22,"未使用",120.3183,22.67557,"高雄市","左營區"
"側撞","2023",3,22,22,"晴","夜間(或隧道、地下道、涵洞)有照明",60,"四岔路","交叉路口內","柏油","乾燥","良好","正常","無","未繪設快慢車道分隔線","無",15,"未使用",120.3183,22.67557,"高雄市","左營區"
"其他","2023",3,23,9,"晴","日間自然光線",40,"三岔路","交叉路口內","柏油","乾燥","良好","正常","中央分向島","快慢車道分隔線","有",71,"未使用",120.461693,22.506304,"屏東縣","新園鄉"
"其他","2023",3,23,9,"晴","日間自然光線",40,"三岔路","交叉路口內","柏油","乾燥","良好","正常","中央分向島","快慢車道分隔線","有",53,"不明",120.461693,22.506304,"屏東縣","新園鄉"
"撞護欄(樁)","2023",3,23,9,"晴","日間自然光線",80,"直路","快車道","柏油","乾燥","良好","無號誌","中央分向島","未繪設快慢車道分隔線","有",46,"不明",120.720054,24.575173,"苗栗縣","後龍鎮"
"側撞","2023",3,23,12,"晴","日間自然光線",70,"三岔路","交叉路口內","柏油","乾燥","良好","正常","無","未繪設快慢車道分隔線","無",51,"未使用",120.46529,23.617484,"嘉義縣","大林鎮"
"側撞","2023",3,23,12,"晴","日間自然光線",70,"三岔路","交叉路口內","柏油","乾燥","良好","正常","無","未繪設快慢車道分隔線","無",20,"未使用",120.46529,23.617484,"嘉義縣","大林鎮"
"對向擦撞","2023",3,23,16,"晴","日間自然光線",50,"彎曲路及附近","一般車道(未劃分快慢車道)","柏油","乾燥","良好","無號誌","雙向禁止超車線","未繪設快慢車道分隔線","有",56,"未使用",121.10748,24.945242,"桃園市","楊梅區"
"對向擦撞","2023",3,23,16,"晴","日間自然光線",50,"彎曲路及附近","一般車道(未劃分快慢車道)","柏油","乾燥","良好","無號誌","雙向禁止超車線","未繪設快慢車道分隔線","有",49,"不明",121.10748,24.945242,"桃園市","楊梅區"
"對向擦撞","2023",3,23,16,"晴","日間自然光線",50,"彎曲路及附近","一般車道(未劃分快慢車道)","柏油","乾燥","良好","無號誌","雙向禁止超車線","未繪設快慢車道分隔線","有",45,"不明",121.10748,24.945242,"桃園市","楊梅區"
"對向擦撞","2023",3,23,16,"晴","日間自然光線",50,"彎曲路及附近","一般車道(未劃分快慢車道)","柏油","乾燥","良好","無號誌","雙向禁止超車線","未繪設快慢車道分隔線","有",49,"未使用",121.10748,24.945242,"桃園市","楊梅區"
"對向擦撞","2023",3,23,16,"晴","日間自然光線",50,"彎曲路及附近","一般車道(未劃分快慢車道)","柏油","乾燥","良好","無號誌","雙向禁止超車線","未繪設快慢車道分隔線","有",47,"不明",121.10748,24.945242,"桃園市","楊梅區"
"對向擦撞","2023",3,23,16,"晴","日間自然光線",50,"彎曲路及附近","一般車道(未劃分快慢車道)","柏油","乾燥","良好","無號誌","雙向禁止超車線","未繪設快慢車道分隔線","有",37,"不明",121.10748,24.945242,"桃園市","楊梅區"
"對向擦撞","2023",3,23,16,"晴","日間自然光線",50,"彎曲路及附近","一般車道(未劃分快慢車道)","柏油","乾燥","良好","無號誌","雙向禁止超車線","未繪設快慢車道分隔線","有",30,"不明",121.10748,24.945242,"桃園市","楊梅區"
"路口交岔撞","2023",3,23,18,"晴","夜間(或隧道、地下道、涵洞)有照明",30,"四岔路","交叉路口內","柏油","乾燥","良好","正常","無","未繪設快慢車道分隔線","無",85,"未使用",120.254137,23.236962,"臺南市","下營區"
"路口交岔撞","2023",3,23,18,"晴","夜間(或隧道、地下道、涵洞)有照明",30,"四岔路","交叉路口內","柏油","乾燥","良好","正常","無","未繪設快慢車道分隔線","無",38,"未使用",120.254137,23.236962,"臺南市","下營區"
"衝出路外","2023",3,24,0,"晴","夜間(或隧道、地下道、涵洞)有照明",50,"直路","一般車道(未劃分快慢車道)","柏油","乾燥","良好","無號誌","雙向禁止超車線","未繪設快慢車道分隔線","有",22,"不明",120.107366,23.213899,"臺南市","將軍區"
"衝出路外","2023",3,24,0,"晴","夜間(或隧道、地下道、涵洞)有照明",50,"直路","一般車道(未劃分快慢車道)","柏油","乾燥","良好","無號誌","雙向禁止超車線","未繪設快慢車道分隔線","有",19,"非駕駛人",120.107366,23.213899,"臺南市","將軍區"
"撞路樹、電桿","2023",3,24,5,"晴","夜間(或隧道、地下道、涵洞)有照明",50,"彎曲路及附近","一般車道(未劃分快慢車道)","柏油","乾燥","良好","無號誌","雙向禁止超車線","未繪設快慢車道分隔線","有",21,"未使用",121.805385,24.794027,"宜蘭縣","壯圍鄉"
"側撞","2023",3,24,6,"晴","日間自然光線",50,"四岔路","交叉路口內","柏油","乾燥","良好","正常","中央分向島","快慢車道分隔線","有",62,"未使用",120.491873,22.756092,"屏東縣","九如鄉"
"側撞","2023",3,24,6,"晴","日間自然光線",50,"四岔路","交叉路口內","柏油","乾燥","良好","正常","中央分向島","快慢車道分隔線","有",45,"未使用",120.491873,22.756092,"屏東縣","九如鄉"
"路口交岔撞","2023",3,24,8,"晴","日間自然光線",50,"四岔路","交叉路口內","柏油","乾燥","良好","正常","無","未繪設快慢車道分隔線","無",51,"未使用",120.690653,24.13471,"臺中市","東區"
"路口交岔撞","2023",3,24,8,"晴","日間自然光線",50,"四岔路","交叉路口內","柏油","乾燥","良好","正常","無","未繪設快慢車道分隔線","無",59,"未使用",120.690653,24.13471,"臺中市","東區"
"撞路樹、電桿","2023",3,24,10,"晴","日間自然光線",40,"直路","慢車道","柏油","乾燥","良好","無號誌","中央分向島","快慢車道分隔線","有",21,"未使用",120.293816,23.284958,"臺南市","柳營區"
"側撞","2023",3,24,10,"晴","日間自然光線",50,"三岔路","交叉路口內","柏油","乾燥","良好","正常","無","未繪設快慢車道分隔線","無",37,"未使用",120.540564,23.721975,"雲林縣","斗六市"
"側撞","2023",3,24,10,"晴","日間自然光線",50,"三岔路","交叉路口內","柏油","乾燥","良好","正常","無","未繪設快慢車道分隔線","無",45,"未使用",120.540564,23.721975,"雲林縣","斗六市"
"側撞","2023",3,24,10,"晴","日間自然光線",50,"三岔路","交叉路口內","柏油","乾燥","良好","正常","無","未繪設快慢車道分隔線","無",63,"非駕駛人",120.540564,23.721975,"雲林縣","斗六市"
"其他","2023",3,24,16,"晴","日間自然光線",60,"直路","交通島(含槽化線)","柏油","乾燥","良好","無號誌","中央分向島","未繪設快慢車道分隔線","有",43,"不明",120.293088,23.205577,"臺南市","官田區"
"其他","2023",3,24,21,"晴","日間自然光線",50,"直路","一般車道(未劃分快慢車道)","柏油","乾燥","良好","無號誌","中央分向島","未繪設快慢車道分隔線","有",26,"不明",120.605578,24.193076,"臺中市","西屯區"
"其他","2023",3,24,21,"晴","日間自然光線",50,"直路","一般車道(未劃分快慢車道)","柏油","乾燥","良好","無號誌","中央分向島","未繪設快慢車道分隔線","有",36,"不明",120.605578,24.193076,"臺中市","西屯區"
"其他","2023",3,24,21,"晴","日間自然光線",50,"直路","一般車道(未劃分快慢車道)","柏油","乾燥","良好","無號誌","中央分向島","未繪設快慢車道分隔線","有",25,"非駕駛人",120.605578,24.193076,"臺中市","西屯區"
"其他","2023",3,24,21,"晴","日間自然光線",50,"直路","一般車道(未劃分快慢車道)","柏油","乾燥","良好","無號誌","中央分向島","未繪設快慢車道分隔線","有",19,"非駕駛人",120.605578,24.193076,"臺中市","西屯區"
"其他","2023",3,24,21,"晴","日間自然光線",50,"直路","一般車道(未劃分快慢車道)","柏油","乾燥","良好","無號誌","中央分向島","未繪設快慢車道分隔線","有",18,"非駕駛人",120.605578,24.193076,"臺中市","西屯區"
"其他","2023",3,24,21,"晴","日間自然光線",50,"直路","一般車道(未劃分快慢車道)","柏油","乾燥","良好","無號誌","中央分向島","未繪設快慢車道分隔線","有",25,"非駕駛人",120.605578,24.193076,"臺中市","西屯區"
"其他","2023",3,24,21,"晴","日間自然光線",50,"直路","一般車道(未劃分快慢車道)","柏油","乾燥","良好","無號誌","中央分向島","未繪設快慢車道分隔線","有",33,"非駕駛人",120.605578,24.193076,"臺中市","西屯區"
"其他","2023",3,24,21,"晴","日間自然光線",50,"直路","一般車道(未劃分快慢車道)","柏油","乾燥","良好","無號誌","中央分向島","未繪設快慢車道分隔線","有",38,"非駕駛人",120.605578,24.193076,"臺中市","西屯區"
"其他","2023",3,24,21,"晴","日間自然光線",50,"直路","一般車道(未劃分快慢車道)","柏油","乾燥","良好","無號誌","中央分向島","未繪設快慢車道分隔線","有",33,"非駕駛人",120.605578,24.193076,"臺中市","西屯區"
"撞路樹、電桿","2023",3,25,0,"陰","夜間(或隧道、地下道、涵洞)有照明",30,"直路","一般車道(未劃分快慢車道)","柏油","乾燥","良好","無號誌","無","未繪設快慢車道分隔線","有",40,"未使用",120.505862,24.134198,"彰化縣","和美鎮"
"路口交岔撞","2023",3,25,6,"晴","晨或暮光",50,"多岔路","交叉路口內","柏油","乾燥","不良","正常","雙向禁止超車線","未繪設快慢車道分隔線","有",69,"未使用",120.356955,23.701122,"雲林縣","土庫鎮"
"路口交岔撞","2023",3,25,6,"晴","晨或暮光",50,"多岔路","交叉路口內","柏油","乾燥","不良","正常","雙向禁止超車線","未繪設快慢車道分隔線","有",46,"未使用",120.356955,23.701122,"雲林縣","土庫鎮"
"路口交岔撞","2023",3,25,12,"晴","日間自然光線",30,"四岔路","交叉路口內","柏油","乾燥","良好","無號誌","無","未繪設快慢車道分隔線","無",59,"不明",120.253467,23.660402,"雲林縣","東勢鄉"
"路口交岔撞","2023",3,25,12,"晴","日間自然光線",30,"四岔路","交叉路口內","柏油","乾燥","良好","無號誌","無","未繪設快慢車道分隔線","無",65,"不明",120.253467,23.660402,"雲林縣","東勢鄉"
"穿越道路中","2023",3,25,17,"雨","日間自然光線",50,"四岔路","交叉路口內","柏油","濕潤","良好","正常","中央分向島","未繪設快慢車道分隔線","有",47,"未使用",121.508042,25.036611,"臺北市","中正區"
"穿越道路中","2023",3,25,17,"雨","日間自然光線",50,"四岔路","交叉路口內","柏油","濕潤","良好","正常","中央分向島","未繪設快慢車道分隔線","有",74,"非駕駛人",121.508042,25.036611,"臺北市","中正區"
"穿越道路中","2023",3,25,21,"晴","夜間(或隧道、地下道、涵洞)有照明",50,"四岔路","交叉路口內","柏油","乾燥","良好","正常","行車分向線","未繪設快慢車道分隔線","無",23,"未使用",120.54036,24.072304,"彰化縣","彰化市"
"穿越道路中","2023",3,25,21,"晴","夜間(或隧道、地下道、涵洞)有照明",50,"四岔路","交叉路口內","柏油","乾燥","良好","正常","行車分向線","未繪設快慢車道分隔線","無",70,"未使用",120.54036,24.072304,"彰化縣","彰化市"
"撞路樹、電桿","2023",3,26,23,"陰","夜間(或隧道、地下道、涵洞)有照明",50,"直路","路肩、路緣","柏油","乾燥","良好","無號誌","雙向禁止超車線","快慢車道分隔線","有",21,"不明",120.341981,23.710944,"雲林縣","褒忠鄉"
"同向擦撞","2023",3,27,8,"晴","日間自然光線",50,"直路","一般車道(未劃分快慢車道)","柏油","乾燥","良好","無號誌","行車分向線","未繪設快慢車道分隔線","無",70,"未使用",121.60212,25.052557,"臺北市","南港區"
"同向擦撞","2023",3,27,8,"晴","日間自然光線",50,"直路","一般車道(未劃分快慢車道)","柏油","乾燥","良好","無號誌","行車分向線","未繪設快慢車道分隔線","無",57,"未使用",121.60212,25.052557,"臺北市","南港區"
"衝出路外","2023",3,27,16,"陰","日間自然光線",50,"四岔路","交叉口附近","柏油","乾燥","良好","正常","雙向禁止超車線","未繪設快慢車道分隔線","有",35,"未使用",120.432333,23.731389,"雲林縣","虎尾鎮"
"其他","2023",3,27,20,"雨","夜間(或隧道、地下道、涵洞)有照明",50,"四岔路","交叉路口內","柏油","濕潤","良好","正常","無","未繪設快慢車道分隔線","無",23,"未使用",120.634897,24.198062,"臺中市","西屯區"
"其他","2023",3,27,20,"雨","夜間(或隧道、地下道、涵洞)有照明",50,"四岔路","交叉路口內","柏油","濕潤","良好","正常","無","未繪設快慢車道分隔線","無",25,"未使用",120.634897,24.198062,"臺中市","西屯區"
"撞交通島","2023",3,28,4,"雨","夜間(或隧道、地下道、涵洞)有照明",80,"直路","一般車道(未劃分快慢車道)","柏油","濕潤","良好","無號誌","中央分向島","未繪設快慢車道分隔線","有",47,"不明",121.772482,25.131791,"基隆市","中正區"
"撞交通島","2023",3,28,4,"雨","夜間(或隧道、地下道、涵洞)有照明",80,"直路","一般車道(未劃分快慢車道)","柏油","濕潤","良好","無號誌","中央分向島","未繪設快慢車道分隔線","有",35,"不明",121.772482,25.131791,"基隆市","中正區"
"撞交通島","2023",3,28,4,"雨","夜間(或隧道、地下道、涵洞)有照明",80,"直路","一般車道(未劃分快慢車道)","柏油","濕潤","良好","無號誌","中央分向島","未繪設快慢車道分隔線","有",39,"不明",121.772482,25.131791,"基隆市","中正區"
"對撞","2023",3,28,5,"晴","夜間(或隧道、地下道、涵洞)有照明",60,"彎曲路及附近","快車道","柏油","乾燥","不良","無號誌","中央分向島","快慢車道分隔線","有",69,"未使用",120.649593,22.27574,"屏東縣","枋山鄉"
"對撞","2023",3,28,5,"晴","夜間(或隧道、地下道、涵洞)有照明",60,"彎曲路及附近","快車道","柏油","乾燥","不良","無號誌","中央分向島","快慢車道分隔線","有",56,"未使用",120.649593,22.27574,"屏東縣","枋山鄉"
"其他","2023",3,28,7,"陰","日間自然光線",50,"直路","一般車道(未劃分快慢車道)","柏油","濕潤","良好","無號誌","中央分向島","未繪設快慢車道分隔線","無",51,"不明",120.984581,24.816161,"新竹市","東區"
"其他","2023",3,28,7,"陰","日間自然光線",50,"直路","一般車道(未劃分快慢車道)","柏油","濕潤","良好","無號誌","中央分向島","未繪設快慢車道分隔線","無",25,"不明",120.984581,24.816161,"新竹市","東區"
"其他","2023",3,28,7,"陰","日間自然光線",50,"直路","一般車道(未劃分快慢車道)","柏油","濕潤","良好","無號誌","中央分向島","未繪設快慢車道分隔線","無",32,"不明",120.984581,24.816161,"新竹市","東區"
"側撞","2023",3,28,10,"晴","日間自然光線",50,"四岔路","交叉路口內","柏油","乾燥","良好","正常","無","未繪設快慢車道分隔線","無",65,"未使用",121.387216,25.077698,"新北市","林口區"
"側撞","2023",3,28,10,"晴","日間自然光線",50,"四岔路","交叉路口內","柏油","乾燥","良好","正常","無","未繪設快慢車道分隔線","無",56,"未使用",121.387216,25.077698,"新北市","林口區"
"側撞","2023",3,28,11,"晴","日間自然光線",70,"三岔路","交叉路口內","柏油","乾燥","良好","無號誌","中央分向島","未繪設快慢車道分隔線","有",83,"未使用",120.542204,22.418992,"屏東縣","佳冬鄉"
"側撞","2023",3,28,11,"晴","日間自然光線",70,"三岔路","交叉路口內","柏油","乾燥","良好","無號誌","中央分向島","未繪設快慢車道分隔線","有",64,"未使用",120.542204,22.418992,"屏東縣","佳冬鄉"
"側撞","2023",3,28,11,"晴","日間自然光線",70,"三岔路","交叉路口內","柏油","乾燥","良好","無號誌","中央分向島","未繪設快慢車道分隔線","有",55,"未使用",120.542204,22.418992,"屏東縣","佳冬鄉"
"側撞","2023",3,28,14,"晴","日間自然光線",50,"四岔路","交叉口附近","柏油","乾燥","良好","正常","無","未繪設快慢車道分隔線","無",70,"未使用",120.593421,23.971095,"彰化縣","員林市"
"側撞","2023",3,28,14,"晴","日間自然光線",50,"四岔路","交叉口附近","柏油","乾燥","良好","正常","無","未繪設快慢車道分隔線","無",48,"未使用",120.593421,23.971095,"彰化縣","員林市"
"其他","2023",3,28,16,"晴","日間自然光線",40,"直路","慢車道","柏油","乾燥","良好","無號誌","中央分向島","窄式快慢車道分隔島(無柵欄)","無",70,"未使用",120.315842,22.658902,"高雄市","三民區"