"事故類型及型態子類別名稱","發生年度","發生月份","發生日期","發生時間","天候名稱","光線名稱","速限.第1當事者","道路型態子類別名稱","事故位置子類別名稱","路面狀況.路面鋪裝名稱","路面狀況.路面狀態名稱","道路障礙.視距品質名稱","號誌.號誌動作名稱","車道劃分設施.分向設施大類別名稱","車道劃分設施.分道設施.快慢車道間名稱","車道劃分設施.分道設施.路面邊線名稱","當事者事故發生時年齡","行動電話或電腦或其他相類功能裝置名稱","經度","緯度","縣市","鄉鎮"
"其他","2023",3,28,16,"晴","日間自然光線",40,"直路","慢車道","柏油","乾燥","良好","無號誌","中央分向島","窄式快慢車道分隔島(無柵欄)","無",19,"未使用",120.315842,22.658902,"高雄市","三民區"
"側撞","2023",3,28,17,"陰","晨或暮光",50,"四岔路","交叉路口內","柏油","濕潤","良好","無號誌","無","未繪設快慢車道分隔線","無",43,"不明",121.313295,24.985547,"桃園市","桃園區"
"側撞","2023",3,28,17,"陰","晨或暮光",50,"四岔路","交叉路口內","柏油","濕潤","良好","無號誌","無","未繪設快慢車道分隔線","無",38,"不明",121.313295,24.985547,"桃園市","桃園區"
"其他","2023",3,28,18,"晴","夜間(或隧道、地下道、涵洞)有照明",70,"直路","一般車道(未劃分快慢車道)","柏油","乾燥","良好","無號誌","中央分向島","未繪設快慢車道分隔線","有",24,"不明",120.430943,22.683744,"高雄市","大樹區"
"其他","2023",3,28,18,"晴","夜間(或隧道、地下道、涵洞)有照明",70,"直路","一般車道(未劃分快慢車道)","柏油","乾燥","良好","無號誌","中央分向島","未繪設快慢車道分隔線","有",43,"不明",120.430943,22.683744,"高雄市","大樹區"
"側撞","2023",3,28,21,"晴","夜間(或隧道、地下道、涵洞)有照明",50,"四岔路","交叉路口內","柏油","乾燥","良好","正常","無","未繪設快慢車道分隔線","無",17,"不明",121.449328,25.178036,"新北市","淡水區"
"側撞","2023",3,28,21,"晴","夜間(或隧道、地下道、涵洞)有照明",50,"四岔路","交叉路口內","柏油","乾燥","良好","正常","無","未繪設快慢車道分隔線","無",28,"不明",121.449328,25.178036,"新北市","淡水區"
"側撞","2023",3,28,21,"晴","夜間(或隧道、地下道、涵洞)有照明",50,"四岔路","交叉路口內","柏油","乾燥","良好","正常","無","未繪設快慢車道分隔線","無",21,"非駕駛人",121.449328,25.178036,"新北市","淡水區"
"穿越道路中","2023",3,29,10,"晴","日間自然光線",50,"三岔路","交叉路口內","柏油","乾燥","良好","無號誌","行車分向線","未繪設快慢車道分隔線","有",61,"未使用",121.518136,25.08863,"臺北市","士林區"
"穿越道路中","2023",3,29,10,"晴","日間自然光線",50,"三岔路","交叉路口內","柏油","乾燥","良好","無號誌","行車分向線","未繪設快慢車道分隔線","有",79,"非駕駛人",121.518136,25.08863,"臺北市","士林區"
"穿越道路中","2023",3,29,10,"晴","日間自然光線",50,"直路","一般車道(未劃分快慢車道)","柏油","乾燥","良好","無號誌","行車分向線","未繪設快慢車道分隔線","有",34,"未使用",121.502246,25.064057,"新北市","三重區"
"穿越道路中","2023",3,29,10,"晴","日間自然光線",50,"直路","一般車道(未劃分快慢車道)","柏油","乾燥","良好","無號誌","行車分向線","未繪設快慢車道分隔線","有",85,"非駕駛人",121.502246,25.064057,"新北市","三重區"
"撞路樹、電桿","2023",3,30,10,"陰","日間自然光線",50,"直路","一般車道(未劃分快慢車道)","柏油","乾燥","良好","無號誌","中央分向島","未繪設快慢車道分隔線","有",25,"不明",121.32828,25.121587,"新北市","林口區"
"側撞","2023",3,30,15,"晴","日間自然光線",50,"四岔路","交叉路口內","柏油","乾燥","良好","無動作","無","未繪設快慢車道分隔線","有",67,"未使用",120.494406,22.775186,"屏東縣","里港鄉"
"側撞","2023",3,30,15,"晴","日間自然光線",50,"四岔路","交叉路口內","柏油","乾燥","良好","無動作","無","未繪設快慢車道分隔線","有",51,"未使用",120.494406,22.775186,"屏東縣","里港鄉"
"穿越道路中","2023",3,31,4,"晴","夜間(或隧道、地下道、涵洞)有照明",50,"四岔路","交叉路口內","柏油","乾燥","良好","正常","無","未繪設快慢車道分隔線","無",56,"未使用",120.195,22.985408,"臺南市","南區"
"穿越道路中","2023",3,31,4,"晴","夜間(或隧道、地下道、涵洞)有照明",50,"四岔路","交叉路口內","柏油","乾燥","良好","正常","無","未繪設快慢車道分隔線","無",43,"未使用",120.195,22.985408,"臺南市","南區"
"撞路樹、電桿","2023",3,31,14,"晴","日間自然光線",30,"三岔路","一般車道(未劃分快慢車道)","柏油","乾燥","良好","無號誌","無","未繪設快慢車道分隔線","有",57,"未使用",120.568419,22.523172,"屏東縣","潮州鎮"
"追撞","2023",3,31,14,"晴","日間自然光線",90,"直路","快車道","柏油","乾燥","良好","無號誌","中央分向島","未繪設快慢車道分隔線","有",34,"未使用",120.218495,22.928277,"臺南市","仁德區"
"追撞","2023",3,31,14,"晴","日間自然光線",90,"直路","快車道","柏油","乾燥","良好","無號誌","中央分向島","未繪設快慢車道分隔線","有",59,"不明",120.218495,22.928277,"臺南市","仁德區"
"追撞","2023",3,31,14,"晴","日間自然光線",90,"直路","快車道","柏油","乾燥","良好","無號誌","中央分向島","未繪設快慢車道分隔線","有",60,"未使用",120.218495,22.928277,"臺南市","仁德區"
"路口交岔撞","2023",3,31,15,"晴","日間自然光線",30,"四岔路","交叉路口內","柏油","乾燥","良好","無號誌","無","未繪設快慢車道分隔線","有",62,"未使用",120.657878,24.003822,"南投縣","草屯鎮"
"路口交岔撞","2023",3,31,15,"晴","日間自然光線",30,"四岔路","交叉路口內","柏油","乾燥","良好","無號誌","無","未繪設快慢車道分隔線","有",25,"未使用",120.657878,24.003822,"南投縣","草屯鎮"
"其他","2023",3,31,17,"晴","日間自然光線",50,"直路","一般車道(未劃分快慢車道)","柏油","乾燥","良好","正常","中央分向島","未繪設快慢車道分隔線","無",60,"未使用",121.520625,25.026815,"臺北市","中正區"
"其他","2023",3,31,17,"晴","日間自然光線",50,"直路","一般車道(未劃分快慢車道)","柏油","乾燥","良好","正常","中央分向島","未繪設快慢車道分隔線","無",59,"未使用",121.520625,25.026815,"臺北市","中正區"
"其他","2023",3,31,17,"晴","日間自然光線",50,"直路","一般車道(未劃分快慢車道)","柏油","乾燥","良好","正常","中央分向島","未繪設快慢車道分隔線","無",24,"未使用",121.520625,25.026815,"臺北市","中正區"
"路口交岔撞","2023",3,31,18,"晴","晨或暮光",50,"四岔路","交叉路口內","柏油","乾燥","良好","無號誌","無","未繪設快慢車道分隔線","無",91,"未使用",120.672471,24.149506,"臺中市","西區"
"路口交岔撞","2023",3,31,18,"晴","晨或暮光",50,"四岔路","交叉路口內","柏油","乾燥","良好","無號誌","無","未繪設快慢車道分隔線","無",50,"未使用",120.672471,24.149506,"臺中市","西區"
"路口交岔撞","2023",3,31,18,"晴","晨或暮光",50,"四岔路","交叉路口內","柏油","乾燥","良好","無號誌","無","未繪設快慢車道分隔線","無",21,"未使用",120.672471,24.149506,"臺中市","西區"
"衝出路外","2023",3,31,19,"陰","夜間(或隧道、地下道、涵洞)無照明",30,"直路","一般車道(未劃分快慢車道)","柏油","乾燥","良好","無號誌","無","未繪設快慢車道分隔線","無",53,"未使用",121.090789,22.795933,"臺東縣","卑南鄉"
"路上翻車、摔倒","2023",3,31,20,"晴","夜間(或隧道、地下道、涵洞)有照明",30,"直路","一般車道(未劃分快慢車道)","柏油","乾燥","良好","無號誌","無","未繪設快慢車道分隔線","無",58,"不明",120.406593,23.67494,"雲林縣","虎尾鎮"
"撞號誌、標誌桿","2023",3,31,22,"晴","夜間(或隧道、地下道、涵洞)無照明",30,"彎曲路及附近","一般車道(未劃分快慢車道)","柏油","乾燥","良好","無號誌","無","未繪設快慢車道分隔線","有",32,"不明",120.809939,22.07133,"屏東縣","牡丹鄉"
"撞交通島","2023",4,1,3,"雨","夜間(或隧道、地下道、涵洞)有照明",50,"直路","一般車道(未劃分快慢車道)","柏油","濕潤","良好","無號誌","中央分向島","未繪設快慢車道分隔線","有",30,"未使用",121.470477,25.046069,"新北市","三重區"
"衝出路外","2023",4,1,7,"陰","日間自然光線",100,"直路","快車道","柏油","乾燥","良好","無號誌","中央分向島","未繪設快慢車道分隔線","有",22,"未使用",120.3179,23.428876,"嘉義縣","鹿草鄉"
"衝出路外","2023",4,1,7,"陰","日間自然光線",100,"直路","快車道","柏油","乾燥","良好","無號誌","中央分向島","未繪設快慢車道分隔線","有",17,"未使用",120.3179,23.428876,"嘉義縣","鹿草鄉"
"撞交通島","2023",4,1,18,"陰","夜間(或隧道、地下道、涵洞)有照明",50,"直路","一般車道(未劃分快慢車道)","柏油","濕潤","良好","無號誌","中央分向島","未繪設快慢車道分隔線","無",58,"未使用",120.707588,24.182375,"臺中市","北屯區"
"路口交岔撞","2023",4,1,20,"陰","夜間(或隧道、地下道、涵洞)有照明",50,"四岔路","交叉路口內","柏油","乾燥","不良","無動作","無","未繪設快慢車道分隔線","無",23,"不明",120.801075,24.646449,"苗栗縣","後龍鎮"
"路口交岔撞","2023",4,1,20,"陰","夜間(或隧道、地下道、涵洞)有照明",50,"四岔路","交叉路口內","柏油","乾燥","不良","無動作","無","未繪設快慢車道分隔線","無",32,"不明",120.801075,24.646449,"苗栗縣","後龍鎮"
"路口交岔撞","2023",4,1,20,"陰","夜間(或隧道、地下道、涵洞)有照明",50,"四岔路","交叉路口內","柏油","乾燥","不良","無動作","無","未繪設快慢車道分隔線","無",24,"不明",120.801075,24.646449,"苗栗縣","後龍鎮"
"追撞","2023",4,2,1,"晴","夜間(或隧道、地下道、涵洞)有照明",110,"直路","快車道","柏油","乾燥","良好","無號誌","中央分向島","未繪設快慢車道分隔線","有",20,"不明",120.617928,24.139493,"臺中市","南屯區"
"追撞","2023",4,2,1,"晴","夜間(或隧道、地下道、涵洞)有照明",110,"直路","快車道","柏油","乾燥","良好","無號誌","中央分向島","未繪設快慢車道分隔線","有",46,"未使用",120.617928,24.139493,"臺中市","南屯區"
"追撞","2023",4,2,1,"晴","夜間(或隧道、地下道、涵洞)有照明",110,"直路","快車道","柏油","乾燥","良好","無號誌","中央分向島","未繪設快慢車道分隔線","有",32,"未使用",120.617928,24.139493,"臺中市","南屯區"
"追撞","2023",4,2,1,"晴","夜間(或隧道、地下道、涵洞)有照明",110,"直路","快車道","柏油","乾燥","良好","無號誌","中央分向島","未繪設快慢車道分隔線","有",64,"未使用",120.617928,24.139493,"臺中市","南屯區"
"追撞","2023",4,2,1,"晴","夜間(或隧道、地下道、涵洞)有照明",110,"直路","快車道","柏油","乾燥","良好","無號誌","中央分向島","未繪設快慢車道分隔線","有",31,"未使用",120.617928,24.139493,"臺中市","南屯區"
"追撞","2023",4,2,1,"晴","夜間(或隧道、地下道、涵洞)有照明",110,"直路","快車道","柏油","乾燥","良好","無號誌","中央分向島","未繪設快慢車道分隔線","有",36,"未使用",120.617928,24.139493,"臺中市","南屯區"
"追撞","2023",4,2,1,"晴","夜間(或隧道、地下道、涵洞)有照明",110,"直路","快車道","柏油","乾燥","良好","無號誌","中央分向島","未繪設快慢車道分隔線","有",36,"未使用",120.617928,24.139493,"臺中市","南屯區"
"追撞","2023",4,2,1,"晴","夜間(或隧道、地下道、涵洞)有照明",110,"直路","快車道","柏油","乾燥","良好","無號誌","中央分向島","未繪設快慢車道分隔線","有",20,"非駕駛人",120.617928,24.139493,"臺中市","南屯區"
"路上翻車、摔倒","2023",4,2,2,"晴","夜間(或隧道、地下道、涵洞)有照明",50,"彎曲路及附近","一般車道(未劃分快慢車道)","柏油","乾燥","良好","無號誌","中央分向島","未繪設快慢車道分隔線","無",16,"不明",120.599193,24.191906,"臺中市","西屯區"
"穿越道路中","2023",4,2,5,"晴","晨或暮光",40,"四岔路","交叉口附近","柏油","乾燥","良好","正常","雙向禁止超車線","快慢車道分隔線","有",83,"非駕駛人",120.480769,22.679241,"屏東縣","屏東市"
"穿越道路中","2023",4,2,5,"晴","晨或暮光",40,"四岔路","交叉口附近","柏油","乾燥","良好","正常","雙向禁止超車線","快慢車道分隔線","有",65,"未使用",120.480769,22.679241,"屏東縣","屏東市"
"穿越道路中","2023",4,2,10,"晴","日間自然光線",50,"三岔路","交叉路口內","柏油","乾燥","良好","無號誌","無","未繪設快慢車道分隔線","無",73,"非駕駛人",121.211165,24.865034,"桃園市","龍潭區"
"穿越道路中","2023",4,2,10,"晴","日間自然光線",50,"三岔路","交叉路口內","柏油","乾燥","良好","無號誌","無","未繪設快慢車道分隔線","無",45,"未使用",121.211165,24.865034,"桃園市","龍潭區"
"對撞","2023",4,3,5,"陰","日間自然光線",60,"直路","快車道","柏油","乾燥","良好","無號誌","雙向禁止超車線","快慢車道分隔線","有",21,"未使用",121.296905,23.254218,"花蓮縣","富里鄉"
"對撞","2023",4,3,5,"陰","日間自然光線",60,"直路","快車道","柏油","乾燥","良好","無號誌","雙向禁止超車線","快慢車道分隔線","有",59,"未使用",121.296905,23.254218,"花蓮縣","富里鄉"
"對撞","2023",4,3,5,"陰","日間自然光線",60,"直路","快車道","柏油","乾燥","良好","無號誌","雙向禁止超車線","快慢車道分隔線","有",30,"非駕駛人",121.296905,23.254218,"花蓮縣","富里鄉"
"對撞","2023",4,3,5,"陰","日間自然光線",60,"直路","快車道","柏油","乾燥","良好","無號誌","雙向禁止超車線","快慢車道分隔線","有",32,"非駕駛人",121.296905,23.254218,"花蓮縣","富里鄉"
"對撞","2023",4,3,5,"陰","日間自然光線",60,"直路","快車道","柏油","乾燥","良好","無號誌","雙向禁止超車線","快慢車道分隔線","有",60,"非駕駛人",121.296905,23.254218,"花蓮縣","富里鄉"
"對撞","2023",4,3,5,"陰","日間自然光線",60,"直路","快車道","柏油","乾燥","良好","無號誌","雙向禁止超車線","快慢車道分隔線","有",41,"非駕駛人",121.296905,23.254218,"花蓮縣","富里鄉"
"對撞","2023",4,3,5,"陰","日間自然光線",60,"直路","快車道","柏油","乾燥","良好","無號誌","雙向禁止超車線","快慢車道分隔線","有",44,"非駕駛人",121.296905,23.254218,"花蓮縣","富里鄉"
"對撞","2023",4,3,5,"陰","日間自然光線",60,"直路","快車道","柏油","乾燥","良好","無號誌","雙向禁止超車線","快慢車道分隔線","有",36,"非駕駛人",121.296905,23.254218,"花蓮縣","富里鄉"
"對撞","2023",4,3,5,"陰","日間自然光線",60,"直路","快車道","柏油","乾燥","良好","無號誌","雙向禁止超車線","快慢車道分隔線","有",30,"非駕駛人",121.296905,23.254218,"花蓮縣","富里鄉"
"對撞","2023",4,3,5,"陰","日間自然光線",60,"直路","快車道","柏油","乾燥","良好","無號誌","雙向禁止超車線","快慢車道分隔線","有",41,"非駕駛人",121.296905,23.254218,"花蓮縣","富里鄉"
"衝出路外","2023",4,3,5,"晴","夜間(或隧道、地下道、涵洞)無照明",30,"三岔路","交叉路口內","柏油","乾燥","良好","無號誌","無","未繪設快慢車道分隔線","無",60,"不明",121.089466,24.899011,"桃園市","楊梅區"
"同向擦撞","2023",4,3,7,"晴","日間自然光線",60,"直路","一般車道(未劃分快慢車道)","柏油","乾燥","良好","無號誌","中央分向島","未繪設快慢車道分隔線","有",56,"未使用",121.531801,25.287899,"新北市","石門區"
"同向擦撞","2023",4,3,7,"晴","日間自然光線",60,"直路","一般車道(未劃分快慢車道)","柏油","乾燥","良好","無號誌","中央分向島","未繪設快慢車道分隔線","有",86,"未使用",121.531801,25.287899,"新北市","石門區"
"穿越道路中","2023",4,3,13,"晴","日間自然光線",50,"直路","一般車道(未劃分快慢車道)","柏油","乾燥","良好","無號誌","行車分向線","未繪設快慢車道分隔線","無",43,"未使用",120.68602,23.907283,"南投縣","南投市"
"穿越道路中","2023",4,3,13,"晴","日間自然光線",50,"直路","一般車道(未劃分快慢車道)","柏油","乾燥","良好","無號誌","行車分向線","未繪設快慢車道分隔線","無",66,"非駕駛人",120.68602,23.907283,"南投縣","南投市"
"撞護欄(樁)","2023",4,3,17,"雨","日間自然光線",30,"彎曲路及附近","一般車道(未劃分快慢車道)","柏油","濕潤","不良","無號誌","雙向禁止超車線","未繪設快慢車道分隔線","有",54,"未使用",121.087672,22.894256,"臺東縣","延平鄉"
"撞路樹、電桿","2023",4,4,7,"晴","日間自然光線",60,"直路","路肩、路緣","柏油","乾燥","良好","無號誌","雙向禁止超車線","未繪設快慢車道分隔線","有",44,"不明",120.438019,23.895334,"彰化縣","二林鎮"
"側撞","2023",4,4,9,"晴","日間自然光線",50,"四岔路","交叉路口內","柏油","乾燥","良好","正常","無","未繪設快慢車道分隔線","無",61,"未使用",120.676832,24.180556,"臺中市","北屯區"
"側撞","2023",4,4,9,"晴","日間自然光線",50,"四岔路","交叉路口內","柏油","乾燥","良好","正常","無","未繪設快慢車道分隔線","無",75,"未使用",120.676832,24.180556,"臺中市","北屯區"
"撞護欄(樁)","2023",4,4,10,"晴","日間自然光線",30,"三岔路","交叉路口內","柏油","乾燥","不良","無號誌","無","未繪設快慢車道分隔線","有",59,"不明",120.726526,24.203828,"臺中市","潭子區"
"撞路樹、電桿","2023",4,4,10,"雨","日間自然光線",60,"直路","路肩、路緣","柏油","濕潤","良好","無號誌","單向禁止超車線","快慢車道分隔線","有",43,"未使用",121.158479,23.033368,"臺東縣","關山鎮"
"撞路樹、電桿","2023",4,4,10,"雨","日間自然光線",60,"直路","路肩、路緣","柏油","濕潤","良好","無號誌","單向禁止超車線","快慢車道分隔線","有",32,"未使用",121.158479,23.033368,"臺東縣","關山鎮"
"撞路樹、電桿","2023",4,4,10,"雨","日間自然光線",60,"直路","路肩、路緣","柏油","濕潤","良好","無號誌","單向禁止超車線","快慢車道分隔線","有",47,"非駕駛人",121.158479,23.033368,"臺東縣","關山鎮"
"路上翻車、摔倒","2023",4,5,5,"晴","日間自然光線",50,"彎曲路及附近","一般車道(未劃分快慢車道)","柏油","乾燥","良好","無號誌","雙向禁止超車線","未繪設快慢車道分隔線","有",18,"未使用",121.40797,24.969691,"新北市","樹林區"
"路上翻車、摔倒","2023",4,5,5,"晴","日間自然光線",50,"直路","一般車道(未劃分快慢車道)","柏油","乾燥","良好","無號誌","雙向禁止超車線","快慢車道分隔線","有",42,"未使用",121.426016,25.007898,"新北市","樹林區"
"路上翻車、摔倒","2023",4,5,14,"晴","日間自然光線",40,"彎曲路及附近","一般車道(未劃分快慢車道)","柏油","乾燥","良好","無號誌","雙向禁止超車線","未繪設快慢車道分隔線","有",18,"未使用",121.669443,25.005209,"新北市","石碇區"
"撞護欄(樁)","2023",4,5,15,"陰","日間自然光線",50,"彎曲路及附近","一般車道(未劃分快慢車道)","柏油","乾燥","良好","無號誌","雙向禁止超車線","未繪設快慢車道分隔線","有",62,"不明",120.850533,24.162313,"臺中市","東勢區"
"撞交通島","2023",4,5,21,"晴","夜間(或隧道、地下道、涵洞)有照明",40,"直路","慢車道","柏油","乾燥","良好","正常","中央分向島","寛式快慢車道分隔島(50公分以上)","無",22,"未使用",120.587624,24.185457,"臺中市","西屯區"
"撞交通島","2023",4,5,21,"晴","夜間(或隧道、地下道、涵洞)有照明",40,"直路","慢車道","柏油","乾燥","良好","正常","中央分向島","寛式快慢車道分隔島(50公分以上)","無",60,"不明",120.587624,24.185457,"臺中市","西屯區"
"撞交通島","2023",4,5,21,"晴","夜間(或隧道、地下道、涵洞)有照明",40,"直路","慢車道","柏油","乾燥","良好","正常","中央分向島","寛式快慢車道分隔島(50公分以上)","無",57,"不明",120.587624,24.185457,"臺中市","西屯區"
"撞護欄(樁)","2023",4,6,2,"晴","夜間(或隧道、地下道、涵洞)無照明",110,"直路","路肩、路緣","柏油","乾燥","良好","無號誌","中央分向島","未繪設快慢車道分隔線","有",38,"未使用",120.584723,24.09996,"彰化縣","彰化市"
"其他","2023",4,6,8,"晴","日間自然光線",40,"直路","一般車道(未劃分快慢車道)","柏油","乾燥","良好","無號誌","行車分向線","快慢車道分隔線","有",23,"未使用",120.274065,22.770967,"高雄市","岡山區"
"其他","2023",4,6,8,"晴","日間自然光線",40,"直路","一般車道(未劃分快慢車道)","柏油","乾燥","良好","無號誌","行車分向線","快慢車道分隔線","有",84,"不明",120.274065,22.770967,"高雄市","岡山區"
"側撞","2023",4,6,13,"晴","日間自然光線",70,"三岔路","交叉路口內","柏油","乾燥","良好","無號誌","無","未繪設快慢車道分隔線","無",82,"未使用",120.185339,23.213982,"臺南市","學甲區"
"側撞","2023",4,6,13,"晴","日間自然光線",70,"三岔路","交叉路口內","柏油","乾燥","良好","無號誌","無","未繪設快慢車道分隔線","無",21,"未使用",120.185339,23.213982,"臺南市","學甲區"
"撞護欄(樁)","2023",4,6,19,"陰","夜間(或隧道、地下道、涵洞)有照明",60,"直路","其他","柏油","濕潤","良好","無號誌","雙向禁止超車線","未繪設快慢車道分隔線","有",80,"未使用",121.11199,24.816471,"新竹縣","新埔鎮"
"穿越道路中","2023",4,7,8,"陰","日間自然光線",50,"三岔路","行人穿越道","柏油","濕潤","不良","無號誌","無","未繪設快慢車道分隔線","有",22,"未使用",120.534736,23.716609,"雲林縣","斗六市"
"穿越道路中","2023",4,7,8,"陰","日間自然光線",50,"三岔路","行人穿越道","柏油","濕潤","不良","無號誌","無","未繪設快慢車道分隔線","有",62,"非駕駛人",120.534736,23.716609,"雲林縣","斗六市"
"側撞","2023",4,7,11,"晴","日間自然光線",50,"三岔路","交叉口附近","柏油","乾燥","良好","無號誌","雙向禁止超車線","未繪設快慢車道分隔線","有",58,"未使用",120.49304,24.106012,"彰化縣","和美鎮"
"側撞","2023",4,7,11,"晴","日間自然光線",50,"三岔路","交叉口附近","柏油","乾燥","良好","無號誌","雙向禁止超車線","未繪設快慢車道分隔線","有",53,"未使用",120.49304,24.106012,"彰化縣","和美鎮"
"側撞","2023",4,7,12,"雨","日間自然光線",50,"直路","快車道","柏油","濕潤","良好","正常","中央分向島","快慢車道分隔線","無",73,"不明",121.363008,24.938385,"新北市","三峽區"
"側撞","2023",4,7,12,"雨","日間自然光線",50,"直路","快車道","柏油","濕潤","良好","正常","中央分向島","快慢車道分隔線","無",54,"未使用",121.363008,24.938385,"新北市","三峽區"
"側撞","2023",4,7,14,"陰","日間自然光線",50,"三岔路","交叉路口內","柏油","乾燥","良好","正常","無","未繪設快慢車道分隔線","無",50,"未使用",121.757452,24.772318,"宜蘭縣","宜蘭市"
"側撞","2023",4,7,14,"陰","日間自然光線",50,"三岔路","交叉路口內","柏油","乾燥","良好","正常","無","未繪設快慢車道分隔線","無",26,"未使用",121.757452,24.772318,"宜蘭縣","宜蘭市"
"側撞","2023",4,7,14,"陰","日間自然光線",50,"三岔路","交叉路口內","柏油","乾燥","良好","正常","無","未繪設快慢車道分隔線","無",28,"非駕駛人",121.757452,24.772318,"宜蘭縣","宜蘭市"
"側撞","2023",4,7,16,"晴","日間自然光線",50,"直路","一般車道(未劃分快慢車道)","柏油","乾燥","良好","無號誌","雙向禁止超車線","未繪設快慢車道分隔線","有",77,"未使用",120.543974,24.158821,"臺中市","大肚區"
"側撞","2023",4,7,16,"晴","日間自然光線",50,"直路","一般車道(未劃分快慢車道)","柏油","乾燥","良好","無號誌","雙向禁止超車線","未繪設快慢車道分隔線","有",37,"未使用",120.543974,24.158821,"臺中市","大肚區"
"穿越道路中","2023",4,7,18,"晴","夜間(或隧道、地下道、涵洞)有照明",30,"三岔路","交叉路口內","柏油","乾燥","良好","正常","無","未繪設快慢車道分隔線","無",80,"非駕駛人",121.164148,24.94835,"桃園市","楊梅區"
"穿越道路中","2023",4,7,18,"晴","夜間(或隧道、地下道、涵洞)有照明",30,"三岔路","交叉路口內","柏油","乾燥","良好","正常","無","未繪設快慢車道分隔線","無",63,"未使用",121.164148,24.94835,"桃園市","楊梅區"
"撞路樹、電桿","2023",4,8,0,"晴","日間自然光線",50,"直路","一般車道(未劃分快慢車道)","柏油","乾燥","良好","無號誌","無","未繪設快慢車道分隔線","有",20,"未使用",120.493635,23.927318,"彰化縣","溪湖鎮"
"穿越道路中","2023",4,8,4,"晴","夜間(或隧道、地下道、涵洞)有照明",40,"四岔路","交叉口附近","柏油","乾燥","良好","正常","中央分向島","寛式快慢車道分隔島(50公分以上)","無",85,"非駕駛人",121.557751,25.037792,"臺北市","信義區"
"穿越道路中","2023",4,8,4,"晴","夜間(或隧道、地下道、涵洞)有照明",40,"四岔路","交叉口附近","柏油","乾燥","良好","正常","中央分向島","寛式快慢車道分隔島(50公分以上)","無",64,"未使用",121.557751,25.037792,"臺北市","信義區"
"撞護欄(樁)","2023",4,8,6,"晴","日間自然光線",100,"直路","快車道","柏油","乾燥","良好","無號誌","中央分向島","未繪設快慢車道分隔線","有",47,"未使用",121.114895,24.893265,"桃園市","楊梅區"
"撞護欄(樁)","2023",4,8,6,"晴","日間自然光線",100,"直路","快車道","柏油","乾燥","良好","無號誌","中央分向島","未繪設快慢車道分隔線","有",14,"非駕駛人",121.114895,24.893265,"桃園市","楊梅區"
"追撞","2023",4,8,7,"晴","日間自然光線",50,"直路","路肩、路緣","柏油","乾燥","良好","無號誌","雙向禁止超車線","未繪設快慢車道分隔線","有",42,"未使用",120.569875,22.701173,"屏東縣","長治鄉"
"追撞","2023",4,8,7,"晴","日間自然光線",50,"直路","路肩、路緣","柏油","乾燥","良好","無號誌","雙向禁止超車線","未繪設快慢車道分隔線","有",72,"未使用",120.569875,22.701173,"屏東縣","長治鄉"
"側撞","2023",4,8,7,"陰","日間自然光線",40,"直路","快車道","柏油","乾燥","良好","無號誌","雙向禁止超車線","快慢車道分隔線","有",20,"未使用",121.528862,23.613101,"花蓮縣","豐濱鄉"
"側撞","2023",4,8,7,"陰","日間自然光線",40,"直路","快車道","柏油","乾燥","良好","無號誌","雙向禁止超車線","快慢車道分隔線","有",54,"未使用",121.528862,23.613101,"花蓮縣","豐濱鄉"
"側撞","2023",4,8,7,"陰","日間自然光線",40,"直路","快車道","柏油","乾燥","良好","無號誌","雙向禁止超車線","快慢車道分隔線","有",21,"非駕駛人",121.528862,23.613101,"花蓮縣","豐濱鄉"
"側撞","2023",4,8,7,"陰","日間自然光線",40,"直路","快車道","柏油","乾燥","良好","無號誌","雙向禁止超車線","快慢車道分隔線","有",54,"未使用",121.528862,23.613101,"花蓮縣","豐濱鄉"
"側撞","2023",4,8,7,"陰","日間自然光線",40,"直路","快車道","柏油","乾燥","良好","無號誌","雙向禁止超車線","快慢車道分隔線","有",18,"非駕駛人",121.528862,23.613101,"花蓮縣","豐濱鄉"
"側撞","2023",4,8,7,"陰","日間自然光線",40,"直路","快車道","柏油","乾燥","良好","無號誌","雙向禁止超車線","快慢車道分隔線","有",16,"非駕駛人",121.528862,23.613101,"花蓮縣","豐濱鄉"
"側撞","2023",4,8,7,"陰","日間自然光線",40,"直路","快車道","柏油","乾燥","良好","無號誌","雙向禁止超車線","快慢車道分隔線","有",56,"非駕駛人",121.528862,23.613101,"花蓮縣","豐濱鄉"
"側撞","2023",4,8,7,"陰","日間自然光線",40,"直路","快車道","柏油","乾燥","良好","無號誌","雙向禁止超車線","快慢車道分隔線","有",58,"非駕駛人",121.528862,23.613101,"花蓮縣","豐濱鄉"