"事故類型及型態子類別名稱","發生年度","發生月份","發生日期","發生時間","天候名稱","光線名稱","速限.第1當事者","道路型態子類別名稱","事故位置子類別名稱","路面狀況.路面鋪裝名稱","路面狀況.路面狀態名稱","道路障礙.視距品質名稱","號誌.號誌動作名稱","車道劃分設施.分向設施大類別名稱","車道劃分設施.分道設施.快慢車道間名稱","車道劃分設施.分道設施.路面邊線名稱","當事者事故發生時年齡","行動電話或電腦或其他相類功能裝置名稱","經度","緯度","縣市","鄉鎮"
"側撞","2023",4,8,11,"強風","日間自然光線",30,"四岔路","交叉路口內","柏油","乾燥","良好","無號誌","無","未繪設快慢車道分隔線","無",43,"未使用",121.804664,24.676813,"宜蘭縣","五結鄉"
"側撞","2023",4,8,11,"強風","日間自然光線",30,"四岔路","交叉路口內","柏油","乾燥","良好","無號誌","無","未繪設快慢車道分隔線","無",62,"未使用",121.804664,24.676813,"宜蘭縣","五結鄉"
"側撞","2023",4,8,11,"強風","日間自然光線",30,"四岔路","交叉路口內","柏油","乾燥","良好","無號誌","無","未繪設快慢車道分隔線","無",70,"非駕駛人",121.804664,24.676813,"宜蘭縣","五結鄉"
"路上翻車、摔倒","2023",4,8,16,"晴","日間自然光線",30,"直路","一般車道(未劃分快慢車道)","柏油","乾燥","良好","無號誌","無","未繪設快慢車道分隔線","無",84,"不明",120.660179,23.676791,"南投縣","竹山鎮"
"側撞","2023",4,8,17,"晴","日間自然光線",50,"三岔路","交叉口附近","柏油","乾燥","良好","正常","無","未繪設快慢車道分隔線","無",62,"未使用",120.268383,23.051158,"臺南市","永康區"
"側撞","2023",4,8,17,"晴","日間自然光線",50,"三岔路","交叉口附近","柏油","乾燥","良好","正常","無","未繪設快慢車道分隔線","無",61,"未使用",120.268383,23.051158,"臺南市","永康區"
"路口交岔撞","2023",4,8,17,"晴","日間自然光線",50,"四岔路","交叉路口內","柏油","乾燥","良好","正常","中央分向島","快慢車道分隔線","有",24,"未使用",120.696105,24.248395,"臺中市","神岡區"
"路口交岔撞","2023",4,8,17,"晴","日間自然光線",50,"四岔路","交叉路口內","柏油","乾燥","良好","正常","中央分向島","快慢車道分隔線","有",29,"未使用",120.696105,24.248395,"臺中市","神岡區"
"路口交岔撞","2023",4,8,17,"晴","日間自然光線",50,"四岔路","交叉路口內","柏油","乾燥","良好","正常","中央分向島","快慢車道分隔線","有",22,"非駕駛人",120.696105,24.248395,"臺中市","神岡區"
"撞護欄(樁)","2023",4,8,22,"陰","夜間(或隧道、地下道、涵洞)有照明",50,"四岔路","交叉路口內","柏油","乾燥","良好","正常","無","未繪設快慢車道分隔線","無",22,"不明",121.458371,25.075385,"新北市","五股區"
"撞護欄(樁)","2023",4,10,4,"晴","夜間(或隧道、地下道、涵洞)有照明",110,"直路","快車道","柏油","乾燥","良好","無號誌","中央分向島","未繪設快慢車道分隔線","有",44,"不明",121.107622,24.779111,"新竹縣","芎林鄉"
"撞護欄(樁)","2023",4,10,4,"晴","夜間(或隧道、地下道、涵洞)有照明",110,"直路","快車道","柏油","乾燥","良好","無號誌","中央分向島","未繪設快慢車道分隔線","有",66,"未使用",121.107622,24.779111,"新竹縣","芎林鄉"
"撞護欄(樁)","2023",4,10,4,"晴","夜間(或隧道、地下道、涵洞)有照明",110,"直路","快車道","柏油","乾燥","良好","無號誌","中央分向島","未繪設快慢車道分隔線","有",31,"未使用",121.107622,24.779111,"新竹縣","芎林鄉"
"側撞","2023",4,10,9,"晴","日間自然光線",50,"四岔路","交叉路口內","柏油","乾燥","良好","正常","中央分向島","快慢車道分隔線","無",71,"不明",121.37356,25.078744,"新北市","林口區"
"側撞","2023",4,10,9,"晴","日間自然光線",50,"四岔路","交叉路口內","柏油","乾燥","良好","正常","中央分向島","快慢車道分隔線","無",41,"未使用",121.37356,25.078744,"新北市","林口區"
"側撞","2023",4,10,14,"晴","日間自然光線",50,"四岔路","交叉路口內","柏油","乾燥","良好","正常","無","未繪設快慢車道分隔線","無",48,"未使用",120.3134,22.63082,"高雄市","新興區"
"側撞","2023",4,10,14,"晴","日間自然光線",50,"四岔路","交叉路口內","柏油","乾燥","良好","正常","無","未繪設快慢車道分隔線","無",75,"未使用",120.3134,22.63082,"高雄市","新興區"
"側撞","2023",4,10,14,"晴","日間自然光線",50,"四岔路","交叉路口內","柏油","乾燥","良好","正常","無","未繪設快慢車道分隔線","無",69,"未使用",120.3134,22.63082,"高雄市","新興區"
"撞護欄(樁)","2023",4,10,15,"晴","日間自然光線",60,"彎曲路及附近","路肩、路緣","柏油","乾燥","良好","無號誌","雙向禁止超車線","未繪設快慢車道分隔線","有",61,"未使用",121.751755,24.290299,"花蓮縣","秀林鄉"
"撞護欄(樁)","2023",4,10,15,"晴","日間自然光線",60,"彎曲路及附近","路肩、路緣","柏油","乾燥","良好","無號誌","雙向禁止超車線","未繪設快慢車道分隔線","有",61,"非駕駛人",121.751755,24.290299,"花蓮縣","秀林鄉"
"撞護欄(樁)","2023",4,10,15,"晴","日間自然光線",60,"彎曲路及附近","路肩、路緣","柏油","乾燥","良好","無號誌","雙向禁止超車線","未繪設快慢車道分隔線","有",35,"非駕駛人",121.751755,24.290299,"花蓮縣","秀林鄉"
"撞護欄(樁)","2023",4,10,15,"晴","日間自然光線",60,"彎曲路及附近","路肩、路緣","柏油","乾燥","良好","無號誌","雙向禁止超車線","未繪設快慢車道分隔線","有",26,"非駕駛人",121.751755,24.290299,"花蓮縣","秀林鄉"
"追撞","2023",4,10,16,"晴","日間自然光線",60,"三岔路","交叉路口內","柏油","乾燥","良好","正常","無","未繪設快慢車道分隔線","無",31,"未使用",120.263712,22.841909,"高雄市","路竹區"
"追撞","2023",4,10,16,"晴","日間自然光線",60,"三岔路","交叉路口內","柏油","乾燥","良好","正常","無","未繪設快慢車道分隔線","無",46,"未使用",120.263712,22.841909,"高雄市","路竹區"
"穿越道路中","2023",4,10,18,"晴","夜間(或隧道、地下道、涵洞)有照明",50,"直路","一般車道(未劃分快慢車道)","柏油","乾燥","良好","無號誌","行車分向線","快慢車道分隔線","有",41,"未使用",120.493368,23.84938,"彰化縣","溪州鄉"
"穿越道路中","2023",4,10,18,"晴","夜間(或隧道、地下道、涵洞)有照明",50,"直路","一般車道(未劃分快慢車道)","柏油","乾燥","良好","無號誌","行車分向線","快慢車道分隔線","有",70,"非駕駛人",120.493368,23.84938,"彰化縣","溪州鄉"
"穿越道路中","2023",4,10,18,"晴","夜間(或隧道、地下道、涵洞)有照明",50,"直路","一般車道(未劃分快慢車道)","柏油","乾燥","良好","無號誌","行車分向線","快慢車道分隔線","有",44,"不明",120.493368,23.84938,"彰化縣","溪州鄉"
"撞路樹、電桿","2023",4,11,11,"晴","日間自然光線",60,"直路","一般車道(未劃分快慢車道)","柏油","乾燥","良好","無號誌","行車分向線","未繪設快慢車道分隔線","有",71,"未使用",118.364828,24.454659,"金門縣","金湖鎮"
"撞路樹、電桿","2023",4,11,11,"晴","日間自然光線",60,"直路","一般車道(未劃分快慢車道)","柏油","乾燥","良好","無號誌","行車分向線","未繪設快慢車道分隔線","有",71,"非駕駛人",118.364828,24.454659,"金門縣","金湖鎮"
"其他","2023",4,11,16,"晴","日間自然光線",50,"四岔路","交叉口附近","柏油","乾燥","良好","正常","無","未繪設快慢車道分隔線","無",15,"不明",120.931925,24.677289,"苗栗縣","頭份市"
"其他","2023",4,11,16,"晴","日間自然光線",50,"四岔路","交叉口附近","柏油","乾燥","良好","正常","無","未繪設快慢車道分隔線","無",16,"不明",120.931925,24.677289,"苗栗縣","頭份市"
"同向擦撞","2023",4,11,21,"晴","夜間(或隧道、地下道、涵洞)有照明",50,"彎曲路及附近","路肩、路緣","柏油","乾燥","良好","無號誌","雙向禁止超車線","未繪設快慢車道分隔線","有",47,"未使用",120.48443,23.341432,"臺南市","白河區"
"同向擦撞","2023",4,11,21,"晴","夜間(或隧道、地下道、涵洞)有照明",50,"彎曲路及附近","路肩、路緣","柏油","乾燥","良好","無號誌","雙向禁止超車線","未繪設快慢車道分隔線","有",17,"未使用",120.48443,23.341432,"臺南市","白河區"
"穿越道路中","2023",4,11,22,"晴","夜間(或隧道、地下道、涵洞)有照明",50,"三岔路","交叉路口內","柏油","乾燥","良好","正常","中央分向島","快慢車道分隔線","有",43,"未使用",120.637602,24.233669,"臺中市","大雅區"
"穿越道路中","2023",4,11,22,"晴","夜間(或隧道、地下道、涵洞)有照明",50,"三岔路","交叉路口內","柏油","乾燥","良好","正常","中央分向島","快慢車道分隔線","有",66,"非駕駛人",120.637602,24.233669,"臺中市","大雅區"
"其他","2023",4,12,11,"晴","日間自然光線",50,"直路","慢車道","柏油","乾燥","良好","無號誌","雙向禁止超車線","快慢車道分隔線","有",52,"未使用",121.467731,25.006527,"新北市","板橋區"
"撞路樹、電桿","2023",4,12,16,"晴","日間自然光線",50,"三岔路","交叉路口內","柏油","乾燥","良好","正常","無","未繪設快慢車道分隔線","無",71,"未使用",120.60337,24.192833,"臺中市","西屯區"
"其他","2023",4,12,17,"晴","日間自然光線",50,"直路","一般車道(未劃分快慢車道)","柏油","濕潤","良好","無號誌","中央分向島","未繪設快慢車道分隔線","有",27,"未使用",120.467808,22.616751,"屏東縣","屏東市"
"其他","2023",4,12,17,"晴","日間自然光線",50,"直路","一般車道(未劃分快慢車道)","柏油","濕潤","良好","無號誌","中央分向島","未繪設快慢車道分隔線","有",46,"未使用",120.467808,22.616751,"屏東縣","屏東市"
"路口交岔撞","2023",4,13,7,"晴","日間自然光線",50,"四岔路","交叉路口內","柏油","乾燥","良好","正常","中央分向島","未繪設快慢車道分隔線","有",53,"未使用",120.501491,23.753254,"雲林縣","莿桐鄉"
"路口交岔撞","2023",4,13,7,"晴","日間自然光線",50,"四岔路","交叉路口內","柏油","乾燥","良好","正常","中央分向島","未繪設快慢車道分隔線","有",52,"未使用",120.501491,23.753254,"雲林縣","莿桐鄉"
"其他","2023",4,13,11,"晴","日間自然光線",40,"直路","慢車道","柏油","乾燥","良好","無號誌","中央分向島","寛式快慢車道分隔島(50公分以上)","無",26,"未使用",120.596943,24.18223,"臺中市","西屯區"
"其他","2023",4,13,11,"晴","日間自然光線",40,"直路","慢車道","柏油","乾燥","良好","無號誌","中央分向島","寛式快慢車道分隔島(50公分以上)","無",91,"未使用",120.596943,24.18223,"臺中市","西屯區"
"其他","2023",4,13,11,"晴","日間自然光線",40,"直路","慢車道","柏油","乾燥","良好","無號誌","中央分向島","寛式快慢車道分隔島(50公分以上)","無",27,"不明",120.596943,24.18223,"臺中市","西屯區"
"同向擦撞","2023",4,13,17,"晴","日間自然光線",50,"彎曲路及附近","一般車道(未劃分快慢車道)","柏油","乾燥","良好","無號誌","雙向禁止超車線","未繪設快慢車道分隔線","有",32,"不明",121.444257,25.071225,"新北市","五股區"
"同向擦撞","2023",4,13,17,"晴","日間自然光線",50,"彎曲路及附近","一般車道(未劃分快慢車道)","柏油","乾燥","良好","無號誌","雙向禁止超車線","未繪設快慢車道分隔線","有",50,"不明",121.444257,25.071225,"新北市","五股區"
"側撞","2023",4,13,17,"晴","晨或暮光",50,"四岔路","交叉路口內","柏油","乾燥","良好","正常","無","未繪設快慢車道分隔線","無",47,"未使用",120.177098,22.973145,"臺南市","南區"
"側撞","2023",4,13,17,"晴","晨或暮光",50,"四岔路","交叉路口內","柏油","乾燥","良好","正常","無","未繪設快慢車道分隔線","無",39,"未使用",120.177098,22.973145,"臺南市","南區"
"其他","2023",4,14,12,"晴","日間自然光線",50,"四岔路","交叉路口內","柏油","乾燥","良好","正常","無","未繪設快慢車道分隔線","無",34,"未使用",120.311819,22.754708,"高雄市","橋頭區"
"其他","2023",4,14,12,"晴","日間自然光線",50,"四岔路","交叉路口內","柏油","乾燥","良好","正常","無","未繪設快慢車道分隔線","無",65,"非駕駛人",120.311819,22.754708,"高雄市","橋頭區"
"其他","2023",4,15,5,"晴","晨或暮光",110,"直路","快車道","柏油","乾燥","良好","無號誌","中央分向島","未繪設快慢車道分隔線","有",44,"未使用",120.801543,24.609244,"苗栗縣","後龍鎮"
"其他","2023",4,15,5,"晴","晨或暮光",110,"直路","快車道","柏油","乾燥","良好","無號誌","中央分向島","未繪設快慢車道分隔線","有",65,"不明",120.801543,24.609244,"苗栗縣","後龍鎮"
"其他","2023",4,15,5,"晴","晨或暮光",110,"直路","快車道","柏油","乾燥","良好","無號誌","中央分向島","未繪設快慢車道分隔線","有",33,"未使用",120.801543,24.609244,"苗栗縣","後龍鎮"
"其他","2023",4,15,5,"晴","晨或暮光",110,"直路","快車道","柏油","乾燥","良好","無號誌","中央分向島","未繪設快慢車道分隔線","有",61,"未使用",120.801543,24.609244,"苗栗縣","後龍鎮"
"其他","2023",4,15,5,"晴","晨或暮光",110,"直路","快車道","柏油","乾燥","良好","無號誌","中央分向島","未繪設快慢車道分隔線","有",31,"未使用",120.801543,24.609244,"苗栗縣","後龍鎮"
"其他","2023",4,15,5,"晴","晨或暮光",110,"直路","快車道","柏油","乾燥","良好","無號誌","中央分向島","未繪設快慢車道分隔線","有",59,"未使用",120.801543,24.609244,"苗栗縣","後龍鎮"
"其他","2023",4,15,5,"晴","晨或暮光",110,"直路","快車道","柏油","乾燥","良好","無號誌","中央分向島","未繪設快慢車道分隔線","有",2,"未使用",120.801543,24.609244,"苗栗縣","後龍鎮"
"撞路樹、電桿","2023",4,16,12,"陰","日間自然光線",40,"彎曲路及附近","一般車道(未劃分快慢車道)","柏油","乾燥","不良","無號誌","無","未繪設快慢車道分隔線","有",47,"未使用",121.561964,23.987387,"花蓮縣","吉安鄉"
"同向擦撞","2023",4,16,15,"晴","日間自然光線",50,"三岔路","交叉路口內","柏油","乾燥","良好","正常","無","未繪設快慢車道分隔線","無",18,"未使用",121.325428,24.992682,"桃園市","龜山區"
"同向擦撞","2023",4,16,15,"晴","日間自然光線",50,"三岔路","交叉路口內","柏油","乾燥","良好","正常","無","未繪設快慢車道分隔線","無",75,"未使用",121.325428,24.992682,"桃園市","龜山區"
"同向擦撞","2023",4,16,15,"晴","日間自然光線",50,"三岔路","交叉路口內","柏油","乾燥","良好","正常","無","未繪設快慢車道分隔線","無",18,"非駕駛人",121.325428,24.992682,"桃園市","龜山區"
"其他","2023",4,16,18,"晴","夜間(或隧道、地下道、涵洞)有照明",50,"直路","一般車道(未劃分快慢車道)","柏油","乾燥","良好","無號誌","雙向禁止超車線","未繪設快慢車道分隔線","有",53,"未使用",120.579627,23.720982,"雲林縣","斗六市"
"其他","2023",4,16,18,"晴","夜間(或隧道、地下道、涵洞)有照明",50,"直路","一般車道(未劃分快慢車道)","柏油","乾燥","良好","無號誌","雙向禁止超車線","未繪設快慢車道分隔線","有",29,"不明",120.579627,23.720982,"雲林縣","斗六市"
"穿越道路中","2023",4,16,19,"晴","夜間(或隧道、地下道、涵洞)有照明",50,"直路","快車道","柏油","乾燥","良好","無號誌","雙向禁止超車線","快慢車道分隔線","無",80,"未使用",121.595222,25.05425,"臺北市","南港區"
"穿越道路中","2023",4,16,19,"晴","夜間(或隧道、地下道、涵洞)有照明",50,"直路","快車道","柏油","乾燥","良好","無號誌","雙向禁止超車線","快慢車道分隔線","無",34,"未使用",121.595222,25.05425,"臺北市","南港區"
"穿越道路中","2023",4,16,19,"晴","夜間(或隧道、地下道、涵洞)有照明",50,"直路","快車道","柏油","乾燥","良好","無號誌","雙向禁止超車線","快慢車道分隔線","無",61,"未使用",121.595222,25.05425,"臺北市","南港區"
"穿越道路中","2023",4,16,19,"晴","夜間(或隧道、地下道、涵洞)有照明",50,"直路","快車道","柏油","乾燥","良好","無號誌","雙向禁止超車線","快慢車道分隔線","無",18,"非駕駛人",121.595222,25.05425,"臺北市","南港區"
"路口交岔撞","2023",4,17,0,"晴","夜間(或隧道、地下道、涵洞)有照明",30,"四岔路","交叉路口內","柏油","乾燥","良好","無號誌","無","未繪設快慢車道分隔線","無",17,"未使用",120.564861,24.282028,"臺中市","清水區"
"路口交岔撞","2023",4,17,0,"晴","夜間(或隧道、地下道、涵洞)有照明",30,"四岔路","交叉路口內","柏油","乾燥","良好","無號誌","無","未繪設快慢車道分隔線","無",25,"未使用",120.564861,24.282028,"臺中市","清水區"
"路口交岔撞","2023",4,17,0,"晴","夜間(或隧道、地下道、涵洞)有照明",30,"四岔路","交叉路口內","柏油","乾燥","良好","無號誌","無","未繪設快慢車道分隔線","無",33,"未使用",120.564861,24.282028,"臺中市","清水區"
"同向通行中","2023",4,17,4,"晴","夜間(或隧道、地下道、涵洞)有照明",50,"彎曲路及附近","路肩、路緣","柏油","乾燥","不良","正常","雙向禁止超車線","快慢車道分隔線","有",45,"未使用",120.676289,24.484979,"苗栗縣","通霄鎮"
"同向通行中","2023",4,17,4,"晴","夜間(或隧道、地下道、涵洞)有照明",50,"彎曲路及附近","路肩、路緣","柏油","乾燥","不良","正常","雙向禁止超車線","快慢車道分隔線","有",71,"非駕駛人",120.676289,24.484979,"苗栗縣","通霄鎮"
"側撞","2023",4,17,5,"晴","日間自然光線",40,"四岔路","交叉口附近","柏油","乾燥","良好","正常","無","未繪設快慢車道分隔線","無",30,"未使用",120.299095,22.650491,"高雄市","三民區"
"側撞","2023",4,17,5,"晴","日間自然光線",40,"四岔路","交叉口附近","柏油","乾燥","良好","正常","無","未繪設快慢車道分隔線","無",73,"未使用",120.299095,22.650491,"高雄市","三民區"
"撞號誌、標誌桿","2023",4,17,6,"陰","晨或暮光",40,"彎曲路及附近","路肩、路緣","柏油","乾燥","不良","無號誌","雙向禁止超車線","快慢車道分隔線","有",49,"未使用",121.414398,23.228839,"臺東縣","長濱鄉"
"側撞","2023",4,17,9,"晴","日間自然光線",60,"三岔路","交叉路口內","柏油","乾燥","良好","正常","中央分向島","快慢車道分隔線","有",21,"不明",121.087635,24.887908,"新竹縣","湖口鄉"
"側撞","2023",4,17,9,"晴","日間自然光線",60,"三岔路","交叉路口內","柏油","乾燥","良好","正常","中央分向島","快慢車道分隔線","有",49,"未使用",121.087635,24.887908,"新竹縣","湖口鄉"
"路口交岔撞","2023",4,17,13,"晴","日間自然光線",30,"四岔路","交叉路口內","柏油","乾燥","良好","無號誌","無","未繪設快慢車道分隔線","無",50,"未使用",120.493856,23.669924,"雲林縣","斗南鎮"
"路口交岔撞","2023",4,17,13,"晴","日間自然光線",30,"四岔路","交叉路口內","柏油","乾燥","良好","無號誌","無","未繪設快慢車道分隔線","無",38,"未使用",120.493856,23.669924,"雲林縣","斗南鎮"
"撞交通島","2023",4,17,14,"晴","日間自然光線",50,"直路","一般車道(未劃分快慢車道)","柏油","乾燥","良好","無號誌","中央分向島","未繪設快慢車道分隔線","有",78,"未使用",121.284314,24.903548,"桃園市","大溪區"
"其他","2023",4,18,2,"晴","夜間(或隧道、地下道、涵洞)有照明",50,"直路","一般車道(未劃分快慢車道)","柏油","乾燥","良好","無號誌","中央分向島","未繪設快慢車道分隔線","有",57,"非駕駛人",121.265957,24.975446,"桃園市","桃園區"
"其他","2023",4,18,2,"晴","夜間(或隧道、地下道、涵洞)有照明",50,"直路","一般車道(未劃分快慢車道)","柏油","乾燥","良好","無號誌","中央分向島","未繪設快慢車道分隔線","有",46,"未使用",121.265957,24.975446,"桃園市","桃園區"
"其他","2023",4,18,2,"晴","夜間(或隧道、地下道、涵洞)有照明",50,"直路","一般車道(未劃分快慢車道)","柏油","乾燥","良好","無號誌","中央分向島","未繪設快慢車道分隔線","有",35,"非駕駛人",121.265957,24.975446,"桃園市","桃園區"
"撞路樹、電桿","2023",4,18,5,"晴","夜間(或隧道、地下道、涵洞)有照明",50,"直路","一般車道(未劃分快慢車道)","柏油","乾燥","良好","無號誌","行車分向線","未繪設快慢車道分隔線","有",68,"未使用",121.114275,24.912295,"桃園市","楊梅區"
"側撞","2023",4,18,12,"晴","日間自然光線",50,"四岔路","交叉口附近","柏油","乾燥","良好","正常","雙向禁止超車線","快慢車道分隔線","有",85,"不明",120.489077,22.687793,"屏東縣","屏東市"
"側撞","2023",4,18,12,"晴","日間自然光線",50,"四岔路","交叉口附近","柏油","乾燥","良好","正常","雙向禁止超車線","快慢車道分隔線","有",25,"未使用",120.489077,22.687793,"屏東縣","屏東市"
"對向擦撞","2023",4,19,8,"晴","日間自然光線",50,"直路","一般車道(未劃分快慢車道)","柏油","乾燥","良好","無號誌","雙向禁止超車線","未繪設快慢車道分隔線","有",34,"未使用",121.244012,25.023478,"桃園市","蘆竹區"
"對向擦撞","2023",4,19,8,"晴","日間自然光線",50,"直路","一般車道(未劃分快慢車道)","柏油","乾燥","良好","無號誌","雙向禁止超車線","未繪設快慢車道分隔線","有",50,"不明",121.244012,25.023478,"桃園市","蘆竹區"
"路口交岔撞","2023",4,19,11,"陰","日間自然光線",30,"四岔路","交叉路口內","柏油","乾燥","良好","正常","無","未繪設快慢車道分隔線","無",19,"不明",120.473842,24.124952,"彰化縣","線西鄉"
"路口交岔撞","2023",4,19,11,"陰","日間自然光線",30,"四岔路","交叉路口內","柏油","乾燥","良好","正常","無","未繪設快慢車道分隔線","無",46,"未使用",120.473842,24.124952,"彰化縣","線西鄉"
"路口交岔撞","2023",4,19,11,"陰","日間自然光線",30,"四岔路","交叉路口內","柏油","乾燥","良好","正常","無","未繪設快慢車道分隔線","無",20,"非駕駛人",120.473842,24.124952,"彰化縣","線西鄉"
"其他","2023",4,19,16,"雨","日間自然光線",60,"直路","路肩、路緣","柏油","濕潤","良好","無號誌","中央分向島","未繪設快慢車道分隔線","有",63,"未使用",120.708856,24.497618,"苗栗縣","通霄鎮"
"其他","2023",4,19,16,"雨","日間自然光線",60,"直路","路肩、路緣","柏油","濕潤","良好","無號誌","中央分向島","未繪設快慢車道分隔線","有",28,"不明",120.708856,24.497618,"苗栗縣","通霄鎮"
"衝出路外","2023",4,20,4,"陰","夜間(或隧道、地下道、涵洞)有照明",70,"直路","路肩、路緣","柏油","濕潤","良好","無號誌","中央分向島","未繪設快慢車道分隔線","有",27,"未使用",120.542204,22.418992,"屏東縣","佳冬鄉"
"路上翻車、摔倒","2023",4,20,5,"雨","夜間(或隧道、地下道、涵洞)有照明",50,"三岔路","交叉路口內","柏油","濕潤","良好","正常","無","未繪設快慢車道分隔線","無",52,"未使用",121.63824,25.073213,"新北市","汐止區"
"路口交岔撞","2023",4,20,12,"雨","日間自然光線",50,"四岔路","交叉路口內","柏油","濕潤","良好","正常","無","未繪設快慢車道分隔線","無",43,"未使用",120.869385,24.679579,"苗栗縣","竹南鎮"
"路口交岔撞","2023",4,20,12,"雨","日間自然光線",50,"四岔路","交叉路口內","柏油","濕潤","良好","正常","無","未繪設快慢車道分隔線","無",32,"未使用",120.869385,24.679579,"苗栗縣","竹南鎮"
"路口交岔撞","2023",4,20,13,"陰","日間自然光線",30,"三岔路","交叉路口內","柏油","乾燥","良好","無號誌","無","未繪設快慢車道分隔線","無",72,"未使用",120.226126,23.006732,"臺南市","北區"
"路口交岔撞","2023",4,20,13,"陰","日間自然光線",30,"三岔路","交叉路口內","柏油","乾燥","良好","無號誌","無","未繪設快慢車道分隔線","無",68,"未使用",120.226126,23.006732,"臺南市","北區"
"路上翻車、摔倒","2023",4,20,14,"雨","日間自然光線",60,"彎曲路及附近","快車道","柏油","濕潤","良好","無號誌","中央分向島","快慢車道分隔線","有",16,"未使用",120.931949,24.677291,"苗栗縣","三灣鄉"
"路上翻車、摔倒","2023",4,20,14,"雨","日間自然光線",60,"彎曲路及附近","快車道","柏油","濕潤","良好","無號誌","中央分向島","快慢車道分隔線","有",13,"非駕駛人",120.931949,24.677291,"苗栗縣","三灣鄉"
"路口交岔撞","2023",4,20,17,"陰","晨或暮光",30,"四岔路","交叉路口內","柏油","乾燥","良好","無號誌","無","未繪設快慢車道分隔線","無",46,"未使用",120.297753,22.87452,"高雄市","路竹區"
"路口交岔撞","2023",4,20,17,"陰","晨或暮光",30,"四岔路","交叉路口內","柏油","乾燥","良好","無號誌","無","未繪設快慢車道分隔線","無",72,"不明",120.297753,22.87452,"高雄市","路竹區"
"撞路樹、電桿","2023",4,21,3,"雨","夜間(或隧道、地下道、涵洞)有照明",50,"直路","路肩、路緣","柏油","濕潤","良好","無號誌","行車分向線","未繪設快慢車道分隔線","有",21,"未使用",121.251855,25.018064,"桃園市","蘆竹區"
"撞路樹、電桿","2023",4,21,3,"雨","夜間(或隧道、地下道、涵洞)有照明",50,"直路","路肩、路緣","柏油","濕潤","良好","無號誌","行車分向線","未繪設快慢車道分隔線","有",21,"未使用",121.251855,25.018064,"桃園市","蘆竹區"
"同向擦撞","2023",4,21,15,"晴","日間自然光線",30,"直路","一般車道(未劃分快慢車道)","柏油","乾燥","良好","無號誌","中央分向島","未繪設快慢車道分隔線","有",30,"不明",120.298238,23.565838,"雲林縣","北港鎮"
"同向擦撞","2023",4,21,15,"晴","日間自然光線",30,"直路","一般車道(未劃分快慢車道)","柏油","乾燥","良好","無號誌","中央分向島","未繪設快慢車道分隔線","有",74,"不明",120.298238,23.565838,"雲林縣","北港鎮"
"對撞","2023",4,21,16,"晴","日間自然光線",40,"三岔路","一般車道(未劃分快慢車道)","柏油","乾燥","良好","無號誌","行車分向線","未繪設快慢車道分隔線","有",54,"不明",120.724027,22.014727,"屏東縣","恆春鎮"
"對撞","2023",4,21,16,"晴","日間自然光線",40,"三岔路","一般車道(未劃分快慢車道)","柏油","乾燥","良好","無號誌","行車分向線","未繪設快慢車道分隔線","有",40,"不明",120.724027,22.014727,"屏東縣","恆春鎮"
"其他","2023",4,21,17,"晴","日間自然光線",50,"三岔路","交叉路口內","柏油","乾燥","良好","無號誌","行車分向線","未繪設快慢車道分隔線","有",66,"未使用",120.672691,24.230669,"臺中市","大雅區"
"其他","2023",4,21,17,"晴","日間自然光線",50,"三岔路","交叉路口內","柏油","乾燥","良好","無號誌","行車分向線","未繪設快慢車道分隔線","有",82,"非駕駛人",120.672691,24.230669,"臺中市","大雅區"
"撞號誌、標誌桿","2023",4,21,20,"晴","夜間(或隧道、地下道、涵洞)有照明",50,"四岔路","交叉路口內","柏油","乾燥","良好","正常","無","未繪設快慢車道分隔線","無",29,"未使用",120.951074,24.805003,"新竹市","北區"
"其他","2023",4,22,0,"晴","夜間(或隧道、地下道、涵洞)有照明",70,"直路","快車道","柏油","乾燥","良好","無號誌","中央分向島","快慢車道分隔線","有",56,"未使用",120.598648,24.308775,"臺中市","清水區"
"其他","2023",4,22,0,"晴","夜間(或隧道、地下道、涵洞)有照明",70,"直路","快車道","柏油","乾燥","良好","無號誌","中央分向島","快慢車道分隔線","有",49,"不明",120.598648,24.308775,"臺中市","清水區"
"其他","2023",4,22,0,"晴","夜間(或隧道、地下道、涵洞)有照明",70,"直路","快車道","柏油","乾燥","良好","無號誌","中央分向島","快慢車道分隔線","有",76,"未使用",120.598648,24.308775,"臺中市","清水區"
"穿越道路中","2023",4,22,3,"雨","夜間(或隧道、地下道、涵洞)有照明",50,"直路","一般車道(未劃分快慢車道)","柏油","濕潤","良好","無號誌","行車分向線","未繪設快慢車道分隔線","有",56,"未使用",120.394658,23.00677,"臺南市","左鎮區"