"事故類型及型態子類別名稱","發生年度","發生月份","發生日期","發生時間","天候名稱","光線名稱","速限.第1當事者","道路型態子類別名稱","事故位置子類別名稱","路面狀況.路面鋪裝名稱","路面狀況.路面狀態名稱","道路障礙.視距品質名稱","號誌.號誌動作名稱","車道劃分設施.分向設施大類別名稱","車道劃分設施.分道設施.快慢車道間名稱","車道劃分設施.分道設施.路面邊線名稱","當事者事故發生時年齡","行動電話或電腦或其他相類功能裝置名稱","經度","緯度","縣市","鄉鎮"
"穿越道路中","2023",4,22,3,"雨","夜間(或隧道、地下道、涵洞)有照明",50,"直路","一般車道(未劃分快慢車道)","柏油","濕潤","良好","無號誌","行車分向線","未繪設快慢車道分隔線","有",70,"非駕駛人",120.394658,23.00677,"臺南市","左鎮區"
"其他","2023",4,22,13,"晴","日間自然光線",80,"高架道路","一般車道(未劃分快慢車道)","柏油","乾燥","良好","無號誌","中央分向島","未繪設快慢車道分隔線","有",48,"不明",120.361739,23.975975,"彰化縣","芳苑鄉"
"其他","2023",4,22,13,"晴","日間自然光線",80,"高架道路","一般車道(未劃分快慢車道)","柏油","乾燥","良好","無號誌","中央分向島","未繪設快慢車道分隔線","有",41,"不明",120.361739,23.975975,"彰化縣","芳苑鄉"
"其他","2023",4,22,22,"晴","夜間(或隧道、地下道、涵洞)無照明",50,"直路","一般車道(未劃分快慢車道)","柏油","乾燥","良好","無號誌","雙向禁止超車線","未繪設快慢車道分隔線","有",25,"未使用",121.004308,24.862284,"新竹縣","湖口鄉"
"其他","2023",4,22,22,"晴","夜間(或隧道、地下道、涵洞)無照明",50,"直路","一般車道(未劃分快慢車道)","柏油","乾燥","良好","無號誌","雙向禁止超車線","未繪設快慢車道分隔線","有",27,"未使用",121.004308,24.862284,"新竹縣","湖口鄉"
"撞號誌、標誌桿","2023",4,23,3,"晴","夜間(或隧道、地下道、涵洞)有照明",50,"直路","一般車道(未劃分快慢車道)","柏油","乾燥","良好","無號誌","無","未繪設快慢車道分隔線","有",41,"未使用",120.248511,23.001597,"臺南市","永康區"
"撞路樹、電桿","2023",4,23,12,"晴","日間自然光線",60,"直路","路肩、路緣","柏油","乾燥","良好","無號誌","中央分向島","未繪設快慢車道分隔線","有",55,"未使用",120.2313,22.84588,"高雄市","路竹區"
"撞路樹、電桿","2023",4,23,12,"晴","日間自然光線",60,"直路","路肩、路緣","柏油","乾燥","良好","無號誌","中央分向島","未繪設快慢車道分隔線","有",112,"",120.2313,22.84588,"高雄市","路竹區"
"其他","2023",4,23,12,"晴","日間自然光線",40,"直路","慢車道","柏油","乾燥","良好","無號誌","中央分向島","未繪設快慢車道分隔線","有",52,"不明",120.675696,24.085272,"臺中市","大里區"
"路上翻車、摔倒","2023",4,23,13,"陰","日間自然光線",50,"彎曲路及附近","快車道","柏油","乾燥","良好","無號誌","雙向禁止超車線","快慢車道分隔線","有",69,"未使用",120.561948,23.477531,"嘉義縣","竹崎鄉"
"撞交通島","2023",4,23,18,"晴","晨或暮光",50,"直路","機車專用道","柏油","乾燥","良好","無號誌","中央分向島","寛式快慢車道分隔島(50公分以上)","有",47,"未使用",121.008127,24.77766,"新竹市","東區"
"衝出路外","2023",4,23,19,"雨","夜間(或隧道、地下道、涵洞)無照明",30,"三岔路","交叉口附近","柏油","濕潤","良好","無號誌","無","未繪設快慢車道分隔線","無",26,"未使用",121.170468,23.057949,"臺東縣","關山鎮"
"衝出路外","2023",4,23,19,"雨","夜間(或隧道、地下道、涵洞)無照明",30,"三岔路","交叉口附近","柏油","濕潤","良好","無號誌","無","未繪設快慢車道分隔線","無",31,"非駕駛人",121.170468,23.057949,"臺東縣","關山鎮"
"衝出路外","2023",4,23,19,"雨","夜間(或隧道、地下道、涵洞)無照明",30,"三岔路","交叉口附近","柏油","濕潤","良好","無號誌","無","未繪設快慢車道分隔線","無",47,"非駕駛人",121.170468,23.057949,"臺東縣","關山鎮"
"衝出路外","2023",4,23,19,"雨","夜間(或隧道、地下道、涵洞)無照明",30,"三岔路","交叉口附近","柏油","濕潤","良好","無號誌","無","未繪設快慢車道分隔線","無",70,"非駕駛人",121.170468,23.057949,"臺東縣","關山鎮"
"穿越道路中","2023",4,24,6,"陰","日間自然光線",50,"彎曲路及附近","一般車道(未劃分快慢車道)","柏油","乾燥","不良","無號誌","雙向禁止超車線","未繪設快慢車道分隔線","有",73,"非駕駛人",121.318846,24.894955,"桃園市","大溪區"
"穿越道路中","2023",4,24,6,"陰","日間自然光線",50,"彎曲路及附近","一般車道(未劃分快慢車道)","柏油","乾燥","不良","無號誌","雙向禁止超車線","未繪設快慢車道分隔線","有",41,"不明",121.318846,24.894955,"桃園市","大溪區"
"對撞","2023",4,24,6,"晴","日間自然光線",40,"直路","一般車道(未劃分快慢車道)","柏油","乾燥","良好","無號誌","雙向禁止超車線","未繪設快慢車道分隔線","有",30,"未使用",120.933066,23.848677,"南投縣","魚池鄉"
"對撞","2023",4,24,6,"晴","日間自然光線",40,"直路","一般車道(未劃分快慢車道)","柏油","乾燥","良好","無號誌","雙向禁止超車線","未繪設快慢車道分隔線","有",43,"未使用",120.933066,23.848677,"南投縣","魚池鄉"
"對撞","2023",4,24,6,"晴","日間自然光線",40,"直路","一般車道(未劃分快慢車道)","柏油","乾燥","良好","無號誌","雙向禁止超車線","未繪設快慢車道分隔線","有",3,"非駕駛人",120.933066,23.848677,"南投縣","魚池鄉"
"路上翻車、摔倒","2023",4,24,11,"晴","日間自然光線",50,"彎曲路及附近","一般車道(未劃分快慢車道)","柏油","乾燥","良好","無號誌","雙向禁止超車線","未繪設快慢車道分隔線","有",38,"未使用",120.901996,23.56899,"南投縣","信義鄉"
"對撞","2023",4,24,12,"陰","日間自然光線",30,"直路","一般車道(未劃分快慢車道)","柏油","乾燥","良好","無號誌","行車分向線","未繪設快慢車道分隔線","有",20,"不明",120.924076,24.727912,"新竹市","香山區"
"對撞","2023",4,24,12,"陰","日間自然光線",30,"直路","一般車道(未劃分快慢車道)","柏油","乾燥","良好","無號誌","行車分向線","未繪設快慢車道分隔線","有",36,"不明",120.924076,24.727912,"新竹市","香山區"
"其他","2023",4,24,19,"晴","夜間(或隧道、地下道、涵洞)有照明",50,"直路","路肩、路緣","柏油","乾燥","良好","無號誌","雙向禁止超車線","未繪設快慢車道分隔線","有",39,"未使用",120.26309,22.938091,"臺南市","仁德區"
"其他","2023",4,24,19,"晴","夜間(或隧道、地下道、涵洞)有照明",50,"直路","路肩、路緣","柏油","乾燥","良好","無號誌","雙向禁止超車線","未繪設快慢車道分隔線","有",37,"未使用",120.26309,22.938091,"臺南市","仁德區"
"其他","2023",4,24,19,"晴","夜間(或隧道、地下道、涵洞)有照明",50,"直路","路肩、路緣","柏油","乾燥","良好","無號誌","雙向禁止超車線","未繪設快慢車道分隔線","有",39,"不明",120.26309,22.938091,"臺南市","仁德區"
"追撞","2023",4,26,1,"陰","夜間(或隧道、地下道、涵洞)無照明",100,"直路","快車道","柏油","乾燥","良好","無號誌","中央分向島","未繪設快慢車道分隔線","有",47,"未使用",120.976718,24.747324,"新竹縣","寶山鄉"
"追撞","2023",4,26,1,"陰","夜間(或隧道、地下道、涵洞)無照明",100,"直路","快車道","柏油","乾燥","良好","無號誌","中央分向島","未繪設快慢車道分隔線","有",48,"未使用",120.976718,24.747324,"新竹縣","寶山鄉"
"追撞","2023",4,26,1,"陰","夜間(或隧道、地下道、涵洞)無照明",100,"直路","快車道","柏油","乾燥","良好","無號誌","中央分向島","未繪設快慢車道分隔線","有",39,"不明",120.976718,24.747324,"新竹縣","寶山鄉"
"追撞","2023",4,26,1,"陰","夜間(或隧道、地下道、涵洞)無照明",100,"直路","快車道","柏油","乾燥","良好","無號誌","中央分向島","未繪設快慢車道分隔線","有",46,"非駕駛人",120.976718,24.747324,"新竹縣","寶山鄉"
"衝出路外","2023",4,26,2,"雨","夜間(或隧道、地下道、涵洞)有照明",70,"直路","路肩、路緣","柏油","濕潤","良好","無號誌","雙向禁止超車線","未繪設快慢車道分隔線","有",35,"不明",121.056928,22.740411,"臺東縣","臺東市"
"路口交岔撞","2023",4,26,13,"晴","日間自然光線",30,"四岔路","交叉路口內","柏油","乾燥","良好","無號誌","雙向禁止超車線","未繪設快慢車道分隔線","有",69,"不明",120.362638,23.680122,"雲林縣","土庫鎮"
"路口交岔撞","2023",4,26,13,"晴","日間自然光線",30,"四岔路","交叉路口內","柏油","乾燥","良好","無號誌","雙向禁止超車線","未繪設快慢車道分隔線","有",55,"未使用",120.362638,23.680122,"雲林縣","土庫鎮"
"同向擦撞","2023",4,26,13,"晴","日間自然光線",60,"直路","一般車道(未劃分快慢車道)","柏油","乾燥","良好","無號誌","雙向禁止超車線","未繪設快慢車道分隔線","有",34,"未使用",120.215602,22.972508,"臺南市","東區"
"同向擦撞","2023",4,26,13,"晴","日間自然光線",60,"直路","一般車道(未劃分快慢車道)","柏油","乾燥","良好","無號誌","雙向禁止超車線","未繪設快慢車道分隔線","有",60,"未使用",120.215602,22.972508,"臺南市","東區"
"同向擦撞","2023",4,26,13,"晴","日間自然光線",60,"直路","一般車道(未劃分快慢車道)","柏油","乾燥","良好","無號誌","雙向禁止超車線","未繪設快慢車道分隔線","有",8,"非駕駛人",120.215602,22.972508,"臺南市","東區"
"對向擦撞","2023",4,26,15,"晴","日間自然光線",50,"三岔路","交叉口附近","柏油","乾燥","良好","無號誌","雙向禁止超車線","未繪設快慢車道分隔線","有",47,"未使用",120.359417,23.761231,"雲林縣","崙背鄉"
"對向擦撞","2023",4,26,15,"晴","日間自然光線",50,"三岔路","交叉口附近","柏油","乾燥","良好","無號誌","雙向禁止超車線","未繪設快慢車道分隔線","有",81,"未使用",120.359417,23.761231,"雲林縣","崙背鄉"
"側撞","2023",4,26,18,"晴","日間自然光線",60,"四岔路","交叉口附近","柏油","乾燥","良好","正常","無","未繪設快慢車道分隔線","無",55,"未使用",120.545862,23.648839,"雲林縣","古坑鄉"
"側撞","2023",4,26,18,"晴","日間自然光線",60,"四岔路","交叉口附近","柏油","乾燥","良好","正常","無","未繪設快慢車道分隔線","無",20,"未使用",120.545862,23.648839,"雲林縣","古坑鄉"
"撞號誌、標誌桿","2023",4,26,21,"晴","夜間(或隧道、地下道、涵洞)有照明",30,"彎曲路及附近","一般車道(未劃分快慢車道)","柏油","乾燥","良好","無號誌","無","未繪設快慢車道分隔線","無",57,"未使用",120.314448,23.265302,"臺南市","柳營區"
"側撞","2023",4,27,5,"陰","晨或暮光",60,"三岔路","交叉路口內","柏油","乾燥","良好","正常","無","未繪設快慢車道分隔線","無",83,"未使用",121.423309,23.672371,"花蓮縣","光復鄉"
"側撞","2023",4,27,5,"陰","晨或暮光",60,"三岔路","交叉路口內","柏油","乾燥","良好","正常","無","未繪設快慢車道分隔線","無",47,"未使用",121.423309,23.672371,"花蓮縣","光復鄉"
"撞交通島","2023",4,27,9,"晴","日間自然光線",60,"直路","快車道","柏油","乾燥","良好","無號誌","中央分向島","未繪設快慢車道分隔線","有",57,"不明",120.363444,23.333441,"臺南市","後壁區"
"撞交通島","2023",4,27,9,"晴","日間自然光線",60,"直路","快車道","柏油","乾燥","良好","無號誌","中央分向島","未繪設快慢車道分隔線","有",57,"非駕駛人",120.363444,23.333441,"臺南市","後壁區"
"撞號誌、標誌桿","2023",4,27,10,"晴","日間自然光線",40,"直路","路肩、路緣","柏油","乾燥","良好","無號誌","雙向禁止超車線","快慢車道分隔線","有",71,"未使用",120.507629,23.752283,"雲林縣","莿桐鄉"
"同向擦撞","2023",4,27,10,"晴","日間自然光線",50,"直路","快車道","柏油","乾燥","良好","無號誌","雙向禁止超車線","快慢車道分隔線","有",72,"未使用",120.683534,24.115303,"臺中市","大里區"
"同向擦撞","2023",4,27,10,"晴","日間自然光線",50,"直路","快車道","柏油","乾燥","良好","無號誌","雙向禁止超車線","快慢車道分隔線","有",46,"未使用",120.683534,24.115303,"臺中市","大里區"
"路上翻車、摔倒","2023",4,27,13,"晴","日間自然光線",30,"彎曲路及附近","路肩、路緣","柏油","乾燥","良好","無號誌","無","未繪設快慢車道分隔線","有",56,"未使用",120.63887,24.357872,"臺中市","大甲區"
"撞交通島","2023",4,28,1,"晴","夜間(或隧道、地下道、涵洞)有照明",50,"彎曲路及附近","快車道","柏油","乾燥","良好","無號誌","中央分向島","快慢車道分隔線","無",18,"未使用",120.3128,22.64728,"高雄市","三民區"
"撞交通島","2023",4,28,1,"晴","夜間(或隧道、地下道、涵洞)有照明",50,"彎曲路及附近","快車道","柏油","乾燥","良好","無號誌","中央分向島","快慢車道分隔線","無",112,"",120.3128,22.64728,"高雄市","三民區"
"穿越道路中","2023",4,28,9,"晴","日間自然光線",50,"四岔路","穿越道附近","柏油","乾燥","良好","正常","無","未繪設快慢車道分隔線","無",81,"非駕駛人",121.182965,24.910957,"桃園市","楊梅區"
"穿越道路中","2023",4,28,9,"晴","日間自然光線",50,"四岔路","穿越道附近","柏油","乾燥","良好","正常","無","未繪設快慢車道分隔線","無",48,"未使用",121.182965,24.910957,"桃園市","楊梅區"
"同向擦撞","2023",4,28,11,"晴","日間自然光線",50,"橋樑","機車優先道","柏油","乾燥","良好","無號誌","雙向禁止超車線","快慢車道分隔線","無",55,"未使用",120.457695,23.459475,"嘉義市","東區"
"同向擦撞","2023",4,28,11,"晴","日間自然光線",50,"橋樑","機車優先道","柏油","乾燥","良好","無號誌","雙向禁止超車線","快慢車道分隔線","無",67,"未使用",120.457695,23.459475,"嘉義市","東區"
"撞護欄(樁)","2023",4,28,13,"晴","日間自然光線",30,"彎曲路及附近","一般車道(未劃分快慢車道)","柏油","乾燥","不良","無號誌","無","未繪設快慢車道分隔線","有",55,"不明",121.783313,25.104589,"新北市","瑞芳區"
"撞護欄(樁)","2023",4,28,13,"晴","日間自然光線",30,"彎曲路及附近","一般車道(未劃分快慢車道)","柏油","乾燥","不良","無號誌","無","未繪設快慢車道分隔線","有",41,"非駕駛人",121.783313,25.104589,"新北市","瑞芳區"
"撞路樹、電桿","2023",4,28,15,"晴","日間自然光線",40,"直路","路肩、路緣","柏油","乾燥","良好","無號誌","中央分向島","快慢車道分隔線","有",24,"未使用",120.4136,22.64155,"高雄市","大寮區"
"撞路樹、電桿","2023",4,28,15,"晴","日間自然光線",40,"直路","路肩、路緣","柏油","乾燥","良好","無號誌","中央分向島","快慢車道分隔線","有",112,"",120.4136,22.64155,"高雄市","大寮區"
"穿越道路中","2023",4,28,16,"晴","日間自然光線",50,"直路","一般車道(未劃分快慢車道)","柏油","乾燥","良好","無號誌","雙向禁止超車線","未繪設快慢車道分隔線","無",17,"未使用",120.607509,24.192658,"臺中市","西屯區"
"穿越道路中","2023",4,28,16,"晴","日間自然光線",50,"直路","一般車道(未劃分快慢車道)","柏油","乾燥","良好","無號誌","雙向禁止超車線","未繪設快慢車道分隔線","無",82,"非駕駛人",120.607509,24.192658,"臺中市","西屯區"
"其他","2023",4,28,17,"晴","日間自然光線",30,"彎曲路及附近","路肩、路緣","柏油","乾燥","良好","無號誌","無","未繪設快慢車道分隔線","有",53,"不明",120.3476,22.83009,"高雄市","田寮區"
"其他","2023",4,28,17,"晴","日間自然光線",30,"彎曲路及附近","路肩、路緣","柏油","乾燥","良好","無號誌","無","未繪設快慢車道分隔線","有",112,"",120.3476,22.83009,"高雄市","田寮區"
"側撞","2023",4,28,17,"陰","日間自然光線",30,"四岔路","交叉路口內","柏油","乾燥","良好","無號誌","無","未繪設快慢車道分隔線","無",25,"未使用",121.07137,22.797245,"臺東縣","成功鎮"
"側撞","2023",4,28,17,"陰","日間自然光線",30,"四岔路","交叉路口內","柏油","乾燥","良好","無號誌","無","未繪設快慢車道分隔線","無",62,"未使用",121.07137,22.797245,"臺東縣","成功鎮"
"穿越道路中","2023",4,29,0,"晴","夜間(或隧道、地下道、涵洞)有照明",60,"三岔路","交叉口附近","柏油","乾燥","良好","正常","中央分向島","未繪設快慢車道分隔線","無",77,"非駕駛人",120.952559,24.796588,"新竹市","香山區"
"穿越道路中","2023",4,29,0,"晴","夜間(或隧道、地下道、涵洞)有照明",60,"三岔路","交叉口附近","柏油","乾燥","良好","正常","中央分向島","未繪設快慢車道分隔線","無",25,"未使用",120.952559,24.796588,"新竹市","香山區"
"穿越道路中","2023",4,29,0,"晴","夜間(或隧道、地下道、涵洞)有照明",60,"三岔路","交叉口附近","柏油","乾燥","良好","正常","中央分向島","未繪設快慢車道分隔線","無",19,"非駕駛人",120.952559,24.796588,"新竹市","香山區"
"衝出路外","2023",4,29,2,"晴","日間自然光線",40,"直路","一般車道(未劃分快慢車道)","柏油","乾燥","良好","無號誌","行車分向線","未繪設快慢車道分隔線","無",58,"未使用",120.619759,24.130763,"臺中市","南屯區"
"路口交岔撞","2023",4,29,8,"晴","日間自然光線",30,"四岔路","交叉路口內","柏油","乾燥","良好","無號誌","無","未繪設快慢車道分隔線","無",32,"未使用",121.199225,25.040162,"桃園市","大園區"
"路口交岔撞","2023",4,29,8,"晴","日間自然光線",30,"四岔路","交叉路口內","柏油","乾燥","良好","無號誌","無","未繪設快慢車道分隔線","無",33,"未使用",121.199225,25.040162,"桃園市","大園區"
"側撞","2023",4,29,10,"晴","日間自然光線",50,"四岔路","交叉路口內","柏油","乾燥","良好","無號誌","無","未繪設快慢車道分隔線","無",22,"未使用",120.439946,23.469269,"嘉義市","西區"
"側撞","2023",4,29,10,"晴","日間自然光線",50,"四岔路","交叉路口內","柏油","乾燥","良好","無號誌","無","未繪設快慢車道分隔線","無",59,"未使用",120.439946,23.469269,"嘉義市","西區"
"側撞","2023",4,29,10,"晴","日間自然光線",50,"四岔路","交叉路口內","柏油","乾燥","良好","無號誌","無","未繪設快慢車道分隔線","無",20,"未使用",120.439946,23.469269,"嘉義市","西區"
"撞路樹、電桿","2023",4,30,2,"晴","日間自然光線",50,"直路","一般車道(未劃分快慢車道)","柏油","乾燥","良好","無號誌","行車分向線","未繪設快慢車道分隔線","有",18,"不明",120.610532,22.402274,"屏東縣","枋寮鄉"
"撞交通島","2023",4,30,3,"晴","夜間(或隧道、地下道、涵洞)有照明",50,"直路","一般車道(未劃分快慢車道)","柏油","乾燥","良好","無號誌","中央分向島","未繪設快慢車道分隔線","無",23,"未使用",120.693628,24.171257,"臺中市","北屯區"
"側撞","2023",4,30,9,"晴","日間自然光線",50,"四岔路","交叉路口內","柏油","乾燥","良好","無號誌","無","未繪設快慢車道分隔線","無",28,"未使用",120.229259,23.452032,"嘉義縣","朴子市"
"側撞","2023",4,30,9,"晴","日間自然光線",50,"四岔路","交叉路口內","柏油","乾燥","良好","無號誌","無","未繪設快慢車道分隔線","無",68,"未使用",120.229259,23.452032,"嘉義縣","朴子市"
"側撞","2023",4,30,10,"晴","日間自然光線",50,"四岔路","交叉口附近","柏油","乾燥","良好","正常","雙向禁止超車線","未繪設快慢車道分隔線","無",71,"未使用",120.644106,24.14686,"臺中市","南屯區"
"側撞","2023",4,30,10,"晴","日間自然光線",50,"四岔路","交叉口附近","柏油","乾燥","良好","正常","雙向禁止超車線","未繪設快慢車道分隔線","無",26,"未使用",120.644106,24.14686,"臺中市","南屯區"
"側撞","2023",4,30,10,"晴","日間自然光線",50,"四岔路","交叉口附近","柏油","乾燥","良好","正常","雙向禁止超車線","未繪設快慢車道分隔線","無",69,"未使用",120.644106,24.14686,"臺中市","南屯區"
"側撞","2023",4,30,12,"晴","日間自然光線",70,"四岔路","交叉路口內","柏油","乾燥","良好","正常","中央分向島","快慢車道分隔線","有",19,"未使用",120.302662,23.079085,"臺南市","新市區"
"側撞","2023",4,30,12,"晴","日間自然光線",70,"四岔路","交叉路口內","柏油","乾燥","良好","正常","中央分向島","快慢車道分隔線","有",55,"未使用",120.302662,23.079085,"臺南市","新市區"
"側撞","2023",4,30,12,"晴","日間自然光線",70,"四岔路","交叉路口內","柏油","乾燥","良好","正常","中央分向島","快慢車道分隔線","有",55,"未使用",120.302662,23.079085,"臺南市","新市區"
"追撞","2023",4,30,22,"晴","夜間(或隧道、地下道、涵洞)有照明",40,"三岔路","交叉路口內","柏油","乾燥","良好","無號誌","中央分向島","快慢車道分隔線","有",18,"未使用",120.573819,24.18578,"臺中市","龍井區"
"追撞","2023",4,30,22,"晴","夜間(或隧道、地下道、涵洞)有照明",40,"三岔路","交叉路口內","柏油","乾燥","良好","無號誌","中央分向島","快慢車道分隔線","有",27,"未使用",120.573819,24.18578,"臺中市","龍井區"
"追撞","2023",4,30,22,"晴","夜間(或隧道、地下道、涵洞)有照明",40,"三岔路","交叉路口內","柏油","乾燥","良好","無號誌","中央分向島","快慢車道分隔線","有",18,"非駕駛人",120.573819,24.18578,"臺中市","龍井區"
"其他","2023",5,1,8,"晴","日間自然光線",60,"直路","快車道","柏油","乾燥","良好","無號誌","雙向禁止超車線","未繪設快慢車道分隔線","有",19,"不明",120.235804,22.828669,"高雄市","永安區"
"其他","2023",5,1,8,"晴","日間自然光線",60,"直路","快車道","柏油","乾燥","良好","無號誌","雙向禁止超車線","未繪設快慢車道分隔線","有",54,"不明",120.235804,22.828669,"高雄市","永安區"
"其他","2023",5,1,8,"晴","日間自然光線",60,"直路","快車道","柏油","乾燥","良好","無號誌","雙向禁止超車線","未繪設快慢車道分隔線","有",112,"",120.235804,22.828669,"高雄市","永安區"
"對撞","2023",5,1,8,"晴","日間自然光線",50,"直路","一般車道(未劃分快慢車道)","柏油","乾燥","良好","無號誌","行車分向線","未繪設快慢車道分隔線","有",22,"不明",121.323269,24.972054,"桃園市","桃園區"
"對撞","2023",5,1,8,"晴","日間自然光線",50,"直路","一般車道(未劃分快慢車道)","柏油","乾燥","良好","無號誌","行車分向線","未繪設快慢車道分隔線","有",46,"不明",121.323269,24.972054,"桃園市","桃園區"
"對撞","2023",5,1,8,"晴","日間自然光線",50,"直路","一般車道(未劃分快慢車道)","柏油","乾燥","良好","無號誌","雙向禁止超車線","未繪設快慢車道分隔線","有",73,"未使用",120.763651,23.818104,"南投縣","竹山鎮"
"對撞","2023",5,1,8,"晴","日間自然光線",50,"直路","一般車道(未劃分快慢車道)","柏油","乾燥","良好","無號誌","雙向禁止超車線","未繪設快慢車道分隔線","有",58,"未使用",120.763651,23.818104,"南投縣","竹山鎮"
"側撞","2023",5,1,11,"晴","日間自然光線",50,"四岔路","交叉路口內","柏油","乾燥","良好","正常","雙向禁止超車線","快慢車道分隔線","無",65,"未使用",120.292405,22.732223,"高雄市","楠梓區"
"側撞","2023",5,1,11,"晴","日間自然光線",50,"四岔路","交叉路口內","柏油","乾燥","良好","正常","雙向禁止超車線","快慢車道分隔線","無",34,"未使用",120.292405,22.732223,"高雄市","楠梓區"
"追撞","2023",5,1,15,"晴","日間自然光線",40,"直路","一般車道(未劃分快慢車道)","柏油","乾燥","良好","無號誌","行車分向線","未繪設快慢車道分隔線","有",23,"未使用",120.412604,24.084497,"彰化縣","鹿港鎮"
"追撞","2023",5,1,15,"晴","日間自然光線",40,"直路","一般車道(未劃分快慢車道)","柏油","乾燥","良好","無號誌","行車分向線","未繪設快慢車道分隔線","有",56,"不明",120.412604,24.084497,"彰化縣","鹿港鎮"
"側撞","2023",5,1,15,"晴","日間自然光線",50,"直路","一般車道(未劃分快慢車道)","柏油","乾燥","良好","無號誌","行車分向線","快慢車道分隔線","無",45,"未使用",120.693118,24.107558,"臺中市","大里區"
"側撞","2023",5,1,15,"晴","日間自然光線",50,"直路","一般車道(未劃分快慢車道)","柏油","乾燥","良好","無號誌","行車分向線","快慢車道分隔線","無",24,"未使用",120.693118,24.107558,"臺中市","大里區"
"側撞","2023",5,1,15,"晴","日間自然光線",50,"直路","一般車道(未劃分快慢車道)","柏油","乾燥","良好","無號誌","行車分向線","快慢車道分隔線","無",9,"未使用",120.693118,24.107558,"臺中市","大里區"
"路口交岔撞","2023",5,1,16,"晴","日間自然光線",50,"四岔路","交叉路口內","柏油","乾燥","良好","正常","雙向禁止超車線","未繪設快慢車道分隔線","無",56,"不明",121.537959,25.028851,"臺北市","大安區"
"路口交岔撞","2023",5,1,16,"晴","日間自然光線",50,"四岔路","交叉路口內","柏油","乾燥","良好","正常","雙向禁止超車線","未繪設快慢車道分隔線","無",63,"不明",121.537959,25.028851,"臺北市","大安區"
"路口交岔撞","2023",5,1,16,"晴","日間自然光線",50,"四岔路","交叉路口內","柏油","乾燥","良好","正常","雙向禁止超車線","未繪設快慢車道分隔線","無",59,"不明",121.537959,25.028851,"臺北市","大安區"
"路口交岔撞","2023",5,2,8,"晴","日間自然光線",40,"四岔路","交叉路口內","柏油","乾燥","良好","正常","無","未繪設快慢車道分隔線","無",50,"未使用",120.422299,23.484442,"嘉義市","西區"
"路口交岔撞","2023",5,2,8,"晴","日間自然光線",40,"四岔路","交叉路口內","柏油","乾燥","良好","正常","無","未繪設快慢車道分隔線","無",55,"未使用",120.422299,23.484442,"嘉義市","西區"
"撞護欄(樁)","2023",5,2,13,"晴","日間自然光線",40,"三岔路","交叉路口內","柏油","乾燥","良好","無號誌","無","未繪設快慢車道分隔線","有",72,"未使用",121.157257,22.97618,"臺東縣","鹿野鄉"
"同向擦撞","2023",5,2,15,"陰","日間自然光線",60,"其他","其他","柏油","乾燥","良好","無號誌","無","未繪設快慢車道分隔線","無",79,"未使用",121.576286,23.975561,"花蓮縣","吉安鄉"
"同向擦撞","2023",5,2,15,"陰","日間自然光線",60,"其他","其他","柏油","乾燥","良好","無號誌","無","未繪設快慢車道分隔線","無",32,"未使用",121.576286,23.975561,"花蓮縣","吉安鄉"
"衝進路中","2023",5,2,16,"晴","日間自然光線",50,"四岔路","行人穿越道","柏油","乾燥","良好","正常","行車分向線","未繪設快慢車道分隔線","無",34,"不明",121.211949,24.883303,"桃園市","龍潭區"
"衝進路中","2023",5,2,16,"晴","日間自然光線",50,"四岔路","行人穿越道","柏油","乾燥","良好","正常","行車分向線","未繪設快慢車道分隔線","無",65,"非駕駛人",121.211949,24.883303,"桃園市","龍潭區"
"側撞","2023",5,2,18,"晴","日間自然光線",80,"三岔路","交叉路口內","柏油","乾燥","良好","正常","無","未繪設快慢車道分隔線","無",29,"不明",120.914745,24.77884,"新竹市","香山區"
"側撞","2023",5,2,18,"晴","日間自然光線",80,"三岔路","交叉路口內","柏油","乾燥","良好","正常","無","未繪設快慢車道分隔線","無",23,"不明",120.914745,24.77884,"新竹市","香山區"
"側撞","2023",5,2,18,"晴","日間自然光線",80,"三岔路","交叉路口內","柏油","乾燥","良好","正常","無","未繪設快慢車道分隔線","無",26,"不明",120.914745,24.77884,"新竹市","香山區"
"側撞","2023",5,2,22,"晴","夜間(或隧道、地下道、涵洞)有照明",30,"四岔路","交叉路口內","柏油","乾燥","良好","無號誌","無","未繪設快慢車道分隔線","無",50,"未使用",121.228273,24.988106,"桃園市","中壢區"