"事故類型及型態子類別名稱","發生年度","發生月份","發生日期","發生時間","天候名稱","光線名稱","速限.第1當事者","道路型態子類別名稱","事故位置子類別名稱","路面狀況.路面鋪裝名稱","路面狀況.路面狀態名稱","道路障礙.視距品質名稱","號誌.號誌動作名稱","車道劃分設施.分向設施大類別名稱","車道劃分設施.分道設施.快慢車道間名稱","車道劃分設施.分道設施.路面邊線名稱","當事者事故發生時年齡","行動電話或電腦或其他相類功能裝置名稱","經度","緯度","縣市","鄉鎮"
"側撞","2023",5,2,22,"晴","夜間(或隧道、地下道、涵洞)有照明",30,"四岔路","交叉路口內","柏油","乾燥","良好","無號誌","無","未繪設快慢車道分隔線","無",19,"未使用",121.228273,24.988106,"桃園市","中壢區"
"側撞","2023",5,2,22,"晴","夜間(或隧道、地下道、涵洞)有照明",30,"四岔路","交叉路口內","柏油","乾燥","良好","無號誌","無","未繪設快慢車道分隔線","無",19,"非駕駛人",121.228273,24.988106,"桃園市","中壢區"
"側撞","2023",5,3,8,"陰","日間自然光線",60,"直路","一般車道(未劃分快慢車道)","柏油","乾燥","良好","無號誌","中央分向島","快慢車道分隔線","有",64,"未使用",120.918794,24.779549,"新竹市","香山區"
"側撞","2023",5,3,8,"陰","日間自然光線",60,"直路","一般車道(未劃分快慢車道)","柏油","乾燥","良好","無號誌","中央分向島","快慢車道分隔線","有",27,"未使用",120.918794,24.779549,"新竹市","香山區"
"同向通行中","2023",5,3,19,"晴","夜間(或隧道、地下道、涵洞)有照明",30,"彎曲路及附近","一般車道(未劃分快慢車道)","柏油","乾燥","良好","無號誌","無","未繪設快慢車道分隔線","無",72,"未使用",120.55655,22.739079,"屏東縣","鹽埔鄉"
"同向通行中","2023",5,3,19,"晴","夜間(或隧道、地下道、涵洞)有照明",30,"彎曲路及附近","一般車道(未劃分快慢車道)","柏油","乾燥","良好","無號誌","無","未繪設快慢車道分隔線","無",32,"未使用",120.55655,22.739079,"屏東縣","鹽埔鄉"
"撞交通島","2023",5,4,7,"晴","日間自然光線",50,"彎曲路及附近","環道匝道","柏油","乾燥","良好","無號誌","無","未繪設快慢車道分隔線","有",33,"不明",120.449943,22.796451,"高雄市","旗山區"
"側撞","2023",5,4,15,"晴","日間自然光線",30,"四岔路","交叉口附近","柏油","乾燥","良好","正常","無","未繪設快慢車道分隔線","無",72,"不明",121.536971,25.065119,"臺北市","中山區"
"側撞","2023",5,4,15,"晴","日間自然光線",30,"四岔路","交叉口附近","柏油","乾燥","良好","正常","無","未繪設快慢車道分隔線","無",37,"不明",121.536971,25.065119,"臺北市","中山區"
"側撞","2023",5,4,20,"晴","夜間(或隧道、地下道、涵洞)有照明",50,"直路","一般車道(未劃分快慢車道)","柏油","乾燥","良好","無號誌","無","未繪設快慢車道分隔線","有",33,"不明",120.966642,24.773744,"新竹市","東區"
"側撞","2023",5,4,20,"晴","夜間(或隧道、地下道、涵洞)有照明",50,"直路","一般車道(未劃分快慢車道)","柏油","乾燥","良好","無號誌","無","未繪設快慢車道分隔線","有",20,"不明",120.966642,24.773744,"新竹市","東區"
"側撞","2023",5,4,20,"晴","夜間(或隧道、地下道、涵洞)有照明",50,"直路","一般車道(未劃分快慢車道)","柏油","乾燥","良好","無號誌","無","未繪設快慢車道分隔線","有",22,"非駕駛人",120.966642,24.773744,"新竹市","東區"
"側撞","2023",5,4,22,"晴","夜間(或隧道、地下道、涵洞)有照明",60,"四岔路","交叉路口內","柏油","乾燥","良好","正常","雙向禁止超車線","未繪設快慢車道分隔線","有",30,"未使用",120.57616,23.71975,"雲林縣","斗六市"
"側撞","2023",5,4,22,"晴","夜間(或隧道、地下道、涵洞)有照明",60,"四岔路","交叉路口內","柏油","乾燥","良好","正常","雙向禁止超車線","未繪設快慢車道分隔線","有",23,"未使用",120.57616,23.71975,"雲林縣","斗六市"
"側撞","2023",5,4,22,"晴","夜間(或隧道、地下道、涵洞)有照明",60,"四岔路","交叉路口內","柏油","乾燥","良好","正常","雙向禁止超車線","未繪設快慢車道分隔線","有",39,"未使用",120.57616,23.71975,"雲林縣","斗六市"
"側撞","2023",5,4,22,"晴","夜間(或隧道、地下道、涵洞)有照明",60,"四岔路","交叉路口內","柏油","乾燥","良好","正常","雙向禁止超車線","未繪設快慢車道分隔線","有",40,"未使用",120.57616,23.71975,"雲林縣","斗六市"
"側撞","2023",5,4,22,"晴","夜間(或隧道、地下道、涵洞)有照明",60,"四岔路","交叉路口內","柏油","乾燥","良好","正常","雙向禁止超車線","未繪設快慢車道分隔線","有",24,"未使用",120.57616,23.71975,"雲林縣","斗六市"
"側撞","2023",5,4,22,"晴","夜間(或隧道、地下道、涵洞)有照明",60,"四岔路","交叉路口內","柏油","乾燥","良好","正常","雙向禁止超車線","未繪設快慢車道分隔線","有",54,"未使用",120.57616,23.71975,"雲林縣","斗六市"
"側撞","2023",5,4,22,"晴","夜間(或隧道、地下道、涵洞)有照明",60,"四岔路","交叉路口內","柏油","乾燥","良好","正常","雙向禁止超車線","未繪設快慢車道分隔線","有",22,"非駕駛人",120.57616,23.71975,"雲林縣","斗六市"
"撞號誌、標誌桿","2023",5,5,14,"晴","日間自然光線",40,"直路","路肩、路緣","柏油","乾燥","良好","無號誌","中央分向島","快慢車道分隔線","有",75,"未使用",120.433628,23.548707,"嘉義縣","民雄鄉"
"其他","2023",5,5,17,"晴","日間自然光線",50,"直路","路肩、路緣","柏油","乾燥","良好","無號誌","行車分向線","未繪設快慢車道分隔線","有",33,"未使用",120.729403,24.32567,"臺中市","后里區"
"其他","2023",5,5,17,"晴","日間自然光線",50,"直路","路肩、路緣","柏油","乾燥","良好","無號誌","行車分向線","未繪設快慢車道分隔線","有",84,"不明",120.729403,24.32567,"臺中市","后里區"
"其他","2023",5,5,17,"晴","日間自然光線",50,"直路","路肩、路緣","柏油","乾燥","良好","無號誌","行車分向線","未繪設快慢車道分隔線","有",84,"非駕駛人",120.729403,24.32567,"臺中市","后里區"
"穿越道路中","2023",5,5,23,"晴","夜間(或隧道、地下道、涵洞)有照明",50,"四岔路","交叉路口內","柏油","乾燥","良好","正常","無","未繪設快慢車道分隔線","無",26,"未使用",120.696122,24.167847,"臺中市","北屯區"
"穿越道路中","2023",5,5,23,"晴","夜間(或隧道、地下道、涵洞)有照明",50,"四岔路","交叉路口內","柏油","乾燥","良好","正常","無","未繪設快慢車道分隔線","無",58,"未使用",120.696122,24.167847,"臺中市","北屯區"
"撞交通島","2023",5,6,1,"晴","夜間(或隧道、地下道、涵洞)有照明",50,"三岔路","交叉路口內","柏油","乾燥","良好","正常","中央分向島","未繪設快慢車道分隔線","無",18,"不明",120.981525,24.808326,"新竹市","東區"
"其他","2023",5,6,5,"晴","日間自然光線",50,"多岔路","交叉口附近","柏油","乾燥","良好","無號誌","中央分向島","未繪設快慢車道分隔線","無",25,"未使用",121.57668,25.000111,"臺北市","文山區"
"其他","2023",5,6,5,"晴","日間自然光線",50,"多岔路","交叉口附近","柏油","乾燥","良好","無號誌","中央分向島","未繪設快慢車道分隔線","無",53,"未使用",121.57668,25.000111,"臺北市","文山區"
"其他","2023",5,6,5,"晴","日間自然光線",50,"多岔路","交叉口附近","柏油","乾燥","良好","無號誌","中央分向島","未繪設快慢車道分隔線","無",56,"未使用",121.57668,25.000111,"臺北市","文山區"
"其他","2023",5,6,5,"晴","日間自然光線",50,"多岔路","交叉口附近","柏油","乾燥","良好","無號誌","中央分向島","未繪設快慢車道分隔線","無",67,"未使用",121.57668,25.000111,"臺北市","文山區"
"其他","2023",5,6,5,"晴","日間自然光線",50,"多岔路","交叉口附近","柏油","乾燥","良好","無號誌","中央分向島","未繪設快慢車道分隔線","無",62,"未使用",121.57668,25.000111,"臺北市","文山區"
"衝出路外","2023",5,6,5,"晴","日間自然光線",30,"直路","一般車道(未劃分快慢車道)","柏油","乾燥","良好","無號誌","無","未繪設快慢車道分隔線","有",44,"不明",121.060807,22.721557,"臺東縣","臺東市"
"側撞","2023",5,6,8,"晴","日間自然光線",60,"三岔路","交叉路口內","柏油","乾燥","良好","正常","雙向禁止超車線","快慢車道分隔線","有",54,"未使用",120.2383,23.18698,"臺南市","麻豆區"
"側撞","2023",5,6,8,"晴","日間自然光線",60,"三岔路","交叉路口內","柏油","乾燥","良好","正常","雙向禁止超車線","快慢車道分隔線","有",27,"未使用",120.2383,23.18698,"臺南市","麻豆區"
"側撞","2023",5,6,8,"晴","日間自然光線",60,"三岔路","交叉路口內","柏油","乾燥","良好","正常","雙向禁止超車線","快慢車道分隔線","有",65,"未使用",120.2383,23.18698,"臺南市","麻豆區"
"其他","2023",5,6,8,"晴","日間自然光線",50,"直路","一般車道(未劃分快慢車道)","柏油","乾燥","良好","無號誌","行車分向線","快慢車道分隔線","有",21,"未使用",120.327392,22.812829,"高雄市","岡山區"
"其他","2023",5,6,8,"晴","日間自然光線",50,"直路","一般車道(未劃分快慢車道)","柏油","乾燥","良好","無號誌","行車分向線","快慢車道分隔線","有",32,"未使用",120.327392,22.812829,"高雄市","岡山區"
"其他","2023",5,6,8,"晴","日間自然光線",50,"直路","一般車道(未劃分快慢車道)","柏油","乾燥","良好","無號誌","行車分向線","快慢車道分隔線","有",62,"不明",120.327392,22.812829,"高雄市","岡山區"
"其他","2023",5,6,8,"晴","日間自然光線",50,"直路","一般車道(未劃分快慢車道)","柏油","乾燥","良好","無號誌","行車分向線","快慢車道分隔線","有",60,"不明",120.327392,22.812829,"高雄市","岡山區"
"其他","2023",5,6,8,"晴","日間自然光線",50,"直路","一般車道(未劃分快慢車道)","柏油","乾燥","良好","無號誌","行車分向線","快慢車道分隔線","有",67,"不明",120.327392,22.812829,"高雄市","岡山區"
"其他","2023",5,6,8,"晴","日間自然光線",50,"直路","一般車道(未劃分快慢車道)","柏油","乾燥","良好","無號誌","行車分向線","快慢車道分隔線","有",56,"不明",120.327392,22.812829,"高雄市","岡山區"
"其他","2023",5,6,8,"晴","日間自然光線",50,"直路","一般車道(未劃分快慢車道)","柏油","乾燥","良好","無號誌","行車分向線","快慢車道分隔線","有",69,"非駕駛人",120.327392,22.812829,"高雄市","岡山區"
"其他","2023",5,6,10,"晴","日間自然光線",60,"彎曲路及附近","一般車道(未劃分快慢車道)","柏油","濕潤","良好","無號誌","中央分向島","未繪設快慢車道分隔線","有",56,"不明",120.4137,22.69629,"高雄市","大樹區"
"其他","2023",5,6,10,"晴","日間自然光線",60,"彎曲路及附近","一般車道(未劃分快慢車道)","柏油","濕潤","良好","無號誌","中央分向島","未繪設快慢車道分隔線","有",32,"非駕駛人",120.4137,22.69629,"高雄市","大樹區"
"撞路樹、電桿","2023",5,6,14,"晴","日間自然光線",50,"直路","一般車道(未劃分快慢車道)","柏油","乾燥","良好","無號誌","無","未繪設快慢車道分隔線","有",51,"不明",120.639594,24.209131,"臺中市","大雅區"
"路上翻車、摔倒","2023",5,6,15,"晴","日間自然光線",50,"彎曲路及附近","路肩、路緣","柏油","濕潤","良好","無號誌","雙向禁止超車線","未繪設快慢車道分隔線","有",48,"未使用",121.528901,23.604082,"花蓮縣","豐濱鄉"
"穿越道路中","2023",5,6,15,"晴","日間自然光線",50,"直路","一般車道(未劃分快慢車道)","柏油","乾燥","良好","無號誌","雙向禁止超車線","未繪設快慢車道分隔線","有",71,"非駕駛人",121.302472,24.97595,"桃園市","八德區"
"穿越道路中","2023",5,6,15,"晴","日間自然光線",50,"直路","一般車道(未劃分快慢車道)","柏油","乾燥","良好","無號誌","雙向禁止超車線","未繪設快慢車道分隔線","有",20,"未使用",121.302472,24.97595,"桃園市","八德區"
"撞路樹、電桿","2023",5,6,21,"晴","夜間(或隧道、地下道、涵洞)有照明",50,"直路","路肩、路緣","柏油","乾燥","良好","無號誌","雙向禁止超車線","未繪設快慢車道分隔線","有",58,"不明",120.565005,24.014449,"彰化縣","花壇鄉"
"追撞","2023",5,6,22,"晴","夜間(或隧道、地下道、涵洞)有照明",70,"三岔路","交叉路口內","柏油","乾燥","良好","正常","中央分向島","快慢車道分隔線","有",52,"未使用",120.495005,22.706086,"屏東縣","屏東市"
"追撞","2023",5,6,22,"晴","夜間(或隧道、地下道、涵洞)有照明",70,"三岔路","交叉路口內","柏油","乾燥","良好","正常","中央分向島","快慢車道分隔線","有",24,"未使用",120.495005,22.706086,"屏東縣","屏東市"
"撞護欄(樁)","2023",5,7,5,"雨","夜間(或隧道、地下道、涵洞)有照明",50,"直路","直線匝道","柏油","濕潤","良好","無號誌","無","未繪設快慢車道分隔線","有",66,"未使用",120.38603,23.418436,"嘉義縣","水上鄉"
"撞護欄(樁)","2023",5,7,5,"雨","日間自然光線",80,"其他","直線匝道","柏油","濕潤","良好","無號誌","中央分向島","未繪設快慢車道分隔線","無",24,"不明",120.634948,24.179291,"臺中市","西屯區"
"撞護欄(樁)","2023",5,7,5,"雨","日間自然光線",80,"其他","直線匝道","柏油","濕潤","良好","無號誌","中央分向島","未繪設快慢車道分隔線","無",24,"不明",120.634948,24.179291,"臺中市","西屯區"
"側撞","2023",5,7,11,"陰","日間自然光線",50,"三岔路","交叉路口內","柏油","乾燥","良好","正常","中央分向島","快慢車道分隔線","無",20,"不明",120.3555,22.64988,"高雄市","三民區"
"側撞","2023",5,7,11,"陰","日間自然光線",50,"三岔路","交叉路口內","柏油","乾燥","良好","正常","中央分向島","快慢車道分隔線","無",61,"不明",120.3555,22.64988,"高雄市","三民區"
"側撞","2023",5,7,11,"陰","日間自然光線",50,"三岔路","交叉路口內","柏油","乾燥","良好","正常","中央分向島","快慢車道分隔線","無",69,"未使用",120.3555,22.64988,"高雄市","三民區"
"側撞","2023",5,7,11,"陰","日間自然光線",50,"三岔路","交叉路口內","柏油","乾燥","良好","正常","中央分向島","快慢車道分隔線","無",38,"未使用",120.3555,22.64988,"高雄市","三民區"
"側撞","2023",5,7,11,"陰","日間自然光線",50,"三岔路","交叉路口內","柏油","乾燥","良好","正常","中央分向島","快慢車道分隔線","無",5,"非駕駛人",120.3555,22.64988,"高雄市","三民區"
"同向擦撞","2023",5,7,21,"雨","夜間(或隧道、地下道、涵洞)有照明",40,"四岔路","交叉口附近","柏油","濕潤","良好","無號誌","雙向禁止超車線","未繪設快慢車道分隔線","有",48,"不明",120.964404,23.95409,"南投縣","埔里鎮"
"同向擦撞","2023",5,7,21,"雨","夜間(或隧道、地下道、涵洞)有照明",40,"四岔路","交叉口附近","柏油","濕潤","良好","無號誌","雙向禁止超車線","未繪設快慢車道分隔線","有",71,"不明",120.964404,23.95409,"南投縣","埔里鎮"
"路口交岔撞","2023",5,7,23,"雨","夜間(或隧道、地下道、涵洞)有照明",50,"四岔路","交叉路口內","柏油","濕潤","良好","正常","無","未繪設快慢車道分隔線","無",21,"未使用",120.652962,24.150959,"臺中市","西區"
"路口交岔撞","2023",5,7,23,"雨","夜間(或隧道、地下道、涵洞)有照明",50,"四岔路","交叉路口內","柏油","濕潤","良好","正常","無","未繪設快慢車道分隔線","無",28,"未使用",120.652962,24.150959,"臺中市","西區"
"路口交岔撞","2023",5,7,23,"雨","夜間(或隧道、地下道、涵洞)有照明",50,"四岔路","交叉路口內","柏油","濕潤","良好","正常","無","未繪設快慢車道分隔線","無",35,"未使用",120.652962,24.150959,"臺中市","西區"
"路上翻車、摔倒","2023",5,8,1,"雨","夜間(或隧道、地下道、涵洞)有照明",50,"四岔路","交叉口附近","柏油","濕潤","良好","正常","無","未繪設快慢車道分隔線","無",23,"未使用",121.286119,24.887509,"桃園市","大溪區"
"側撞","2023",5,8,5,"雨","日間自然光線",50,"彎曲路及附近","一般車道(未劃分快慢車道)","柏油","濕潤","良好","無號誌","中央分向島","未繪設快慢車道分隔線","有",24,"未使用",121.19003,24.98291,"桃園市","中壢區"
"側撞","2023",5,8,5,"雨","日間自然光線",50,"彎曲路及附近","一般車道(未劃分快慢車道)","柏油","濕潤","良好","無號誌","中央分向島","未繪設快慢車道分隔線","有",37,"未使用",121.19003,24.98291,"桃園市","中壢區"
"側撞","2023",5,8,5,"雨","日間自然光線",50,"彎曲路及附近","一般車道(未劃分快慢車道)","柏油","濕潤","良好","無號誌","中央分向島","未繪設快慢車道分隔線","有",50,"不明",121.19003,24.98291,"桃園市","中壢區"
"其他","2023",5,8,8,"雨","日間自然光線",50,"直路","其他","柏油","濕潤","良好","無號誌","行車分向線","未繪設快慢車道分隔線","有",53,"未使用",120.696863,24.476477,"苗栗縣","通霄鎮"
"同向通行中","2023",5,8,9,"晴","日間自然光線",50,"四岔路","交叉路口內","柏油","乾燥","良好","正常","無","未繪設快慢車道分隔線","無",36,"不明",120.20485,22.9985,"臺南市","北區"
"同向通行中","2023",5,8,9,"晴","日間自然光線",50,"四岔路","交叉路口內","柏油","乾燥","良好","正常","無","未繪設快慢車道分隔線","無",37,"非駕駛人",120.20485,22.9985,"臺南市","北區"
"同向通行中","2023",5,8,9,"晴","日間自然光線",50,"四岔路","交叉路口內","柏油","乾燥","良好","正常","無","未繪設快慢車道分隔線","無",2,"非駕駛人",120.20485,22.9985,"臺南市","北區"
"同向擦撞","2023",5,8,15,"晴","日間自然光線",110,"直路","快車道","柏油","乾燥","良好","無號誌","中央分向島","未繪設快慢車道分隔線","有",69,"未使用",120.801543,24.609244,"苗栗縣","後龍鎮"
"同向擦撞","2023",5,8,15,"晴","日間自然光線",110,"直路","快車道","柏油","乾燥","良好","無號誌","中央分向島","未繪設快慢車道分隔線","有",26,"未使用",120.801543,24.609244,"苗栗縣","後龍鎮"
"同向擦撞","2023",5,8,15,"晴","日間自然光線",110,"直路","快車道","柏油","乾燥","良好","無號誌","中央分向島","未繪設快慢車道分隔線","有",22,"未使用",120.801543,24.609244,"苗栗縣","後龍鎮"
"同向擦撞","2023",5,8,15,"晴","日間自然光線",110,"直路","快車道","柏油","乾燥","良好","無號誌","中央分向島","未繪設快慢車道分隔線","有",92,"非駕駛人",120.801543,24.609244,"苗栗縣","後龍鎮"
"路口交岔撞","2023",5,9,18,"晴","日間自然光線",60,"多岔路","交叉路口內","柏油","乾燥","良好","正常","中央分向島","未繪設快慢車道分隔線","有",18,"未使用",120.684292,23.900363,"南投縣","南投市"
"路口交岔撞","2023",5,9,18,"晴","日間自然光線",60,"多岔路","交叉路口內","柏油","乾燥","良好","正常","中央分向島","未繪設快慢車道分隔線","有",24,"未使用",120.684292,23.900363,"南投縣","南投市"
"路口交岔撞","2023",5,9,18,"晴","日間自然光線",60,"多岔路","交叉路口內","柏油","乾燥","良好","正常","中央分向島","未繪設快慢車道分隔線","有",18,"非駕駛人",120.684292,23.900363,"南投縣","南投市"
"其他","2023",5,9,19,"晴","夜間(或隧道、地下道、涵洞)有照明",40,"直路","慢車道","柏油","乾燥","良好","無號誌","行車分向線","快慢車道分隔線","有",71,"未使用",120.505232,22.689803,"屏東縣","屏東市"
"其他","2023",5,9,19,"晴","夜間(或隧道、地下道、涵洞)有照明",40,"直路","慢車道","柏油","乾燥","良好","無號誌","行車分向線","快慢車道分隔線","有",48,"未使用",120.505232,22.689803,"屏東縣","屏東市"
"衝出路外","2023",5,9,19,"晴","夜間(或隧道、地下道、涵洞)無照明",40,"直路","一般車道(未劃分快慢車道)","柏油","乾燥","良好","無號誌","無","未繪設快慢車道分隔線","無",61,"不明",120.913341,24.05793,"南投縣","國姓鄉"
"路口交岔撞","2023",5,9,20,"陰","夜間(或隧道、地下道、涵洞)有照明",50,"四岔路","交叉路口內","柏油","乾燥","良好","正常","無","未繪設快慢車道分隔線","無",27,"未使用",119.580171,23.559155,"澎湖縣","馬公市"
"路口交岔撞","2023",5,9,20,"陰","夜間(或隧道、地下道、涵洞)有照明",50,"四岔路","交叉路口內","柏油","乾燥","良好","正常","無","未繪設快慢車道分隔線","無",20,"未使用",119.580171,23.559155,"澎湖縣","馬公市"
"路口交岔撞","2023",5,9,20,"陰","夜間(或隧道、地下道、涵洞)有照明",50,"四岔路","交叉路口內","柏油","乾燥","良好","正常","無","未繪設快慢車道分隔線","無",21,"非駕駛人",119.580171,23.559155,"澎湖縣","馬公市"
"路口交岔撞","2023",5,9,20,"陰","夜間(或隧道、地下道、涵洞)有照明",50,"四岔路","交叉路口內","柏油","乾燥","良好","正常","無","未繪設快慢車道分隔線","無",20,"非駕駛人",119.580171,23.559155,"澎湖縣","馬公市"
"路口交岔撞","2023",5,9,20,"陰","夜間(或隧道、地下道、涵洞)有照明",50,"四岔路","交叉路口內","柏油","乾燥","良好","正常","無","未繪設快慢車道分隔線","無",20,"非駕駛人",119.580171,23.559155,"澎湖縣","馬公市"
"路口交岔撞","2023",5,9,20,"陰","夜間(或隧道、地下道、涵洞)有照明",50,"四岔路","交叉路口內","柏油","乾燥","良好","正常","無","未繪設快慢車道分隔線","無",21,"非駕駛人",119.580171,23.559155,"澎湖縣","馬公市"
"路口交岔撞","2023",5,9,20,"陰","夜間(或隧道、地下道、涵洞)有照明",50,"四岔路","交叉路口內","柏油","乾燥","良好","正常","無","未繪設快慢車道分隔線","無",20,"非駕駛人",119.580171,23.559155,"澎湖縣","馬公市"
"路口交岔撞","2023",5,11,10,"晴","日間自然光線",30,"四岔路","交叉路口內","柏油","乾燥","良好","無號誌","無","未繪設快慢車道分隔線","有",49,"未使用",121.20807,25.084574,"桃園市","大園區"
"路口交岔撞","2023",5,11,10,"晴","日間自然光線",30,"四岔路","交叉路口內","柏油","乾燥","良好","無號誌","無","未繪設快慢車道分隔線","有",49,"不明",121.20807,25.084574,"桃園市","大園區"
"側撞","2023",5,11,12,"晴","日間自然光線",50,"直路","快車道","柏油","乾燥","良好","無號誌","行車分向線","快慢車道分隔線","無",47,"不明",120.618066,24.1616,"臺中市","西屯區"
"側撞","2023",5,11,12,"晴","日間自然光線",50,"直路","快車道","柏油","乾燥","良好","無號誌","行車分向線","快慢車道分隔線","無",22,"不明",120.618066,24.1616,"臺中市","西屯區"
"側撞","2023",5,11,17,"雨","日間自然光線",30,"三岔路","交叉路口內","柏油","濕潤","良好","正常","無","未繪設快慢車道分隔線","無",60,"不明",120.435033,23.420563,"嘉義縣","水上鄉"
"側撞","2023",5,11,17,"雨","日間自然光線",30,"三岔路","交叉路口內","柏油","濕潤","良好","正常","無","未繪設快慢車道分隔線","無",42,"未使用",120.435033,23.420563,"嘉義縣","水上鄉"
"對向擦撞","2023",5,12,0,"晴","夜間(或隧道、地下道、涵洞)有照明",50,"四岔路","交叉路口內","柏油","乾燥","良好","正常","雙向禁止超車線","未繪設快慢車道分隔線","有",30,"未使用",120.549671,24.021147,"彰化縣","花壇鄉"
"對向擦撞","2023",5,12,0,"晴","夜間(或隧道、地下道、涵洞)有照明",50,"四岔路","交叉路口內","柏油","乾燥","良好","正常","雙向禁止超車線","未繪設快慢車道分隔線","有",25,"未使用",120.549671,24.021147,"彰化縣","花壇鄉"
"對向擦撞","2023",5,12,0,"晴","夜間(或隧道、地下道、涵洞)有照明",50,"四岔路","交叉路口內","柏油","乾燥","良好","正常","雙向禁止超車線","未繪設快慢車道分隔線","有",22,"未使用",120.549671,24.021147,"彰化縣","花壇鄉"
"其他","2023",5,12,9,"晴","日間自然光線",60,"三岔路","交叉口附近","柏油","乾燥","良好","無號誌","行車分向線","未繪設快慢車道分隔線","有",74,"未使用",120.371578,22.491502,"高雄市","林園區"
"其他","2023",5,12,9,"晴","日間自然光線",60,"三岔路","交叉口附近","柏油","乾燥","良好","無號誌","行車分向線","未繪設快慢車道分隔線","有",56,"未使用",120.371578,22.491502,"高雄市","林園區"
"路口交岔撞","2023",5,12,9,"晴","日間自然光線",40,"四岔路","交叉路口內","柏油","乾燥","良好","無號誌","無","未繪設快慢車道分隔線","有",42,"未使用",120.925689,24.690539,"苗栗縣","頭份市"
"路口交岔撞","2023",5,12,9,"晴","日間自然光線",40,"四岔路","交叉路口內","柏油","乾燥","良好","無號誌","無","未繪設快慢車道分隔線","有",80,"未使用",120.925689,24.690539,"苗栗縣","頭份市"
"路口交岔撞","2023",5,12,9,"晴","日間自然光線",40,"四岔路","交叉路口內","柏油","乾燥","良好","無號誌","無","未繪設快慢車道分隔線","有",75,"未使用",120.925689,24.690539,"苗栗縣","頭份市"
"側撞","2023",5,12,9,"晴","日間自然光線",50,"三岔路","交叉路口內","柏油","乾燥","良好","無號誌","雙向禁止超車線","未繪設快慢車道分隔線","有",56,"不明",121.043609,24.840094,"新竹縣","新埔鎮"
"側撞","2023",5,12,9,"晴","日間自然光線",50,"三岔路","交叉路口內","柏油","乾燥","良好","無號誌","雙向禁止超車線","未繪設快慢車道分隔線","有",17,"不明",121.043609,24.840094,"新竹縣","新埔鎮"
"撞路樹、電桿","2023",5,12,15,"晴","日間自然光線",50,"彎曲路及附近","路肩、路緣","柏油","乾燥","良好","無號誌","無","未繪設快慢車道分隔線","有",35,"不明",120.209932,23.514388,"雲林縣","水林鄉"
"穿越道路中","2023",5,12,20,"晴","夜間(或隧道、地下道、涵洞)有照明",50,"直路","行人穿越道","柏油","濕潤","良好","正常","中央分向島","未繪設快慢車道分隔線","無",67,"非駕駛人",121.659749,25.064973,"新北市","汐止區"
"穿越道路中","2023",5,12,20,"晴","夜間(或隧道、地下道、涵洞)有照明",50,"直路","行人穿越道","柏油","濕潤","良好","正常","中央分向島","未繪設快慢車道分隔線","無",47,"未使用",121.659749,25.064973,"新北市","汐止區"
"側撞","2023",5,12,22,"晴","夜間(或隧道、地下道、涵洞)有照明",50,"四岔路","交叉路口內","柏油","乾燥","良好","正常","無","未繪設快慢車道分隔線","無",35,"未使用",120.2966,22.64605,"高雄市","三民區"
"側撞","2023",5,12,22,"晴","夜間(或隧道、地下道、涵洞)有照明",50,"四岔路","交叉路口內","柏油","乾燥","良好","正常","無","未繪設快慢車道分隔線","無",71,"未使用",120.2966,22.64605,"高雄市","三民區"
"追撞","2023",5,13,4,"雨","夜間(或隧道、地下道、涵洞)有照明",50,"直路","路肩、路緣","柏油","濕潤","良好","無號誌","中央分向島","未繪設快慢車道分隔線","有",56,"未使用",121.193536,24.95787,"桃園市","中壢區"
"追撞","2023",5,13,4,"雨","夜間(或隧道、地下道、涵洞)有照明",50,"直路","路肩、路緣","柏油","濕潤","良好","無號誌","中央分向島","未繪設快慢車道分隔線","有",23,"未使用",121.193536,24.95787,"桃園市","中壢區"
"撞橋樑、建築物","2023",5,13,11,"晴","日間自然光線",50,"直路","一般車道(未劃分快慢車道)","柏油","乾燥","良好","無號誌","行車分向線","未繪設快慢車道分隔線","有",20,"未使用",120.825115,24.663931,"苗栗縣","後龍鎮"
"衝出路外","2023",5,13,13,"陰","日間自然光線",60,"直路","路肩、路緣","柏油","乾燥","良好","無號誌","雙向禁止超車線","快慢車道分隔線","有",63,"未使用",121.396466,23.186312,"臺東縣","成功鎮"
"衝出路外","2023",5,13,13,"陰","日間自然光線",60,"直路","路肩、路緣","柏油","乾燥","良好","無號誌","雙向禁止超車線","快慢車道分隔線","有",57,"非駕駛人",121.396466,23.186312,"臺東縣","成功鎮"
"衝出路外","2023",5,13,13,"陰","日間自然光線",60,"直路","路肩、路緣","柏油","乾燥","良好","無號誌","雙向禁止超車線","快慢車道分隔線","有",86,"非駕駛人",121.396466,23.186312,"臺東縣","成功鎮"