"事故類型及型態子類別名稱","發生年度","發生月份","發生日期","發生時間","天候名稱","光線名稱","速限.第1當事者","道路型態子類別名稱","事故位置子類別名稱","路面狀況.路面鋪裝名稱","路面狀況.路面狀態名稱","道路障礙.視距品質名稱","號誌.號誌動作名稱","車道劃分設施.分向設施大類別名稱","車道劃分設施.分道設施.快慢車道間名稱","車道劃分設施.分道設施.路面邊線名稱","當事者事故發生時年齡","行動電話或電腦或其他相類功能裝置名稱","經度","緯度","縣市","鄉鎮"
"倒車撞","2023",5,13,19,"晴","日間自然光線",50,"直路","快車道","柏油","乾燥","良好","無號誌","雙向禁止超車線","快慢車道分隔線","有",28,"未使用",120.740059,21.954516,"屏東縣","恆春鎮"
"倒車撞","2023",5,13,19,"晴","日間自然光線",50,"直路","快車道","柏油","乾燥","良好","無號誌","雙向禁止超車線","快慢車道分隔線","有",43,"未使用",120.740059,21.954516,"屏東縣","恆春鎮"
"倒車撞","2023",5,13,19,"晴","日間自然光線",50,"直路","快車道","柏油","乾燥","良好","無號誌","雙向禁止超車線","快慢車道分隔線","有",24,"未使用",120.740059,21.954516,"屏東縣","恆春鎮"
"其他","2023",5,14,5,"晴","晨或暮光",60,"直路","一般車道(未劃分快慢車道)","柏油","乾燥","良好","無號誌","雙向禁止超車線","未繪設快慢車道分隔線","有",23,"不明",120.449766,23.108052,"臺南市","玉井區"
"其他","2023",5,14,5,"晴","晨或暮光",60,"直路","一般車道(未劃分快慢車道)","柏油","乾燥","良好","無號誌","雙向禁止超車線","未繪設快慢車道分隔線","有",54,"不明",120.449766,23.108052,"臺南市","玉井區"
"對撞","2023",5,14,10,"晴","日間自然光線",40,"彎曲路及附近","一般車道(未劃分快慢車道)","無鋪裝","乾燥","不良","無號誌","無","未繪設快慢車道分隔線","無",24,"未使用",121.343132,25.101927,"新北市","林口區"
"對撞","2023",5,14,10,"晴","日間自然光線",40,"彎曲路及附近","一般車道(未劃分快慢車道)","無鋪裝","乾燥","不良","無號誌","無","未繪設快慢車道分隔線","無",35,"未使用",121.343132,25.101927,"新北市","林口區"
"路口交岔撞","2023",5,14,11,"晴","日間自然光線",60,"四岔路","交叉路口內","柏油","乾燥","良好","正常","雙向禁止超車線","快慢車道分隔線","有",20,"未使用",120.465662,24.076716,"彰化縣","鹿港鎮"
"路口交岔撞","2023",5,14,11,"晴","日間自然光線",60,"四岔路","交叉路口內","柏油","乾燥","良好","正常","雙向禁止超車線","快慢車道分隔線","有",42,"未使用",120.465662,24.076716,"彰化縣","鹿港鎮"
"同向擦撞","2023",5,14,12,"晴","日間自然光線",60,"四岔路","交叉路口內","柏油","乾燥","良好","無號誌","中央分向島","快慢車道分隔線","有",61,"未使用",120.572789,22.649635,"屏東縣","內埔鄉"
"同向擦撞","2023",5,14,12,"晴","日間自然光線",60,"四岔路","交叉路口內","柏油","乾燥","良好","無號誌","中央分向島","快慢車道分隔線","有",21,"未使用",120.572789,22.649635,"屏東縣","內埔鄉"
"同向擦撞","2023",5,14,12,"晴","日間自然光線",60,"四岔路","交叉路口內","柏油","乾燥","良好","無號誌","中央分向島","快慢車道分隔線","有",22,"未使用",120.572789,22.649635,"屏東縣","內埔鄉"
"其他","2023",5,14,15,"陰","日間自然光線",30,"彎曲路及附近","一般車道(未劃分快慢車道)","柏油","乾燥","良好","無號誌","無","未繪設快慢車道分隔線","無",68,"未使用",121.535437,25.17807,"臺北市","北投區"
"其他","2023",5,14,15,"陰","日間自然光線",30,"彎曲路及附近","一般車道(未劃分快慢車道)","柏油","乾燥","良好","無號誌","無","未繪設快慢車道分隔線","無",67,"非駕駛人",121.535437,25.17807,"臺北市","北投區"
"其他","2023",5,14,15,"陰","日間自然光線",30,"彎曲路及附近","一般車道(未劃分快慢車道)","柏油","乾燥","良好","無號誌","無","未繪設快慢車道分隔線","無",4,"非駕駛人",121.535437,25.17807,"臺北市","北投區"
"側撞","2023",5,15,8,"晴","日間自然光線",50,"三岔路","交叉路口內","柏油","乾燥","良好","無號誌","雙向禁止超車線","未繪設快慢車道分隔線","有",31,"未使用",120.761461,24.398718,"苗栗縣","三義鄉"
"側撞","2023",5,15,8,"晴","日間自然光線",50,"三岔路","交叉路口內","柏油","乾燥","良好","無號誌","雙向禁止超車線","未繪設快慢車道分隔線","有",61,"未使用",120.761461,24.398718,"苗栗縣","三義鄉"
"路上翻車、摔倒","2023",5,15,8,"雨","日間自然光線",30,"彎曲路及附近","一般車道(未劃分快慢車道)","柏油","濕潤","良好","無號誌","無","未繪設快慢車道分隔線","無",73,"未使用",120.852899,22.396153,"臺東縣","達仁鄉"
"穿越道路中","2023",5,15,19,"晴","夜間(或隧道、地下道、涵洞)有照明",60,"直路","快車道","柏油","乾燥","良好","無號誌","中央分向島","快慢車道分隔線","有",51,"未使用",120.637681,24.10771,"臺中市","烏日區"
"穿越道路中","2023",5,15,19,"晴","夜間(或隧道、地下道、涵洞)有照明",60,"直路","快車道","柏油","乾燥","良好","無號誌","中央分向島","快慢車道分隔線","有",56,"未使用",120.637681,24.10771,"臺中市","烏日區"
"撞護欄(樁)","2023",5,15,21,"晴","夜間(或隧道、地下道、涵洞)無照明",50,"橋樑","一般車道(未劃分快慢車道)","柏油","乾燥","良好","無號誌","行車分向線","未繪設快慢車道分隔線","有",18,"未使用",120.750614,24.595356,"苗栗縣","後龍鎮"
"側撞","2023",5,16,5,"晴","日間自然光線",60,"四岔路","交叉路口內","柏油","乾燥","良好","無號誌","雙向禁止超車線","未繪設快慢車道分隔線","有",72,"未使用",120.487952,23.888056,"彰化縣","埤頭鄉"
"側撞","2023",5,16,5,"晴","日間自然光線",60,"四岔路","交叉路口內","柏油","乾燥","良好","無號誌","雙向禁止超車線","未繪設快慢車道分隔線","有",23,"未使用",120.487952,23.888056,"彰化縣","埤頭鄉"
"側撞","2023",5,16,11,"晴","日間自然光線",40,"四岔路","交叉路口內","柏油","乾燥","良好","正常","雙向禁止超車線","快慢車道分隔線","有",79,"未使用",120.295479,22.689652,"高雄市","左營區"
"側撞","2023",5,16,11,"晴","日間自然光線",40,"四岔路","交叉路口內","柏油","乾燥","良好","正常","雙向禁止超車線","快慢車道分隔線","有",45,"未使用",120.295479,22.689652,"高雄市","左營區"
"路口交岔撞","2023",5,16,11,"晴","日間自然光線",30,"四岔路","交叉路口內","柏油","乾燥","良好","無號誌","無","未繪設快慢車道分隔線","無",54,"未使用",120.191266,23.217297,"臺南市","學甲區"
"路口交岔撞","2023",5,16,11,"晴","日間自然光線",30,"四岔路","交叉路口內","柏油","乾燥","良好","無號誌","無","未繪設快慢車道分隔線","無",66,"不明",120.191266,23.217297,"臺南市","學甲區"
"其他","2023",5,16,11,"晴","日間自然光線",40,"直路","快車道","柏油","乾燥","良好","無號誌","中央分向島","快慢車道分隔線","無",85,"不明",120.3358,22.68915,"高雄市","仁武區"
"其他","2023",5,16,11,"晴","日間自然光線",40,"直路","快車道","柏油","乾燥","良好","無號誌","中央分向島","快慢車道分隔線","無",21,"未使用",120.3358,22.68915,"高雄市","仁武區"
"撞路樹、電桿","2023",5,16,21,"陰","夜間(或隧道、地下道、涵洞)有照明",40,"彎曲路及附近","一般車道(未劃分快慢車道)","柏油","乾燥","良好","無號誌","雙向禁止超車線","未繪設快慢車道分隔線","有",16,"未使用",120.596406,24.023651,"彰化縣","芬園鄉"
"撞路樹、電桿","2023",5,16,21,"陰","夜間(或隧道、地下道、涵洞)有照明",40,"彎曲路及附近","一般車道(未劃分快慢車道)","柏油","乾燥","良好","無號誌","雙向禁止超車線","未繪設快慢車道分隔線","有",15,"未使用",120.596406,24.023651,"彰化縣","芬園鄉"
"同向擦撞","2023",5,17,11,"晴","日間自然光線",50,"直路","一般車道(未劃分快慢車道)","柏油","乾燥","良好","無號誌","中央分向島","未繪設快慢車道分隔線","無",52,"未使用",121.540882,24.98505,"新北市","新店區"
"同向擦撞","2023",5,17,11,"晴","日間自然光線",50,"直路","一般車道(未劃分快慢車道)","柏油","乾燥","良好","無號誌","中央分向島","未繪設快慢車道分隔線","無",52,"未使用",121.540882,24.98505,"新北市","新店區"
"同向擦撞","2023",5,17,13,"晴","日間自然光線",50,"三岔路","交叉路口內","柏油","乾燥","良好","正常","中央分向島","未繪設快慢車道分隔線","有",49,"未使用",121.439812,24.979156,"新北市","土城區"
"同向擦撞","2023",5,17,13,"晴","日間自然光線",50,"三岔路","交叉路口內","柏油","乾燥","良好","正常","中央分向島","未繪設快慢車道分隔線","有",75,"未使用",121.439812,24.979156,"新北市","土城區"
"同向擦撞","2023",5,17,13,"晴","日間自然光線",50,"三岔路","交叉路口內","柏油","乾燥","良好","正常","中央分向島","未繪設快慢車道分隔線","有",75,"非駕駛人",121.439812,24.979156,"新北市","土城區"
"路上翻車、摔倒","2023",5,18,0,"晴","夜間(或隧道、地下道、涵洞)有照明",60,"彎曲路及附近","一般車道(未劃分快慢車道)","柏油","乾燥","良好","無號誌","雙向禁止超車線","未繪設快慢車道分隔線","有",28,"未使用",121.017455,24.687456,"新竹縣","峨眉鄉"
"路上翻車、摔倒","2023",5,18,8,"晴","日間自然光線",30,"直路","一般車道(未劃分快慢車道)","柏油","乾燥","良好","無號誌","無","未繪設快慢車道分隔線","無",73,"未使用",120.13161,23.200867,"臺南市","將軍區"
"撞交通島","2023",5,18,11,"晴","日間自然光線",50,"直路","慢車道","柏油","乾燥","良好","正常","中央分向島","寛式快慢車道分隔島(50公分以上)","有",46,"未使用",120.288603,23.048458,"臺南市","新化區"
"其他","2023",5,18,13,"晴","日間自然光線",60,"四岔路","交叉路口內","柏油","乾燥","良好","正常","無","未繪設快慢車道分隔線","無",68,"未使用",120.397734,22.503817,"高雄市","林園區"
"其他","2023",5,18,13,"晴","日間自然光線",60,"四岔路","交叉路口內","柏油","乾燥","良好","正常","無","未繪設快慢車道分隔線","無",47,"未使用",120.397734,22.503817,"高雄市","林園區"
"路口交岔撞","2023",5,18,20,"晴","夜間(或隧道、地下道、涵洞)有照明",30,"四岔路","交叉路口內","柏油","乾燥","良好","正常","無","未繪設快慢車道分隔線","無",23,"未使用",120.428009,23.566603,"嘉義縣","民雄鄉"
"路口交岔撞","2023",5,18,20,"晴","夜間(或隧道、地下道、涵洞)有照明",30,"四岔路","交叉路口內","柏油","乾燥","良好","正常","無","未繪設快慢車道分隔線","無",26,"未使用",120.428009,23.566603,"嘉義縣","民雄鄉"
"追撞","2023",5,18,20,"晴","夜間(或隧道、地下道、涵洞)有照明",90,"直路","快車道","柏油","乾燥","良好","無號誌","中央分向島","未繪設快慢車道分隔線","有",38,"未使用",120.824094,24.643031,"苗栗縣","造橋鄉"
"追撞","2023",5,18,20,"晴","夜間(或隧道、地下道、涵洞)有照明",90,"直路","快車道","柏油","乾燥","良好","無號誌","中央分向島","未繪設快慢車道分隔線","有",47,"未使用",120.824094,24.643031,"苗栗縣","造橋鄉"
"穿越道路中","2023",5,19,0,"雨","夜間(或隧道、地下道、涵洞)有照明",50,"四岔路","交叉路口內","柏油","濕潤","良好","正常","中央分向島","寛式快慢車道分隔島(50公分以上)","無",64,"未使用",121.549035,25.057589,"臺北市","松山區"
"穿越道路中","2023",5,19,0,"雨","夜間(或隧道、地下道、涵洞)有照明",50,"四岔路","交叉路口內","柏油","濕潤","良好","正常","中央分向島","寛式快慢車道分隔島(50公分以上)","無",26,"未使用",121.549035,25.057589,"臺北市","松山區"
"側撞","2023",5,19,2,"暴雨","夜間(或隧道、地下道、涵洞)無照明",100,"直路","快車道","柏油","濕潤","良好","無號誌","中央分向島","未繪設快慢車道分隔線","有",30,"不明",121.021903,24.833369,"新竹縣","竹北市"
"側撞","2023",5,19,2,"暴雨","夜間(或隧道、地下道、涵洞)無照明",100,"直路","快車道","柏油","濕潤","良好","無號誌","中央分向島","未繪設快慢車道分隔線","有",43,"未使用",121.021903,24.833369,"新竹縣","竹北市"
"側撞","2023",5,19,2,"暴雨","夜間(或隧道、地下道、涵洞)無照明",100,"直路","快車道","柏油","濕潤","良好","無號誌","中央分向島","未繪設快慢車道分隔線","有",32,"非駕駛人",121.021903,24.833369,"新竹縣","竹北市"
"撞護欄(樁)","2023",5,19,2,"陰","夜間(或隧道、地下道、涵洞)無照明",50,"彎曲路及附近","一般車道(未劃分快慢車道)","柏油","乾燥","良好","無號誌","無","未繪設快慢車道分隔線","有",17,"未使用",121.283383,23.270131,"花蓮縣","玉里鎮"
"撞護欄(樁)","2023",5,19,2,"陰","夜間(或隧道、地下道、涵洞)無照明",50,"彎曲路及附近","一般車道(未劃分快慢車道)","柏油","乾燥","良好","無號誌","無","未繪設快慢車道分隔線","有",15,"未使用",121.283383,23.270131,"花蓮縣","玉里鎮"
"撞護欄(樁)","2023",5,19,3,"雨","夜間(或隧道、地下道、涵洞)無照明",110,"直路","快車道","柏油","濕潤","良好","無號誌","中央分向島","未繪設快慢車道分隔線","有",35,"不明",121.103195,24.779132,"新竹縣","芎林鄉"
"其他","2023",5,19,8,"雨","日間自然光線",50,"直路","一般車道(未劃分快慢車道)","柏油","濕潤","良好","正常","中央分向島","未繪設快慢車道分隔線","有",23,"未使用",121.470289,24.989384,"新北市","土城區"
"其他","2023",5,19,8,"雨","日間自然光線",50,"直路","一般車道(未劃分快慢車道)","柏油","濕潤","良好","正常","中央分向島","未繪設快慢車道分隔線","有",32,"未使用",121.470289,24.989384,"新北市","土城區"
"其他","2023",5,19,8,"雨","日間自然光線",50,"直路","一般車道(未劃分快慢車道)","柏油","濕潤","良好","正常","中央分向島","未繪設快慢車道分隔線","有",35,"未使用",121.470289,24.989384,"新北市","土城區"
"其他","2023",5,19,8,"雨","日間自然光線",50,"直路","一般車道(未劃分快慢車道)","柏油","濕潤","良好","正常","中央分向島","未繪設快慢車道分隔線","有",54,"未使用",121.470289,24.989384,"新北市","土城區"
"撞號誌、標誌桿","2023",5,19,10,"陰","日間自然光線",60,"直路","路肩、路緣","柏油","乾燥","良好","無號誌","雙向禁止超車線","快慢車道分隔線","有",52,"未使用",121.590082,23.840556,"花蓮縣","壽豐鄉"
"撞號誌、標誌桿","2023",5,19,10,"陰","日間自然光線",60,"直路","路肩、路緣","柏油","乾燥","良好","無號誌","雙向禁止超車線","快慢車道分隔線","有",33,"非駕駛人",121.590082,23.840556,"花蓮縣","壽豐鄉"
"其他","2023",5,19,14,"陰","日間自然光線",100,"直路","加速車道","柏油","乾燥","良好","無號誌","中央分向島","未繪設快慢車道分隔線","有",47,"不明",121.2183,24.971384,"桃園市","中壢區"
"其他","2023",5,19,14,"陰","日間自然光線",100,"直路","加速車道","柏油","乾燥","良好","無號誌","中央分向島","未繪設快慢車道分隔線","有",55,"未使用",121.2183,24.971384,"桃園市","中壢區"
"撞橋樑、建築物","2023",5,20,11,"晴","日間自然光線",50,"直路","一般車道(未劃分快慢車道)","柏油","乾燥","良好","正常","雙向禁止超車線","未繪設快慢車道分隔線","有",46,"未使用",120.68295,23.940072,"南投縣","南投市"
"撞橋樑、建築物","2023",5,20,11,"晴","日間自然光線",50,"直路","一般車道(未劃分快慢車道)","柏油","乾燥","良好","正常","雙向禁止超車線","未繪設快慢車道分隔線","有",43,"非駕駛人",120.68295,23.940072,"南投縣","南投市"
"衝出路外","2023",5,20,12,"晴","日間自然光線",40,"彎曲路及附近","一般車道(未劃分快慢車道)","柏油","乾燥","不良","無號誌","雙向禁止超車線","未繪設快慢車道分隔線","有",72,"未使用",121.022119,23.989292,"南投縣","埔里鎮"
"穿越道路中","2023",5,20,17,"晴","日間自然光線",60,"三岔路","交叉路口內","柏油","乾燥","良好","無號誌","中央分向島","快慢車道分隔線","有",71,"未使用",120.707713,24.258153,"臺中市","神岡區"
"穿越道路中","2023",5,20,17,"晴","日間自然光線",60,"三岔路","交叉路口內","柏油","乾燥","良好","無號誌","中央分向島","快慢車道分隔線","有",24,"未使用",120.707713,24.258153,"臺中市","神岡區"
"撞路樹、電桿","2023",5,20,23,"陰","夜間(或隧道、地下道、涵洞)有照明",50,"彎曲路及附近","路肩、路緣","柏油","乾燥","良好","無號誌","行車分向線","未繪設快慢車道分隔線","有",15,"未使用",120.286419,23.242915,"臺南市","下營區"
"其他","2023",5,21,6,"晴","日間自然光線",50,"四岔路","交叉路口內","柏油","乾燥","良好","正常","中央分向島","未繪設快慢車道分隔線","有",49,"未使用",120.332313,22.627978,"高雄市","苓雅區"
"其他","2023",5,21,6,"晴","日間自然光線",50,"四岔路","交叉路口內","柏油","乾燥","良好","正常","中央分向島","未繪設快慢車道分隔線","有",28,"未使用",120.332313,22.627978,"高雄市","苓雅區"
"其他","2023",5,21,6,"晴","日間自然光線",50,"四岔路","交叉路口內","柏油","乾燥","良好","正常","中央分向島","未繪設快慢車道分隔線","有",83,"未使用",120.332313,22.627978,"高雄市","苓雅區"
"撞路樹、電桿","2023",5,21,8,"晴","日間自然光線",50,"直路","一般車道(未劃分快慢車道)","柏油","乾燥","良好","無號誌","雙向禁止超車線","未繪設快慢車道分隔線","有",57,"未使用",121.811219,24.6964,"宜蘭縣","五結鄉"
"撞路樹、電桿","2023",5,21,10,"晴","日間自然光線",60,"直路","路肩、路緣","柏油","乾燥","良好","無號誌","中央分向島","快慢車道分隔線","有",75,"未使用",120.694416,24.534369,"苗栗縣","通霄鎮"
"撞號誌、標誌桿","2023",5,21,11,"晴","日間自然光線",50,"直路","路肩、路緣","柏油","乾燥","良好","無號誌","雙向禁止超車線","快慢車道分隔線","有",68,"未使用",120.21388,23.0736,"臺南市","安定區"
"穿越道路中","2023",5,21,17,"晴","日間自然光線",50,"直路","一般車道(未劃分快慢車道)","柏油","乾燥","良好","無號誌","雙向禁止超車線","未繪設快慢車道分隔線","有",65,"非駕駛人",120.391862,22.611541,"高雄市","大寮區"
"穿越道路中","2023",5,21,17,"晴","日間自然光線",50,"直路","一般車道(未劃分快慢車道)","柏油","乾燥","良好","無號誌","雙向禁止超車線","未繪設快慢車道分隔線","有",35,"未使用",120.391862,22.611541,"高雄市","大寮區"
"撞路樹、電桿","2023",5,22,6,"晴","日間自然光線",50,"直路","一般車道(未劃分快慢車道)","柏油","乾燥","良好","無號誌","雙向禁止超車線","快慢車道分隔線","有",16,"不明",120.178495,23.621632,"雲林縣","口湖鄉"
"同向擦撞","2023",5,22,10,"晴","日間自然光線",40,"三岔路","交叉路口內","柏油","乾燥","良好","無動作","無","未繪設快慢車道分隔線","無",67,"不明",120.540092,22.547976,"屏東縣","潮州鎮"
"同向擦撞","2023",5,22,10,"晴","日間自然光線",40,"三岔路","交叉路口內","柏油","乾燥","良好","無動作","無","未繪設快慢車道分隔線","無",68,"不明",120.540092,22.547976,"屏東縣","潮州鎮"
"側撞","2023",5,22,15,"晴","日間自然光線",50,"四岔路","交叉路口內","柏油","乾燥","良好","正常","無","未繪設快慢車道分隔線","有",30,"未使用",121.442516,25.056761,"新北市","新莊區"
"側撞","2023",5,22,15,"晴","日間自然光線",50,"四岔路","交叉路口內","柏油","乾燥","良好","正常","無","未繪設快慢車道分隔線","有",29,"未使用",121.442516,25.056761,"新北市","新莊區"
"側撞","2023",5,22,15,"晴","日間自然光線",50,"四岔路","交叉路口內","柏油","乾燥","良好","正常","無","未繪設快慢車道分隔線","有",22,"未使用",121.442516,25.056761,"新北市","新莊區"
"側撞","2023",5,23,7,"雨","日間自然光線",50,"四岔路","交叉路口內","柏油","濕潤","良好","正常","無","未繪設快慢車道分隔線","無",37,"未使用",120.365452,23.285249,"臺南市","柳營區"
"側撞","2023",5,23,7,"雨","日間自然光線",50,"四岔路","交叉路口內","柏油","濕潤","良好","正常","無","未繪設快慢車道分隔線","無",20,"未使用",120.365452,23.285249,"臺南市","柳營區"
"對向擦撞","2023",5,23,17,"晴","日間自然光線",30,"彎曲路及附近","一般車道(未劃分快慢車道)","柏油","乾燥","良好","無號誌","無","未繪設快慢車道分隔線","有",57,"不明",120.357236,23.517638,"嘉義縣","新港鄉"
"對向擦撞","2023",5,23,17,"晴","日間自然光線",30,"彎曲路及附近","一般車道(未劃分快慢車道)","柏油","乾燥","良好","無號誌","無","未繪設快慢車道分隔線","有",69,"未使用",120.357236,23.517638,"嘉義縣","新港鄉"
"路口交岔撞","2023",5,23,21,"晴","夜間(或隧道、地下道、涵洞)有照明",50,"四岔路","交叉路口內","柏油","乾燥","良好","正常","中央分向島","未繪設快慢車道分隔線","無",40,"不明",121.595526,25.051528,"臺北市","南港區"
"路口交岔撞","2023",5,23,21,"晴","夜間(或隧道、地下道、涵洞)有照明",50,"四岔路","交叉路口內","柏油","乾燥","良好","正常","中央分向島","未繪設快慢車道分隔線","無",26,"不明",121.595526,25.051528,"臺北市","南港區"
"路口交岔撞","2023",5,24,5,"晴","日間自然光線",50,"多岔路","交叉路口內","柏油","乾燥","良好","正常","中央分向島","未繪設快慢車道分隔線","有",25,"未使用",120.586167,23.943439,"彰化縣","員林市"
"路口交岔撞","2023",5,24,5,"晴","日間自然光線",50,"多岔路","交叉路口內","柏油","乾燥","良好","正常","中央分向島","未繪設快慢車道分隔線","有",73,"未使用",120.586167,23.943439,"彰化縣","員林市"
"對撞","2023",5,24,9,"晴","日間自然光線",60,"四岔路","交叉口附近","柏油","乾燥","良好","正常","雙向禁止超車線","快慢車道分隔線","有",80,"未使用",120.512293,23.743838,"雲林縣","莿桐鄉"
"對撞","2023",5,24,9,"晴","日間自然光線",60,"四岔路","交叉口附近","柏油","乾燥","良好","正常","雙向禁止超車線","快慢車道分隔線","有",70,"未使用",120.512293,23.743838,"雲林縣","莿桐鄉"
"穿越道路中","2023",5,24,9,"晴","日間自然光線",50,"四岔路","穿越道附近","柏油","乾燥","良好","正常","無","未繪設快慢車道分隔線","無",76,"非駕駛人",121.24797,24.968458,"桃園市","中壢區"
"穿越道路中","2023",5,24,9,"晴","日間自然光線",50,"四岔路","穿越道附近","柏油","乾燥","良好","正常","無","未繪設快慢車道分隔線","無",21,"不明",121.24797,24.968458,"桃園市","中壢區"
"側撞","2023",5,24,16,"晴","日間自然光線",50,"四岔路","交叉口附近","柏油","乾燥","良好","正常","雙向禁止超車線","未繪設快慢車道分隔線","有",36,"未使用",120.872821,24.687032,"苗栗縣","竹南鎮"
"側撞","2023",5,24,16,"晴","日間自然光線",50,"四岔路","交叉口附近","柏油","乾燥","良好","正常","雙向禁止超車線","未繪設快慢車道分隔線","有",56,"未使用",120.872821,24.687032,"苗栗縣","竹南鎮"
"撞護欄(樁)","2023",5,25,4,"雨","日間自然光線",50,"三岔路","交叉口附近","柏油","濕潤","良好","正常","行車分向線","未繪設快慢車道分隔線","有",28,"未使用",121.468621,25.123247,"臺北市","北投區"
"同向擦撞","2023",5,25,8,"晴","日間自然光線",30,"地下道","一般車道(未劃分快慢車道)","柏油","乾燥","良好","無號誌","無","未繪設快慢車道分隔線","無",22,"未使用",120.305647,22.685333,"高雄市","左營區"
"同向擦撞","2023",5,25,8,"晴","日間自然光線",30,"地下道","一般車道(未劃分快慢車道)","柏油","乾燥","良好","無號誌","無","未繪設快慢車道分隔線","無",50,"未使用",120.305647,22.685333,"高雄市","左營區"
"路口交岔撞","2023",5,25,9,"晴","日間自然光線",50,"多岔路","交叉路口內","柏油","乾燥","良好","正常","中央分向島","快慢車道分隔線","有",38,"未使用",120.5445,24.0775,"彰化縣","員林市"
"路口交岔撞","2023",5,25,9,"晴","日間自然光線",50,"多岔路","交叉路口內","柏油","乾燥","良好","正常","中央分向島","快慢車道分隔線","有",43,"未使用",120.5445,24.0775,"彰化縣","員林市"
"追撞","2023",5,25,10,"晴","日間自然光線",50,"四岔路","交叉路口內","柏油","乾燥","良好","正常","無","未繪設快慢車道分隔線","無",69,"未使用",121.282741,25.038609,"桃園市","蘆竹區"
"追撞","2023",5,25,10,"晴","日間自然光線",50,"四岔路","交叉路口內","柏油","乾燥","良好","正常","無","未繪設快慢車道分隔線","無",54,"未使用",121.282741,25.038609,"桃園市","蘆竹區"
"路口交岔撞","2023",5,25,12,"晴","日間自然光線",30,"四岔路","交叉路口內","柏油","乾燥","良好","無號誌","無","未繪設快慢車道分隔線","有",60,"未使用",120.517167,22.521684,"屏東縣","崁頂鄉"
"路口交岔撞","2023",5,25,12,"晴","日間自然光線",30,"四岔路","交叉路口內","柏油","乾燥","良好","無號誌","無","未繪設快慢車道分隔線","有",37,"未使用",120.517167,22.521684,"屏東縣","崁頂鄉"
"追撞","2023",5,25,13,"晴","日間自然光線",90,"直路","快車道","柏油","乾燥","良好","無號誌","中央分向島","未繪設快慢車道分隔線","有",48,"未使用",120.316089,22.80477,"高雄市","岡山區"
"追撞","2023",5,25,13,"晴","日間自然光線",90,"直路","快車道","柏油","乾燥","良好","無號誌","中央分向島","未繪設快慢車道分隔線","有",56,"未使用",120.316089,22.80477,"高雄市","岡山區"
"追撞","2023",5,25,13,"晴","日間自然光線",90,"直路","快車道","柏油","乾燥","良好","無號誌","中央分向島","未繪設快慢車道分隔線","有",57,"未使用",120.316089,22.80477,"高雄市","岡山區"
"追撞","2023",5,25,13,"晴","日間自然光線",90,"直路","快車道","柏油","乾燥","良好","無號誌","中央分向島","未繪設快慢車道分隔線","有",56,"未使用",120.316089,22.80477,"高雄市","岡山區"
"撞路樹、電桿","2023",5,25,19,"晴","夜間(或隧道、地下道、涵洞)無照明",40,"直路","慢車道","柏油","乾燥","良好","無號誌","中央分向島","快慢車道分隔線","有",17,"未使用",120.542832,22.48283,"屏東縣","新埤鄉"
"撞路樹、電桿","2023",5,25,19,"晴","夜間(或隧道、地下道、涵洞)無照明",40,"直路","慢車道","柏油","乾燥","良好","無號誌","中央分向島","快慢車道分隔線","有",20,"未使用",120.542832,22.48283,"屏東縣","新埤鄉"
"側撞","2023",5,25,21,"晴","夜間(或隧道、地下道、涵洞)有照明",70,"三岔路","交叉路口內","柏油","乾燥","良好","無號誌","中央分向島","快慢車道分隔線","有",19,"未使用",120.468155,23.831977,"彰化縣","溪州鄉"
"側撞","2023",5,25,21,"晴","夜間(或隧道、地下道、涵洞)有照明",70,"三岔路","交叉路口內","柏油","乾燥","良好","無號誌","中央分向島","快慢車道分隔線","有",26,"未使用",120.468155,23.831977,"彰化縣","溪州鄉"
"其他","2023",5,26,0,"晴","夜間(或隧道、地下道、涵洞)有照明",50,"直路","路肩、路緣","柏油","乾燥","良好","無號誌","雙向禁止超車線","未繪設快慢車道分隔線","有",41,"不明",120.463537,23.48897,"嘉義市","東區"
"其他","2023",5,26,0,"晴","夜間(或隧道、地下道、涵洞)有照明",50,"直路","路肩、路緣","柏油","乾燥","良好","無號誌","雙向禁止超車線","未繪設快慢車道分隔線","有",61,"不明",120.463537,23.48897,"嘉義市","東區"
"其他","2023",5,26,0,"晴","夜間(或隧道、地下道、涵洞)有照明",50,"直路","路肩、路緣","柏油","乾燥","良好","無號誌","雙向禁止超車線","未繪設快慢車道分隔線","有",41,"不明",120.463537,23.48897,"嘉義市","東區"