"事故類型及型態子類別名稱","發生年度","發生月份","發生日期","發生時間","天候名稱","光線名稱","速限.第1當事者","道路型態子類別名稱","事故位置子類別名稱","路面狀況.路面鋪裝名稱","路面狀況.路面狀態名稱","道路障礙.視距品質名稱","號誌.號誌動作名稱","車道劃分設施.分向設施大類別名稱","車道劃分設施.分道設施.快慢車道間名稱","車道劃分設施.分道設施.路面邊線名稱","當事者事故發生時年齡","行動電話或電腦或其他相類功能裝置名稱","經度","緯度","縣市","鄉鎮"
"穿越道路中","2023",5,26,5,"晴","日間自然光線",50,"四岔路","交叉路口內","柏油","乾燥","良好","正常","中央分向島","快慢車道分隔線","無",43,"不明",121.519807,25.089488,"臺北市","士林區"
"穿越道路中","2023",5,26,5,"晴","日間自然光線",50,"四岔路","交叉路口內","柏油","乾燥","良好","正常","中央分向島","快慢車道分隔線","無",76,"非駕駛人",121.519807,25.089488,"臺北市","士林區"
"同向擦撞","2023",5,26,12,"晴","日間自然光線",70,"直路","快車道","柏油","乾燥","良好","無號誌","中央分向島","未繪設快慢車道分隔線","有",74,"未使用",120.174947,23.342209,"嘉義縣","布袋鎮"
"同向擦撞","2023",5,26,12,"晴","日間自然光線",70,"直路","快車道","柏油","乾燥","良好","無號誌","中央分向島","未繪設快慢車道分隔線","有",63,"未使用",120.174947,23.342209,"嘉義縣","布袋鎮"
"路上翻車、摔倒","2023",5,26,15,"晴","日間自然光線",50,"直路","一般車道(未劃分快慢車道)","柏油","乾燥","良好","無號誌","無","未繪設快慢車道分隔線","有",66,"未使用",120.234837,23.530534,"雲林縣","水林鄉"
"追撞","2023",5,26,17,"晴","日間自然光線",50,"直路","一般車道(未劃分快慢車道)","柏油","乾燥","良好","無號誌","中央分向島","未繪設快慢車道分隔線","無",18,"未使用",120.98428,24.816964,"新竹市","東區"
"追撞","2023",5,26,17,"晴","日間自然光線",50,"直路","一般車道(未劃分快慢車道)","柏油","乾燥","良好","無號誌","中央分向島","未繪設快慢車道分隔線","無",50,"未使用",120.98428,24.816964,"新竹市","東區"
"追撞","2023",5,26,17,"晴","日間自然光線",50,"直路","一般車道(未劃分快慢車道)","柏油","乾燥","良好","無號誌","中央分向島","未繪設快慢車道分隔線","無",42,"未使用",120.98428,24.816964,"新竹市","東區"
"追撞","2023",5,26,17,"晴","日間自然光線",50,"直路","一般車道(未劃分快慢車道)","柏油","乾燥","良好","無號誌","中央分向島","未繪設快慢車道分隔線","無",18,"未使用",120.98428,24.816964,"新竹市","東區"
"追撞","2023",5,26,17,"晴","日間自然光線",50,"直路","一般車道(未劃分快慢車道)","柏油","乾燥","良好","無號誌","中央分向島","未繪設快慢車道分隔線","無",18,"未使用",120.98428,24.816964,"新竹市","東區"
"追撞","2023",5,26,17,"晴","日間自然光線",50,"直路","一般車道(未劃分快慢車道)","柏油","乾燥","良好","無號誌","中央分向島","未繪設快慢車道分隔線","無",18,"未使用",120.98428,24.816964,"新竹市","東區"
"追撞","2023",5,26,20,"晴","夜間(或隧道、地下道、涵洞)有照明",100,"直路","快車道","柏油","乾燥","良好","無號誌","中央分向島","未繪設快慢車道分隔線","有",58,"不明",121.240079,25.034253,"桃園市","大園區"
"追撞","2023",5,26,20,"晴","夜間(或隧道、地下道、涵洞)有照明",100,"直路","快車道","柏油","乾燥","良好","無號誌","中央分向島","未繪設快慢車道分隔線","有",45,"未使用",121.240079,25.034253,"桃園市","大園區"
"追撞","2023",5,26,20,"晴","夜間(或隧道、地下道、涵洞)有照明",100,"直路","快車道","柏油","乾燥","良好","無號誌","中央分向島","未繪設快慢車道分隔線","有",32,"未使用",121.240079,25.034253,"桃園市","大園區"
"同向通行中","2023",5,27,7,"晴","日間自然光線",50,"直路","一般車道(未劃分快慢車道)","水泥","乾燥","良好","無號誌","雙向禁止超車線","未繪設快慢車道分隔線","有",33,"未使用",120.853364,24.575793,"苗栗縣","頭屋鄉"
"同向通行中","2023",5,27,7,"晴","日間自然光線",50,"直路","一般車道(未劃分快慢車道)","水泥","乾燥","良好","無號誌","雙向禁止超車線","未繪設快慢車道分隔線","有",75,"未使用",120.853364,24.575793,"苗栗縣","頭屋鄉"
"同向通行中","2023",5,27,7,"晴","日間自然光線",50,"直路","一般車道(未劃分快慢車道)","水泥","乾燥","良好","無號誌","雙向禁止超車線","未繪設快慢車道分隔線","有",81,"未使用",120.853364,24.575793,"苗栗縣","頭屋鄉"
"衝出路外","2023",5,27,19,"晴","夜間(或隧道、地下道、涵洞)有照明",30,"彎曲路及附近","一般車道(未劃分快慢車道)","柏油","乾燥","良好","無號誌","無","未繪設快慢車道分隔線","有",75,"不明",120.439407,23.367873,"臺南市","白河區"
"撞動物","2023",5,28,4,"晴","晨或暮光",50,"直路","一般車道(未劃分快慢車道)","柏油","乾燥","良好","無號誌","行車分向線","未繪設快慢車道分隔線","有",19,"不明",120.805434,21.949064,"屏東縣","恆春鎮"
"追撞","2023",5,28,8,"晴","日間自然光線",70,"直路","快車道","柏油","乾燥","良好","正常","中央分向島","快慢車道分隔線","有",74,"未使用",120.221459,23.453695,"嘉義縣","朴子市"
"追撞","2023",5,28,8,"晴","日間自然光線",70,"直路","快車道","柏油","乾燥","良好","正常","中央分向島","快慢車道分隔線","有",71,"未使用",120.221459,23.453695,"嘉義縣","朴子市"
"追撞","2023",5,28,8,"晴","日間自然光線",70,"直路","快車道","柏油","乾燥","良好","正常","中央分向島","快慢車道分隔線","有",82,"非駕駛人",120.221459,23.453695,"嘉義縣","朴子市"
"追撞","2023",5,28,8,"晴","日間自然光線",70,"直路","快車道","柏油","乾燥","良好","正常","中央分向島","快慢車道分隔線","有",83,"未使用",120.221459,23.453695,"嘉義縣","朴子市"
"追撞","2023",5,28,8,"晴","日間自然光線",70,"直路","快車道","柏油","乾燥","良好","正常","中央分向島","快慢車道分隔線","有",61,"未使用",120.221459,23.453695,"嘉義縣","朴子市"
"追撞","2023",5,28,8,"晴","日間自然光線",70,"直路","快車道","柏油","乾燥","良好","正常","中央分向島","快慢車道分隔線","有",40,"未使用",120.221459,23.453695,"嘉義縣","朴子市"
"側撞","2023",5,28,11,"晴","日間自然光線",50,"三岔路","交叉路口內","柏油","乾燥","良好","正常","無","未繪設快慢車道分隔線","無",47,"未使用",121.284101,24.9026,"桃園市","大溪區"
"側撞","2023",5,28,11,"晴","日間自然光線",50,"三岔路","交叉路口內","柏油","乾燥","良好","正常","無","未繪設快慢車道分隔線","無",43,"未使用",121.284101,24.9026,"桃園市","大溪區"
"側撞","2023",5,28,11,"晴","日間自然光線",50,"三岔路","交叉路口內","柏油","乾燥","良好","正常","無","未繪設快慢車道分隔線","無",67,"未使用",121.284101,24.9026,"桃園市","大溪區"
"其他","2023",5,28,16,"晴","日間自然光線",30,"三岔路","交叉路口內","柏油","乾燥","良好","無號誌","無","未繪設快慢車道分隔線","無",78,"未使用",121.560547,24.002412,"花蓮縣","花蓮市"
"其他","2023",5,28,16,"晴","日間自然光線",30,"三岔路","交叉路口內","柏油","乾燥","良好","無號誌","無","未繪設快慢車道分隔線","無",52,"未使用",121.560547,24.002412,"花蓮縣","花蓮市"
"穿越道路中","2023",5,28,19,"晴","夜間(或隧道、地下道、涵洞)無照明",80,"直路","快車道","柏油","乾燥","良好","無號誌","中央分向島","未繪設快慢車道分隔線","有",47,"非駕駛人",121.343132,25.101927,"新北市","林口區"
"穿越道路中","2023",5,28,19,"晴","夜間(或隧道、地下道、涵洞)無照明",80,"直路","快車道","柏油","乾燥","良好","無號誌","中央分向島","未繪設快慢車道分隔線","有",64,"未使用",121.343132,25.101927,"新北市","林口區"
"側撞","2023",5,28,20,"晴","夜間(或隧道、地下道、涵洞)有照明",60,"三岔路","交叉路口內","柏油","乾燥","不良","正常","中央分向島","快慢車道分隔線","有",23,"未使用",121.683154,25.190501,"新北市","萬里區"
"側撞","2023",5,28,20,"晴","夜間(或隧道、地下道、涵洞)有照明",60,"三岔路","交叉路口內","柏油","乾燥","不良","正常","中央分向島","快慢車道分隔線","有",27,"未使用",121.683154,25.190501,"新北市","萬里區"
"側撞","2023",5,28,20,"晴","夜間(或隧道、地下道、涵洞)有照明",60,"三岔路","交叉路口內","柏油","乾燥","不良","正常","中央分向島","快慢車道分隔線","有",30,"未使用",121.683154,25.190501,"新北市","萬里區"
"撞路樹、電桿","2023",5,29,8,"晴","日間自然光線",60,"直路","交通島(含槽化線)","柏油","乾燥","良好","無號誌","雙向禁止超車線","快慢車道分隔線","有",83,"未使用",120.089906,23.202157,"臺南市","將軍區"
"側撞","2023",5,29,13,"晴","日間自然光線",50,"三岔路","交叉路口內","柏油","乾燥","良好","正常","無","未繪設快慢車道分隔線","無",29,"未使用",121.368293,25.024911,"桃園市","龜山區"
"側撞","2023",5,29,13,"晴","日間自然光線",50,"三岔路","交叉路口內","柏油","乾燥","良好","正常","無","未繪設快慢車道分隔線","無",61,"未使用",121.368293,25.024911,"桃園市","龜山區"
"側撞","2023",5,29,13,"晴","日間自然光線",50,"三岔路","交叉路口內","柏油","乾燥","良好","正常","無","未繪設快慢車道分隔線","無",59,"非駕駛人",121.368293,25.024911,"桃園市","龜山區"
"其他","2023",5,29,15,"晴","日間自然光線",50,"直路","快車道","柏油","乾燥","良好","無號誌","行車分向線","未繪設快慢車道分隔線","有",61,"未使用",120.371288,22.490306,"高雄市","林園區"
"其他","2023",5,29,15,"晴","日間自然光線",50,"直路","快車道","柏油","乾燥","良好","無號誌","行車分向線","未繪設快慢車道分隔線","有",48,"未使用",120.371288,22.490306,"高雄市","林園區"
"穿越道路中","2023",5,29,16,"晴","日間自然光線",50,"直路","一般車道(未劃分快慢車道)","柏油","乾燥","良好","無號誌","行車分向線","未繪設快慢車道分隔線","有",25,"未使用",121.214453,25.098827,"桃園市","大園區"
"穿越道路中","2023",5,29,16,"晴","日間自然光線",50,"直路","一般車道(未劃分快慢車道)","柏油","乾燥","良好","無號誌","行車分向線","未繪設快慢車道分隔線","有",89,"非駕駛人",121.214453,25.098827,"桃園市","大園區"
"撞號誌、標誌桿","2023",5,29,21,"晴","夜間(或隧道、地下道、涵洞)有照明",60,"四岔路","交叉路口內","柏油","乾燥","良好","正常","無","未繪設快慢車道分隔線","無",34,"不明",120.411578,23.918566,"彰化縣","二林鎮"
"路口交岔撞","2023",5,30,13,"晴","日間自然光線",30,"四岔路","交叉路口內","柏油","乾燥","良好","正常","無","未繪設快慢車道分隔線","無",25,"未使用",120.560529,23.90784,"彰化縣","永靖鄉"
"路口交岔撞","2023",5,30,13,"晴","日間自然光線",30,"四岔路","交叉路口內","柏油","乾燥","良好","正常","無","未繪設快慢車道分隔線","無",38,"未使用",120.560529,23.90784,"彰化縣","永靖鄉"
"路上翻車、摔倒","2023",5,30,13,"晴","日間自然光線",50,"直路","慢車道","柏油","乾燥","良好","無號誌","中央分向島","未繪設快慢車道分隔線","有",40,"未使用",120.473651,22.573532,"屏東縣","萬丹鄉"
"側撞","2023",5,30,13,"晴","日間自然光線",50,"三岔路","交叉路口內","柏油","乾燥","良好","正常","雙向禁止超車線","未繪設快慢車道分隔線","有",55,"未使用",121.442516,25.056761,"新北市","新莊區"
"側撞","2023",5,30,13,"晴","日間自然光線",50,"三岔路","交叉路口內","柏油","乾燥","良好","正常","雙向禁止超車線","未繪設快慢車道分隔線","有",19,"未使用",121.442516,25.056761,"新北市","新莊區"
"對向擦撞","2023",5,30,14,"晴","日間自然光線",50,"四岔路","交叉路口內","柏油","乾燥","良好","正常","無","未繪設快慢車道分隔線","有",58,"未使用",120.848283,24.574421,"苗栗縣","頭屋鄉"
"對向擦撞","2023",5,30,14,"晴","日間自然光線",50,"四岔路","交叉路口內","柏油","乾燥","良好","正常","無","未繪設快慢車道分隔線","有",34,"未使用",120.848283,24.574421,"苗栗縣","頭屋鄉"
"同向擦撞","2023",5,30,15,"雨","日間自然光線",40,"直路","慢車道","柏油","濕潤","良好","正常","中央分向島","快慢車道分隔線","有",51,"未使用",121.414188,24.980046,"新北市","樹林區"
"同向擦撞","2023",5,30,15,"雨","日間自然光線",40,"直路","慢車道","柏油","濕潤","良好","正常","中央分向島","快慢車道分隔線","有",60,"未使用",121.414188,24.980046,"新北市","樹林區"
"路上翻車、摔倒","2023",5,31,8,"晴","日間自然光線",40,"直路","一般車道(未劃分快慢車道)","柏油","乾燥","良好","無號誌","雙向禁止超車線","未繪設快慢車道分隔線","有",23,"未使用",120.456582,24.158014,"彰化縣","伸港鄉"
"追撞","2023",5,31,9,"晴","日間自然光線",70,"直路","慢車道","柏油","乾燥","良好","無號誌","中央分向島","快慢車道分隔線","有",44,"未使用",120.464653,23.616376,"嘉義縣","大林鎮"
"追撞","2023",5,31,9,"晴","日間自然光線",70,"直路","慢車道","柏油","乾燥","良好","無號誌","中央分向島","快慢車道分隔線","有",44,"未使用",120.464653,23.616376,"嘉義縣","大林鎮"
"衝出路外","2023",5,31,9,"晴","日間自然光線",40,"坡路","路肩、路緣","水泥","乾燥","良好","無號誌","無","未繪設快慢車道分隔線","無",61,"不明",120.831327,23.945596,"南投縣","國姓鄉"
"同向擦撞","2023",5,31,9,"晴","日間自然光線",50,"直路","快車道","柏油","乾燥","良好","無號誌","無","未繪設快慢車道分隔線","有",73,"未使用",120.3262,22.87359,"高雄市","阿蓮區"
"同向擦撞","2023",5,31,9,"晴","日間自然光線",50,"直路","快車道","柏油","乾燥","良好","無號誌","無","未繪設快慢車道分隔線","有",43,"未使用",120.3262,22.87359,"高雄市","阿蓮區"
"衝出路外","2023",5,31,12,"雨","日間自然光線",40,"彎曲路及附近","路肩、路緣","柏油","濕潤","良好","無號誌","雙向禁止超車線","未繪設快慢車道分隔線","有",25,"不明",121.195862,24.69945,"新竹縣","尖石鄉"
"衝出路外","2023",5,31,12,"雨","日間自然光線",40,"彎曲路及附近","路肩、路緣","柏油","濕潤","良好","無號誌","雙向禁止超車線","未繪設快慢車道分隔線","有",23,"非駕駛人",121.195862,24.69945,"新竹縣","尖石鄉"
"追撞","2023",5,31,19,"晴","夜間(或隧道、地下道、涵洞)有照明",60,"直路","機車優先道","柏油","乾燥","良好","無號誌","中央分向島","未繪設快慢車道分隔線","有",56,"未使用",120.56141,23.971609,"彰化縣","員林市"
"追撞","2023",5,31,19,"晴","夜間(或隧道、地下道、涵洞)有照明",60,"直路","機車優先道","柏油","乾燥","良好","無號誌","中央分向島","未繪設快慢車道分隔線","有",39,"不明",120.56141,23.971609,"彰化縣","員林市"
"追撞","2023",5,31,19,"晴","夜間(或隧道、地下道、涵洞)有照明",60,"直路","機車優先道","柏油","乾燥","良好","無號誌","中央分向島","未繪設快慢車道分隔線","有",39,"不明",120.56141,23.971609,"彰化縣","員林市"
"同向擦撞","2023",5,31,20,"陰","夜間(或隧道、地下道、涵洞)有照明",70,"四岔路","交叉路口內","柏油","乾燥","良好","正常","無","未繪設快慢車道分隔線","無",62,"未使用",121.460406,23.783589,"花蓮縣","鳳林鎮"
"同向擦撞","2023",5,31,20,"陰","夜間(或隧道、地下道、涵洞)有照明",70,"四岔路","交叉路口內","柏油","乾燥","良好","正常","無","未繪設快慢車道分隔線","無",51,"未使用",121.460406,23.783589,"花蓮縣","鳳林鎮"
"撞護欄(樁)","2023",6,1,8,"陰","日間自然光線",50,"彎曲路及附近","一般車道(未劃分快慢車道)","柏油","乾燥","良好","無號誌","雙向禁止超車線","未繪設快慢車道分隔線","有",21,"未使用",121.442865,25.058807,"新北市","泰山區"
"路口交岔撞","2023",6,1,11,"晴","日間自然光線",50,"四岔路","交叉路口內","柏油","乾燥","良好","無號誌","無","未繪設快慢車道分隔線","無",55,"未使用",120.670021,23.930464,"南投縣","南投市"
"路口交岔撞","2023",6,1,11,"晴","日間自然光線",50,"四岔路","交叉路口內","柏油","乾燥","良好","無號誌","無","未繪設快慢車道分隔線","無",64,"未使用",120.670021,23.930464,"南投縣","南投市"
"其他","2023",6,1,15,"晴","日間自然光線",30,"直路","一般車道(未劃分快慢車道)","柏油","乾燥","良好","無號誌","無","未繪設快慢車道分隔線","有",81,"不明",120.392287,23.695712,"雲林縣","土庫鎮"
"側撞","2023",6,1,17,"晴","日間自然光線",50,"三岔路","交叉路口內","柏油","乾燥","良好","正常","無","未繪設快慢車道分隔線","無",51,"未使用",121.600273,23.953131,"花蓮縣","吉安鄉"
"側撞","2023",6,1,17,"晴","日間自然光線",50,"三岔路","交叉路口內","柏油","乾燥","良好","正常","無","未繪設快慢車道分隔線","無",16,"未使用",121.600273,23.953131,"花蓮縣","吉安鄉"
"側撞","2023",6,1,18,"晴","日間自然光線",70,"四岔路","交叉路口內","柏油","乾燥","良好","正常","中央分向島","快慢車道分隔線","有",48,"未使用",120.429,24.07232,"彰化縣","鹿港鎮"
"側撞","2023",6,1,18,"晴","日間自然光線",70,"四岔路","交叉路口內","柏油","乾燥","良好","正常","中央分向島","快慢車道分隔線","有",45,"未使用",120.429,24.07232,"彰化縣","鹿港鎮"
"其他","2023",6,1,21,"陰","夜間(或隧道、地下道、涵洞)無照明",90,"直路","快車道","柏油","乾燥","良好","無號誌","中央分向島","未繪設快慢車道分隔線","有",27,"未使用",121.018054,24.975274,"桃園市","新屋區"
"其他","2023",6,1,21,"陰","夜間(或隧道、地下道、涵洞)無照明",90,"直路","快車道","柏油","乾燥","良好","無號誌","中央分向島","未繪設快慢車道分隔線","有",52,"非駕駛人",121.018054,24.975274,"桃園市","新屋區"
"其他","2023",6,1,21,"陰","夜間(或隧道、地下道、涵洞)無照明",90,"直路","快車道","柏油","乾燥","良好","無號誌","中央分向島","未繪設快慢車道分隔線","有",52,"未使用",121.018054,24.975274,"桃園市","新屋區"
"路口交岔撞","2023",6,1,23,"晴","日間自然光線",50,"四岔路","交叉路口內","柏油","乾燥","良好","正常","中央分向島","未繪設快慢車道分隔線","有",86,"未使用",120.551659,22.655443,"屏東縣","麟洛鄉"
"路口交岔撞","2023",6,1,23,"晴","日間自然光線",50,"四岔路","交叉路口內","柏油","乾燥","良好","正常","中央分向島","未繪設快慢車道分隔線","有",44,"未使用",120.551659,22.655443,"屏東縣","麟洛鄉"
"路口交岔撞","2023",6,2,5,"晴","日間自然光線",50,"四岔路","交叉路口內","柏油","乾燥","良好","正常","無","未繪設快慢車道分隔線","無",76,"未使用",120.374078,23.962636,"彰化縣","芳苑鄉"
"路口交岔撞","2023",6,2,5,"晴","日間自然光線",50,"四岔路","交叉路口內","柏油","乾燥","良好","正常","無","未繪設快慢車道分隔線","無",25,"未使用",120.374078,23.962636,"彰化縣","芳苑鄉"
"側撞","2023",6,2,7,"晴","日間自然光線",30,"四岔路","交叉路口內","柏油","乾燥","良好","無號誌","無","未繪設快慢車道分隔線","無",81,"不明",120.359845,23.690623,"雲林縣","土庫鎮"
"側撞","2023",6,2,7,"晴","日間自然光線",30,"四岔路","交叉路口內","柏油","乾燥","良好","無號誌","無","未繪設快慢車道分隔線","無",43,"未使用",120.359845,23.690623,"雲林縣","土庫鎮"
"側撞","2023",6,2,8,"晴","日間自然光線",50,"四岔路","交叉路口內","柏油","乾燥","良好","正常","無","未繪設快慢車道分隔線","無",34,"不明",120.378925,23.899411,"彰化縣","二林鎮"
"側撞","2023",6,2,8,"晴","日間自然光線",50,"四岔路","交叉路口內","柏油","乾燥","良好","正常","無","未繪設快慢車道分隔線","無",57,"未使用",120.378925,23.899411,"彰化縣","二林鎮"
"追撞","2023",6,2,13,"晴","日間自然光線",110,"直路","快車道","柏油","乾燥","良好","無號誌","中央分向島","未繪設快慢車道分隔線","有",53,"不明",120.522457,24.038534,"彰化縣","花壇鄉"
"追撞","2023",6,2,13,"晴","日間自然光線",110,"直路","快車道","柏油","乾燥","良好","無號誌","中央分向島","未繪設快慢車道分隔線","有",34,"未使用",120.522457,24.038534,"彰化縣","花壇鄉"
"追撞","2023",6,2,13,"晴","日間自然光線",110,"直路","快車道","柏油","乾燥","良好","無號誌","中央分向島","未繪設快慢車道分隔線","有",61,"未使用",120.522457,24.038534,"彰化縣","花壇鄉"
"追撞","2023",6,2,13,"晴","日間自然光線",110,"直路","快車道","柏油","乾燥","良好","無號誌","中央分向島","未繪設快慢車道分隔線","有",41,"未使用",120.522457,24.038534,"彰化縣","花壇鄉"
"側撞","2023",6,2,17,"晴","日間自然光線",50,"直路","一般車道(未劃分快慢車道)","柏油","乾燥","良好","無號誌","行車分向線","快慢車道分隔線","無",28,"未使用",121.559392,25.025932,"臺北市","信義區"
"側撞","2023",6,2,17,"晴","日間自然光線",50,"直路","一般車道(未劃分快慢車道)","柏油","乾燥","良好","無號誌","行車分向線","快慢車道分隔線","無",55,"未使用",121.559392,25.025932,"臺北市","信義區"
"同向擦撞","2023",6,2,19,"晴","夜間(或隧道、地下道、涵洞)有照明",50,"直路","快車道","柏油","乾燥","良好","正常","雙向禁止超車線","快慢車道分隔線","有",68,"不明",120.639847,22.921385,"高雄市","六龜區"
"同向擦撞","2023",6,2,19,"晴","夜間(或隧道、地下道、涵洞)有照明",50,"直路","快車道","柏油","乾燥","良好","正常","雙向禁止超車線","快慢車道分隔線","有",49,"未使用",120.639847,22.921385,"高雄市","六龜區"
"同向擦撞","2023",6,2,19,"晴","夜間(或隧道、地下道、涵洞)有照明",50,"直路","快車道","柏油","乾燥","良好","正常","雙向禁止超車線","快慢車道分隔線","有",32,"未使用",120.639847,22.921385,"高雄市","六龜區"
"撞路樹、電桿","2023",6,2,19,"晴","夜間(或隧道、地下道、涵洞)無照明",40,"彎曲路及附近","一般車道(未劃分快慢車道)","柏油","乾燥","良好","無號誌","雙向禁止超車線","未繪設快慢車道分隔線","有",64,"不明",120.967769,24.780197,"新竹市","東區"
"路口交岔撞","2023",6,3,7,"陰","日間自然光線",30,"四岔路","交叉路口內","柏油","乾燥","良好","無號誌","無","未繪設快慢車道分隔線","有",66,"未使用",120.2565,23.716944,"雲林縣","東勢鄉"
"路口交岔撞","2023",6,3,7,"陰","日間自然光線",30,"四岔路","交叉路口內","柏油","乾燥","良好","無號誌","無","未繪設快慢車道分隔線","有",52,"不明",120.2565,23.716944,"雲林縣","東勢鄉"
"側撞","2023",6,3,8,"晴","日間自然光線",50,"四岔路","交叉路口內","柏油","乾燥","良好","正常","中央分向島","未繪設快慢車道分隔線","有",83,"未使用",121.465537,25.009775,"新北市","板橋區"
"側撞","2023",6,3,8,"晴","日間自然光線",50,"四岔路","交叉路口內","柏油","乾燥","良好","正常","中央分向島","未繪設快慢車道分隔線","有",28,"未使用",121.465537,25.009775,"新北市","板橋區"
"路上翻車、摔倒","2023",6,3,14,"晴","日間自然光線",50,"彎曲路及附近","一般車道(未劃分快慢車道)","柏油","乾燥","良好","無號誌","雙向禁止超車線","未繪設快慢車道分隔線","有",19,"未使用",121.04921,24.797317,"新竹縣","竹北市"
"穿越道路中","2023",6,3,19,"晴","夜間(或隧道、地下道、涵洞)有照明",50,"三岔路","交叉路口內","柏油","乾燥","良好","無號誌","無","未繪設快慢車道分隔線","有",21,"不明",120.23515,23.545899,"雲林縣","水林鄉"
"穿越道路中","2023",6,3,19,"晴","夜間(或隧道、地下道、涵洞)有照明",50,"三岔路","交叉路口內","柏油","乾燥","良好","無號誌","無","未繪設快慢車道分隔線","有",76,"不明",120.23515,23.545899,"雲林縣","水林鄉"
"穿越道路中","2023",6,4,0,"晴","夜間(或隧道、地下道、涵洞)有照明",40,"直路","慢車道","柏油","乾燥","良好","無號誌","中央分向島","快慢車道分隔線","有",42,"非駕駛人",120.3071,22.76451,"高雄市","橋頭區"
"穿越道路中","2023",6,4,0,"晴","夜間(或隧道、地下道、涵洞)有照明",40,"直路","慢車道","柏油","乾燥","良好","無號誌","中央分向島","快慢車道分隔線","有",30,"未使用",120.3071,22.76451,"高雄市","橋頭區"
"穿越道路中","2023",6,4,0,"晴","夜間(或隧道、地下道、涵洞)有照明",40,"直路","慢車道","柏油","乾燥","良好","無號誌","中央分向島","快慢車道分隔線","有",53,"未使用",120.3071,22.76451,"高雄市","橋頭區"
"撞路樹、電桿","2023",6,4,7,"晴","日間自然光線",50,"直路","路肩、路緣","柏油","乾燥","良好","無號誌","雙向禁止超車線","快慢車道分隔線","有",39,"未使用",120.579907,22.397543,"屏東縣","枋寮鄉"
"路口交岔撞","2023",6,4,8,"晴","日間自然光線",40,"四岔路","交叉路口內","柏油","乾燥","良好","正常","無","未繪設快慢車道分隔線","有",40,"未使用",120.788901,23.828085,"南投縣","集集鎮"
"路口交岔撞","2023",6,4,8,"晴","日間自然光線",40,"四岔路","交叉路口內","柏油","乾燥","良好","正常","無","未繪設快慢車道分隔線","有",85,"未使用",120.788901,23.828085,"南投縣","集集鎮"
"路口交岔撞","2023",6,4,8,"晴","日間自然光線",40,"四岔路","交叉路口內","柏油","乾燥","良好","正常","無","未繪設快慢車道分隔線","有",82,"未使用",120.788901,23.828085,"南投縣","集集鎮"
"側撞","2023",6,4,14,"陰","日間自然光線",40,"直路","一般車道(未劃分快慢車道)","柏油","乾燥","良好","無號誌","行車分向線","未繪設快慢車道分隔線","有",78,"未使用",120.622323,22.710205,"屏東縣","瑪家鄉"
"側撞","2023",6,4,14,"陰","日間自然光線",40,"直路","一般車道(未劃分快慢車道)","柏油","乾燥","良好","無號誌","行車分向線","未繪設快慢車道分隔線","有",19,"未使用",120.622323,22.710205,"屏東縣","瑪家鄉"
"撞交通島","2023",6,4,22,"雨","夜間(或隧道、地下道、涵洞)有照明",60,"高架道路","交通島(含槽化線)","柏油","濕潤","良好","無號誌","中央分向島","未繪設快慢車道分隔線","有",22,"不明",120.740646,24.382798,"新北市","土城區"
"路口交岔撞","2023",6,5,9,"晴","日間自然光線",50,"四岔路","交叉路口內","柏油","乾燥","良好","無號誌","無","未繪設快慢車道分隔線","無",72,"不明",120.352155,23.84006,"彰化縣","大城鄉"
"路口交岔撞","2023",6,5,9,"晴","日間自然光線",50,"四岔路","交叉路口內","柏油","乾燥","良好","無號誌","無","未繪設快慢車道分隔線","無",45,"不明",120.352155,23.84006,"彰化縣","大城鄉"
"路口交岔撞","2023",6,5,9,"晴","日間自然光線",50,"四岔路","交叉路口內","柏油","乾燥","良好","無號誌","無","未繪設快慢車道分隔線","無",68,"不明",120.352155,23.84006,"彰化縣","大城鄉"
"對向擦撞","2023",6,5,17,"晴","日間自然光線",50,"直路","一般車道(未劃分快慢車道)","柏油","乾燥","良好","無號誌","無","未繪設快慢車道分隔線","無",22,"未使用",120.344527,22.635953,"高雄市","三民區"
"對向擦撞","2023",6,5,17,"晴","日間自然光線",50,"直路","一般車道(未劃分快慢車道)","柏油","乾燥","良好","無號誌","無","未繪設快慢車道分隔線","無",72,"未使用",120.344527,22.635953,"高雄市","三民區"
"其他","2023",6,6,7,"晴","日間自然光線",60,"四岔路","交叉路口內","柏油","乾燥","良好","正常","雙向禁止超車線","快慢車道分隔線","有",59,"不明",121.766372,24.710803,"宜蘭縣","五結鄉"