"事故類型及型態子類別名稱","發生年度","發生月份","發生日期","發生時間","天候名稱","光線名稱","速限.第1當事者","道路型態子類別名稱","事故位置子類別名稱","路面狀況.路面鋪裝名稱","路面狀況.路面狀態名稱","道路障礙.視距品質名稱","號誌.號誌動作名稱","車道劃分設施.分向設施大類別名稱","車道劃分設施.分道設施.快慢車道間名稱","車道劃分設施.分道設施.路面邊線名稱","當事者事故發生時年齡","行動電話或電腦或其他相類功能裝置名稱","經度","緯度","縣市","鄉鎮"
"側撞","2023",6,17,13,"晴","日間自然光線",50,"三岔路","交叉口附近","柏油","乾燥","不良","無號誌","無","未繪設快慢車道分隔線","無",41,"未使用",120.246344,23.019657,"臺南市","永康區"
"側撞","2023",6,17,13,"晴","日間自然光線",50,"三岔路","交叉口附近","柏油","乾燥","不良","無號誌","無","未繪設快慢車道分隔線","無",41,"未使用",120.246344,23.019657,"臺南市","永康區"
"追撞","2023",6,17,19,"晴","日間自然光線",50,"三岔路","交叉口附近","柏油","乾燥","良好","正常","雙向禁止超車線","未繪設快慢車道分隔線","有",53,"不明",120.458648,22.491541,"屏東縣","新園鄉"
"追撞","2023",6,17,19,"晴","日間自然光線",50,"三岔路","交叉口附近","柏油","乾燥","良好","正常","雙向禁止超車線","未繪設快慢車道分隔線","有",49,"未使用",120.458648,22.491541,"屏東縣","新園鄉"
"衝出路外","2023",6,17,22,"晴","夜間(或隧道、地下道、涵洞)有照明",30,"彎曲路及附近","路肩、路緣","柏油","乾燥","良好","無號誌","無","未繪設快慢車道分隔線","無",63,"不明",120.688007,23.958273,"南投縣","南投市"
"側撞","2023",6,17,22,"陰","夜間(或隧道、地下道、涵洞)有照明",50,"四岔路","交叉路口內","柏油","乾燥","良好","正常","中央分向島","未繪設快慢車道分隔線","有",62,"未使用",121.055421,24.768062,"新竹縣","竹東鎮"
"側撞","2023",6,17,22,"陰","夜間(或隧道、地下道、涵洞)有照明",50,"四岔路","交叉路口內","柏油","乾燥","良好","正常","中央分向島","未繪設快慢車道分隔線","有",17,"未使用",121.055421,24.768062,"新竹縣","竹東鎮"
"側撞","2023",6,18,14,"晴","日間自然光線",30,"四岔路","交叉路口內","柏油","乾燥","良好","正常","行車分向線","快慢車道分隔線","有",75,"未使用",121.807555,24.629731,"宜蘭縣","冬山鄉"
"側撞","2023",6,18,14,"晴","日間自然光線",30,"四岔路","交叉路口內","柏油","乾燥","良好","正常","行車分向線","快慢車道分隔線","有",19,"未使用",121.807555,24.629731,"宜蘭縣","冬山鄉"
"側撞","2023",6,18,14,"晴","日間自然光線",30,"三岔路","交叉路口內","柏油","乾燥","良好","無號誌","無","未繪設快慢車道分隔線","無",63,"未使用",120.372039,23.287979,"臺南市","柳營區"
"側撞","2023",6,18,14,"晴","日間自然光線",30,"三岔路","交叉路口內","柏油","乾燥","良好","無號誌","無","未繪設快慢車道分隔線","無",25,"未使用",120.372039,23.287979,"臺南市","柳營區"
"側撞","2023",6,18,15,"晴","日間自然光線",60,"直路","快車道","柏油","乾燥","良好","無號誌","中央分向島","快慢車道分隔線","有",39,"未使用",120.67445,24.477936,"苗栗縣","通霄鎮"
"側撞","2023",6,18,15,"晴","日間自然光線",60,"直路","快車道","柏油","乾燥","良好","無號誌","中央分向島","快慢車道分隔線","有",83,"未使用",120.67445,24.477936,"苗栗縣","通霄鎮"
"側撞","2023",6,18,18,"晴","晨或暮光",60,"四岔路","交叉路口內","柏油","乾燥","良好","正常","無","未繪設快慢車道分隔線","無",42,"未使用",120.704114,23.76492,"南投縣","竹山鎮"
"側撞","2023",6,18,18,"晴","晨或暮光",60,"四岔路","交叉路口內","柏油","乾燥","良好","正常","無","未繪設快慢車道分隔線","無",68,"未使用",120.704114,23.76492,"南投縣","竹山鎮"
"追撞","2023",6,18,19,"晴","夜間(或隧道、地下道、涵洞)有照明",50,"直路","一般車道(未劃分快慢車道)","柏油","乾燥","良好","無號誌","中央分向島","未繪設快慢車道分隔線","有",45,"未使用",120.711266,23.9771,"南投縣","草屯鎮"
"追撞","2023",6,18,19,"晴","夜間(或隧道、地下道、涵洞)有照明",50,"直路","一般車道(未劃分快慢車道)","柏油","乾燥","良好","無號誌","中央分向島","未繪設快慢車道分隔線","有",72,"未使用",120.711266,23.9771,"南投縣","草屯鎮"
"側撞","2023",6,18,23,"晴","夜間(或隧道、地下道、涵洞)有照明",50,"直路","一般車道(未劃分快慢車道)","柏油","乾燥","良好","無號誌","雙向禁止超車線","未繪設快慢車道分隔線","有",29,"未使用",120.569885,22.701222,"屏東縣","長治鄉"
"側撞","2023",6,18,23,"晴","夜間(或隧道、地下道、涵洞)有照明",50,"直路","一般車道(未劃分快慢車道)","柏油","乾燥","良好","無號誌","雙向禁止超車線","未繪設快慢車道分隔線","有",28,"未使用",120.569885,22.701222,"屏東縣","長治鄉"
"側撞","2023",6,18,23,"晴","夜間(或隧道、地下道、涵洞)有照明",50,"直路","一般車道(未劃分快慢車道)","柏油","乾燥","良好","無號誌","雙向禁止超車線","未繪設快慢車道分隔線","有",27,"未使用",120.569885,22.701222,"屏東縣","長治鄉"
"路上翻車、摔倒","2023",6,19,0,"晴","夜間(或隧道、地下道、涵洞)有照明",40,"直路","路肩、路緣","柏油","乾燥","良好","無號誌","中央分向島","快慢車道分隔線","有",37,"不明",120.4209,22.58427,"高雄市","大寮區"
"路上翻車、摔倒","2023",6,19,0,"晴","夜間(或隧道、地下道、涵洞)有照明",40,"直路","路肩、路緣","柏油","乾燥","良好","無號誌","中央分向島","快慢車道分隔線","有",112,"",120.4209,22.58427,"高雄市","大寮區"
"側撞","2023",6,19,2,"晴","日間自然光線",50,"四岔路","交叉路口內","柏油","乾燥","良好","正常","無","未繪設快慢車道分隔線","無",21,"不明",120.653109,24.133304,"臺中市","南屯區"
"側撞","2023",6,19,2,"晴","日間自然光線",50,"四岔路","交叉路口內","柏油","乾燥","良好","正常","無","未繪設快慢車道分隔線","無",48,"不明",120.653109,24.133304,"臺中市","南屯區"
"撞路樹、電桿","2023",6,19,4,"晴","晨或暮光",50,"直路","其他","柏油","乾燥","良好","無號誌","行車分向線","未繪設快慢車道分隔線","有",29,"未使用",121.58478,23.960309,"花蓮縣","吉安鄉"
"倒車撞","2023",6,19,7,"晴","日間自然光線",50,"直路","一般車道(未劃分快慢車道)","柏油","乾燥","良好","無號誌","行車分向線","未繪設快慢車道分隔線","有",38,"未使用",120.571373,22.759481,"屏東縣","鹽埔鄉"
"倒車撞","2023",6,19,7,"晴","日間自然光線",50,"直路","一般車道(未劃分快慢車道)","柏油","乾燥","良好","無號誌","行車分向線","未繪設快慢車道分隔線","有",39,"未使用",120.571373,22.759481,"屏東縣","鹽埔鄉"
"路上翻車、摔倒","2023",6,19,9,"晴","日間自然光線",40,"直路","直線匝道","柏油","乾燥","良好","無號誌","無","未繪設快慢車道分隔線","有",44,"不明",120.288735,23.307125,"臺南市","新營區"
"同向擦撞","2023",6,19,9,"晴","日間自然光線",50,"四岔路","交叉路口內","柏油","乾燥","良好","正常","無","未繪設快慢車道分隔線","無",50,"未使用",120.692663,24.126291,"臺中市","東區"
"同向擦撞","2023",6,19,9,"晴","日間自然光線",50,"四岔路","交叉路口內","柏油","乾燥","良好","正常","無","未繪設快慢車道分隔線","無",68,"未使用",120.692663,24.126291,"臺中市","東區"
"同向擦撞","2023",6,19,9,"晴","日間自然光線",90,"直路","快車道","柏油","乾燥","良好","無號誌","中央分向島","未繪設快慢車道分隔線","有",49,"未使用",120.704254,24.49187,"苗栗縣","通霄鎮"
"同向擦撞","2023",6,19,9,"晴","日間自然光線",90,"直路","快車道","柏油","乾燥","良好","無號誌","中央分向島","未繪設快慢車道分隔線","有",31,"未使用",120.704254,24.49187,"苗栗縣","通霄鎮"
"同向擦撞","2023",6,19,9,"晴","日間自然光線",90,"直路","快車道","柏油","乾燥","良好","無號誌","中央分向島","未繪設快慢車道分隔線","有",47,"未使用",120.704254,24.49187,"苗栗縣","通霄鎮"
"撞路樹、電桿","2023",6,19,13,"晴","日間自然光線",40,"直路","路肩、路緣","柏油","乾燥","良好","無號誌","中央分向島","快慢車道分隔線","有",21,"未使用",120.310388,23.228398,"臺南市","六甲區"
"側撞","2023",6,19,18,"晴","日間自然光線",50,"四岔路","交叉路口內","柏油","乾燥","良好","正常","無","未繪設快慢車道分隔線","無",39,"未使用",120.453006,23.782161,"雲林縣","西螺鎮"
"側撞","2023",6,19,18,"晴","日間自然光線",50,"四岔路","交叉路口內","柏油","乾燥","良好","正常","無","未繪設快慢車道分隔線","無",52,"未使用",120.453006,23.782161,"雲林縣","西螺鎮"
"側撞","2023",6,19,19,"晴","夜間(或隧道、地下道、涵洞)有照明",50,"四岔路","交叉路口內","柏油","乾燥","良好","正常","中央分向島","未繪設快慢車道分隔線","無",67,"未使用",121.55441,25.058167,"臺北市","松山區"
"側撞","2023",6,19,19,"晴","夜間(或隧道、地下道、涵洞)有照明",50,"四岔路","交叉路口內","柏油","乾燥","良好","正常","中央分向島","未繪設快慢車道分隔線","無",57,"未使用",121.55441,25.058167,"臺北市","松山區"
"撞護欄(樁)","2023",6,20,0,"晴","夜間(或隧道、地下道、涵洞)有照明",40,"彎曲路及附近","一般車道(未劃分快慢車道)","柏油","乾燥","良好","無號誌","雙向禁止超車線","未繪設快慢車道分隔線","有",25,"不明",120.455017,23.481258,"嘉義市","東區"
"撞護欄(樁)","2023",6,20,0,"晴","夜間(或隧道、地下道、涵洞)有照明",40,"彎曲路及附近","一般車道(未劃分快慢車道)","柏油","乾燥","良好","無號誌","雙向禁止超車線","未繪設快慢車道分隔線","有",32,"不明",120.455017,23.481258,"嘉義市","東區"
"路口交岔撞","2023",6,20,1,"晴","夜間(或隧道、地下道、涵洞)有照明",50,"四岔路","交叉路口內","柏油","乾燥","良好","正常","無","未繪設快慢車道分隔線","無",57,"未使用",120.683925,24.180295,"臺中市","北屯區"
"路口交岔撞","2023",6,20,1,"晴","夜間(或隧道、地下道、涵洞)有照明",50,"四岔路","交叉路口內","柏油","乾燥","良好","正常","無","未繪設快慢車道分隔線","無",21,"未使用",120.683925,24.180295,"臺中市","北屯區"
"其他","2023",6,20,7,"晴","日間自然光線",30,"直路","一般車道(未劃分快慢車道)","柏油","乾燥","良好","無號誌","無","未繪設快慢車道分隔線","有",74,"未使用",120.531911,24.026205,"彰化縣","花壇鄉"
"路口交岔撞","2023",6,20,17,"晴","日間自然光線",30,"四岔路","交叉路口內","柏油","乾燥","良好","無號誌","無","未繪設快慢車道分隔線","無",39,"未使用",121.220512,25.048618,"桃園市","大園區"
"路口交岔撞","2023",6,20,17,"晴","日間自然光線",30,"四岔路","交叉路口內","柏油","乾燥","良好","無號誌","無","未繪設快慢車道分隔線","無",59,"未使用",121.220512,25.048618,"桃園市","大園區"
"側撞","2023",6,20,19,"晴","夜間(或隧道、地下道、涵洞)有照明",70,"四岔路","交叉路口內","柏油","乾燥","良好","無號誌","無","未繪設快慢車道分隔線","無",69,"不明",120.499767,23.85738,"彰化縣","溪州鄉"
"側撞","2023",6,20,19,"晴","夜間(或隧道、地下道、涵洞)有照明",70,"四岔路","交叉路口內","柏油","乾燥","良好","無號誌","無","未繪設快慢車道分隔線","無",43,"不明",120.499767,23.85738,"彰化縣","溪州鄉"
"對向擦撞","2023",6,21,3,"晴","夜間(或隧道、地下道、涵洞)有照明",40,"彎曲路及附近","一般車道(未劃分快慢車道)","柏油","乾燥","不良","無號誌","雙向禁止超車線","未繪設快慢車道分隔線","有",16,"不明",120.945122,24.802931,"新竹市","北區"
"對向擦撞","2023",6,21,3,"晴","夜間(或隧道、地下道、涵洞)有照明",40,"彎曲路及附近","一般車道(未劃分快慢車道)","柏油","乾燥","不良","無號誌","雙向禁止超車線","未繪設快慢車道分隔線","有",58,"不明",120.945122,24.802931,"新竹市","北區"
"對向擦撞","2023",6,21,3,"晴","夜間(或隧道、地下道、涵洞)有照明",40,"彎曲路及附近","一般車道(未劃分快慢車道)","柏油","乾燥","不良","無號誌","雙向禁止超車線","未繪設快慢車道分隔線","有",15,"非駕駛人",120.945122,24.802931,"新竹市","北區"
"路口交岔撞","2023",6,21,6,"晴","日間自然光線",50,"四岔路","交叉路口內","柏油","乾燥","良好","正常","無","未繪設快慢車道分隔線","無",74,"未使用",120.458659,23.482818,"嘉義市","東區"
"路口交岔撞","2023",6,21,6,"晴","日間自然光線",50,"四岔路","交叉路口內","柏油","乾燥","良好","正常","無","未繪設快慢車道分隔線","無",38,"未使用",120.458659,23.482818,"嘉義市","東區"
"追撞","2023",6,21,7,"晴","日間自然光線",30,"直路","一般車道(未劃分快慢車道)","柏油","乾燥","良好","無號誌","雙向禁止超車線","未繪設快慢車道分隔線","無",63,"未使用",121.755436,24.680608,"宜蘭縣","羅東鎮"
"追撞","2023",6,21,7,"晴","日間自然光線",30,"直路","一般車道(未劃分快慢車道)","柏油","乾燥","良好","無號誌","雙向禁止超車線","未繪設快慢車道分隔線","無",81,"未使用",121.755436,24.680608,"宜蘭縣","羅東鎮"
"側撞","2023",6,21,15,"晴","日間自然光線",50,"三岔路","交叉路口內","柏油","乾燥","良好","無號誌","無","未繪設快慢車道分隔線","無",35,"未使用",121.339217,24.999384,"桃園市","龜山區"
"側撞","2023",6,21,15,"晴","日間自然光線",50,"三岔路","交叉路口內","柏油","乾燥","良好","無號誌","無","未繪設快慢車道分隔線","無",17,"未使用",121.339217,24.999384,"桃園市","龜山區"
"同向擦撞","2023",6,21,17,"晴","日間自然光線",50,"直路","一般車道(未劃分快慢車道)","柏油","乾燥","良好","無號誌","雙向禁止超車線","未繪設快慢車道分隔線","有",23,"未使用",121.347062,24.950081,"新北市","鶯歌區"
"同向擦撞","2023",6,21,17,"晴","日間自然光線",50,"直路","一般車道(未劃分快慢車道)","柏油","乾燥","良好","無號誌","雙向禁止超車線","未繪設快慢車道分隔線","有",44,"未使用",121.347062,24.950081,"新北市","鶯歌區"
"其他","2023",6,21,17,"晴","日間自然光線",70,"直路","路肩、路緣","柏油","乾燥","良好","無號誌","中央分向島","快慢車道分隔線","有",71,"未使用",121.646109,24.121364,"花蓮縣","新城鄉"
"路上翻車、摔倒","2023",6,22,10,"晴","日間自然光線",50,"彎曲路及附近","一般車道(未劃分快慢車道)","柏油","乾燥","良好","無號誌","雙向禁止超車線","未繪設快慢車道分隔線","有",24,"未使用",120.682156,24.268097,"臺中市","神岡區"
"其他","2023",6,22,12,"晴","日間自然光線",90,"直路","快車道","柏油","乾燥","良好","無號誌","無","未繪設快慢車道分隔線","有",31,"不明",120.538567,23.967124,"彰化縣","埔心鄉"
"其他","2023",6,22,12,"晴","日間自然光線",90,"直路","快車道","柏油","乾燥","良好","無號誌","無","未繪設快慢車道分隔線","有",25,"未使用",120.538567,23.967124,"彰化縣","埔心鄉"
"路口交岔撞","2023",6,23,0,"晴","夜間(或隧道、地下道、涵洞)有照明",70,"四岔路","一般車道(未劃分快慢車道)","柏油","乾燥","良好","正常","中央分向島","未繪設快慢車道分隔線","有",71,"不明",120.385091,23.708416,"雲林縣","虎尾鎮"
"路口交岔撞","2023",6,23,0,"晴","夜間(或隧道、地下道、涵洞)有照明",70,"四岔路","一般車道(未劃分快慢車道)","柏油","乾燥","良好","正常","中央分向島","未繪設快慢車道分隔線","有",23,"不明",120.385091,23.708416,"雲林縣","虎尾鎮"
"路口交岔撞","2023",6,23,0,"晴","夜間(或隧道、地下道、涵洞)有照明",70,"四岔路","一般車道(未劃分快慢車道)","柏油","乾燥","良好","正常","中央分向島","未繪設快慢車道分隔線","有",20,"不明",120.385091,23.708416,"雲林縣","虎尾鎮"
"路上翻車、摔倒","2023",6,23,5,"晴","日間自然光線",40,"直路","慢車道","柏油","乾燥","不良","無號誌","雙向禁止超車線","快慢車道分隔線","有",74,"未使用",120.3641,22.76551,"高雄市","燕巢區"
"路上翻車、摔倒","2023",6,23,5,"晴","日間自然光線",40,"直路","慢車道","柏油","乾燥","不良","無號誌","雙向禁止超車線","快慢車道分隔線","有",112,"",120.3641,22.76551,"高雄市","燕巢區"
"同向擦撞","2023",6,23,10,"陰","日間自然光線",50,"直路","一般車道(未劃分快慢車道)","柏油","乾燥","良好","無號誌","中央分向島","未繪設快慢車道分隔線","有",34,"未使用",121.395376,25.145082,"新北市","八里區"
"同向擦撞","2023",6,23,10,"陰","日間自然光線",50,"直路","一般車道(未劃分快慢車道)","柏油","乾燥","良好","無號誌","中央分向島","未繪設快慢車道分隔線","有",69,"未使用",121.395376,25.145082,"新北市","八里區"
"同向擦撞","2023",6,23,10,"陰","日間自然光線",50,"直路","一般車道(未劃分快慢車道)","柏油","乾燥","良好","無號誌","中央分向島","未繪設快慢車道分隔線","有",44,"未使用",121.395376,25.145082,"新北市","八里區"
"撞路樹、電桿","2023",6,23,14,"晴","日間自然光線",60,"直路","路肩、路緣","柏油","乾燥","良好","無號誌","中央分向島","未繪設快慢車道分隔線","有",68,"未使用",121.193154,24.80472,"新竹縣","關西鎮"
"撞路樹、電桿","2023",6,23,14,"晴","日間自然光線",60,"直路","路肩、路緣","柏油","乾燥","良好","無號誌","中央分向島","未繪設快慢車道分隔線","有",60,"未使用",121.193154,24.80472,"新竹縣","關西鎮"
"路口交岔撞","2023",6,24,1,"晴","夜間(或隧道、地下道、涵洞)有照明",50,"四岔路","交叉路口內","柏油","乾燥","良好","正常","無","未繪設快慢車道分隔線","無",43,"未使用",120.461259,23.480723,"嘉義市","東區"
"路口交岔撞","2023",6,24,1,"晴","夜間(或隧道、地下道、涵洞)有照明",50,"四岔路","交叉路口內","柏油","乾燥","良好","正常","無","未繪設快慢車道分隔線","無",24,"未使用",120.461259,23.480723,"嘉義市","東區"
"側撞","2023",6,24,9,"晴","日間自然光線",50,"四岔路","交叉路口內","柏油","乾燥","良好","正常","雙向禁止超車線","快慢車道分隔線","有",71,"未使用",120.567492,22.572873,"屏東縣","萬巒鄉"
"側撞","2023",6,24,9,"晴","日間自然光線",50,"四岔路","交叉路口內","柏油","乾燥","良好","正常","雙向禁止超車線","快慢車道分隔線","有",53,"未使用",120.567492,22.572873,"屏東縣","萬巒鄉"
"路口交岔撞","2023",6,24,12,"晴","日間自然光線",30,"四岔路","交叉路口內","柏油","乾燥","良好","無號誌","無","未繪設快慢車道分隔線","有",63,"未使用",120.513955,23.753769,"雲林縣","莿桐鄉"
"路口交岔撞","2023",6,24,12,"晴","日間自然光線",30,"四岔路","交叉路口內","柏油","乾燥","良好","無號誌","無","未繪設快慢車道分隔線","有",40,"未使用",120.513955,23.753769,"雲林縣","莿桐鄉"
"側撞","2023",6,24,17,"晴","日間自然光線",60,"四岔路","交叉路口內","柏油","乾燥","良好","正常","無","未繪設快慢車道分隔線","無",28,"未使用",120.26649,22.736309,"高雄市","橋頭區"
"側撞","2023",6,24,17,"晴","日間自然光線",60,"四岔路","交叉路口內","柏油","乾燥","良好","正常","無","未繪設快慢車道分隔線","無",19,"不明",120.26649,22.736309,"高雄市","橋頭區"
"撞交通島","2023",6,24,22,"晴","夜間(或隧道、地下道、涵洞)有照明",50,"彎曲路及附近","一般車道(未劃分快慢車道)","柏油","乾燥","良好","無號誌","中央分向島","未繪設快慢車道分隔線","無",61,"不明",120.3572,22.65553,"高雄市","鳥松區"
"撞交通島","2023",6,24,22,"晴","夜間(或隧道、地下道、涵洞)有照明",50,"彎曲路及附近","一般車道(未劃分快慢車道)","柏油","乾燥","良好","無號誌","中央分向島","未繪設快慢車道分隔線","無",112,"",120.3572,22.65553,"高雄市","鳥松區"
"路口交岔撞","2023",6,24,23,"晴","夜間(或隧道、地下道、涵洞)有照明",50,"四岔路","交叉路口內","柏油","乾燥","良好","正常","雙向禁止超車線","未繪設快慢車道分隔線","有",19,"不明",120.463787,24.09086,"彰化縣","鹿港鎮"
"路口交岔撞","2023",6,24,23,"晴","夜間(或隧道、地下道、涵洞)有照明",50,"四岔路","交叉路口內","柏油","乾燥","良好","正常","雙向禁止超車線","未繪設快慢車道分隔線","有",47,"未使用",120.463787,24.09086,"彰化縣","鹿港鎮"
"其他","2023",6,25,8,"晴","日間自然光線",50,"直路","路肩、路緣","柏油","乾燥","良好","無號誌","行車分向線","未繪設快慢車道分隔線","有",67,"未使用",120.998226,24.855879,"新竹縣","竹北市"
"其他","2023",6,25,8,"晴","日間自然光線",50,"直路","路肩、路緣","柏油","乾燥","良好","無號誌","行車分向線","未繪設快慢車道分隔線","有",51,"未使用",120.998226,24.855879,"新竹縣","竹北市"
"穿越道路中","2023",6,25,19,"陰","夜間(或隧道、地下道、涵洞)有照明",50,"三岔路","交叉口附近","柏油","乾燥","良好","無號誌","雙向禁止超車線","快慢車道分隔線","有",61,"非駕駛人",121.279412,23.215085,"花蓮縣","富里鄉"
"穿越道路中","2023",6,25,19,"陰","夜間(或隧道、地下道、涵洞)有照明",50,"三岔路","交叉口附近","柏油","乾燥","良好","無號誌","雙向禁止超車線","快慢車道分隔線","有",58,"未使用",121.279412,23.215085,"花蓮縣","富里鄉"
"其他","2023",6,25,20,"晴","夜間(或隧道、地下道、涵洞)有照明",50,"直路","行人穿越道","柏油","乾燥","良好","正常","行車分向線","快慢車道分隔線","有",34,"未使用",121.486518,25.048601,"新北市","三重區"
"其他","2023",6,25,20,"晴","夜間(或隧道、地下道、涵洞)有照明",50,"直路","行人穿越道","柏油","乾燥","良好","正常","行車分向線","快慢車道分隔線","有",20,"未使用",121.486518,25.048601,"新北市","三重區"
"其他","2023",6,26,7,"晴","日間自然光線",70,"直路","路肩、路緣","柏油","乾燥","良好","無號誌","雙向禁止超車線","未繪設快慢車道分隔線","有",22,"未使用",120.793318,23.984313,"南投縣","草屯鎮"
"其他","2023",6,26,7,"晴","日間自然光線",70,"直路","路肩、路緣","柏油","乾燥","良好","無號誌","雙向禁止超車線","未繪設快慢車道分隔線","有",23,"未使用",120.793318,23.984313,"南投縣","草屯鎮"
"路口交岔撞","2023",6,26,13,"晴","日間自然光線",30,"四岔路","交叉路口內","柏油","乾燥","良好","無號誌","無","未繪設快慢車道分隔線","無",66,"未使用",120.568639,24.260527,"臺中市","清水區"
"路口交岔撞","2023",6,26,13,"晴","日間自然光線",30,"四岔路","交叉路口內","柏油","乾燥","良好","無號誌","無","未繪設快慢車道分隔線","無",33,"未使用",120.568639,24.260527,"臺中市","清水區"
"追撞","2023",6,26,14,"晴","日間自然光線",50,"四岔路","交叉路口內","柏油","乾燥","良好","正常","無","未繪設快慢車道分隔線","無",25,"未使用",121.287639,25.06457,"桃園市","蘆竹區"
"追撞","2023",6,26,14,"晴","日間自然光線",50,"四岔路","交叉路口內","柏油","乾燥","良好","正常","無","未繪設快慢車道分隔線","無",35,"未使用",121.287639,25.06457,"桃園市","蘆竹區"
"追撞","2023",6,26,14,"晴","日間自然光線",50,"四岔路","交叉路口內","柏油","乾燥","良好","正常","無","未繪設快慢車道分隔線","無",38,"未使用",121.287639,25.06457,"桃園市","蘆竹區"
"其他","2023",6,26,20,"陰","夜間(或隧道、地下道、涵洞)有照明",50,"直路","一般車道(未劃分快慢車道)","柏油","乾燥","良好","無號誌","行車分向線","未繪設快慢車道分隔線","無",59,"未使用",120.634894,24.243609,"臺中市","大雅區"
"其他","2023",6,26,20,"陰","夜間(或隧道、地下道、涵洞)有照明",50,"直路","一般車道(未劃分快慢車道)","柏油","乾燥","良好","無號誌","行車分向線","未繪設快慢車道分隔線","無",57,"未使用",120.634894,24.243609,"臺中市","大雅區"
"追撞","2023",6,27,13,"晴","日間自然光線",50,"四岔路","交叉口附近","柏油","乾燥","良好","正常","中央分向島","未繪設快慢車道分隔線","有",50,"不明",121.614447,25.055343,"臺北市","南港區"
"追撞","2023",6,27,13,"晴","日間自然光線",50,"四岔路","交叉口附近","柏油","乾燥","良好","正常","中央分向島","未繪設快慢車道分隔線","有",71,"不明",121.614447,25.055343,"臺北市","南港區"
"路口交岔撞","2023",6,27,15,"晴","日間自然光線",50,"四岔路","交叉路口內","柏油","乾燥","良好","正常","雙向禁止超車線","未繪設快慢車道分隔線","有",90,"未使用",120.309347,23.696389,"雲林縣","褒忠鄉"
"路口交岔撞","2023",6,27,15,"晴","日間自然光線",50,"四岔路","交叉路口內","柏油","乾燥","良好","正常","雙向禁止超車線","未繪設快慢車道分隔線","有",28,"未使用",120.309347,23.696389,"雲林縣","褒忠鄉"
"路口交岔撞","2023",6,28,11,"陰","日間自然光線",50,"四岔路","交叉路口內","柏油","乾燥","良好","無號誌","無","未繪設快慢車道分隔線","無",70,"未使用",121.12981,22.905241,"臺東縣","鹿野鄉"
"路口交岔撞","2023",6,28,11,"陰","日間自然光線",50,"四岔路","交叉路口內","柏油","乾燥","良好","無號誌","無","未繪設快慢車道分隔線","無",46,"不明",121.12981,22.905241,"臺東縣","鹿野鄉"
"路口交岔撞","2023",6,28,15,"晴","日間自然光線",30,"四岔路","交叉路口內","柏油","乾燥","良好","無號誌","無","未繪設快慢車道分隔線","無",65,"未使用",120.310107,23.862191,"彰化縣","大城鄉"
"路口交岔撞","2023",6,28,15,"晴","日間自然光線",30,"四岔路","交叉路口內","柏油","乾燥","良好","無號誌","無","未繪設快慢車道分隔線","無",76,"未使用",120.310107,23.862191,"彰化縣","大城鄉"
"側撞","2023",6,28,19,"晴","夜間(或隧道、地下道、涵洞)有照明",50,"四岔路","交叉路口內","柏油","乾燥","良好","無號誌","無","未繪設快慢車道分隔線","無",64,"不明",119.570214,23.526525,"澎湖縣","馬公市"
"側撞","2023",6,28,19,"晴","夜間(或隧道、地下道、涵洞)有照明",50,"四岔路","交叉路口內","柏油","乾燥","良好","無號誌","無","未繪設快慢車道分隔線","無",19,"未使用",119.570214,23.526525,"澎湖縣","馬公市"
"側撞","2023",6,28,19,"晴","夜間(或隧道、地下道、涵洞)有照明",50,"四岔路","交叉路口內","柏油","乾燥","良好","無號誌","無","未繪設快慢車道分隔線","無",19,"非駕駛人",119.570214,23.526525,"澎湖縣","馬公市"
"其他","2023",6,28,22,"晴","夜間(或隧道、地下道、涵洞)有照明",60,"直路","一般車道(未劃分快慢車道)","柏油","乾燥","良好","無號誌","中央分向島","快慢車道分隔線","有",64,"未使用",121.127953,24.904027,"桃園市","楊梅區"
"其他","2023",6,28,22,"晴","夜間(或隧道、地下道、涵洞)有照明",60,"直路","一般車道(未劃分快慢車道)","柏油","乾燥","良好","無號誌","中央分向島","快慢車道分隔線","有",53,"非駕駛人",121.127953,24.904027,"桃園市","楊梅區"
"撞交通島","2023",6,29,5,"晴","日間自然光線",50,"彎曲路及附近","快車道","柏油","乾燥","良好","無號誌","中央分向島","未繪設快慢車道分隔線","有",27,"不明",120.386005,22.951075,"臺南市","龍崎區"
"其他","2023",6,29,7,"晴","日間自然光線",70,"直路","一般車道(未劃分快慢車道)","柏油","乾燥","良好","無號誌","行車分向線","快慢車道分隔線","有",24,"未使用",120.579867,24.280934,"臺中市","清水區"
"其他","2023",6,29,7,"晴","日間自然光線",70,"直路","一般車道(未劃分快慢車道)","柏油","乾燥","良好","無號誌","行車分向線","快慢車道分隔線","有",43,"未使用",120.579867,24.280934,"臺中市","清水區"