"事故類型及型態子類別名稱","發生年度","發生月份","發生日期","發生時間","天候名稱","光線名稱","速限.第1當事者","道路型態子類別名稱","事故位置子類別名稱","路面狀況.路面鋪裝名稱","路面狀況.路面狀態名稱","道路障礙.視距品質名稱","號誌.號誌動作名稱","車道劃分設施.分向設施大類別名稱","車道劃分設施.分道設施.快慢車道間名稱","車道劃分設施.分道設施.路面邊線名稱","當事者事故發生時年齡","行動電話或電腦或其他相類功能裝置名稱","經度","緯度","縣市","鄉鎮"
"其他","2023",6,29,7,"晴","日間自然光線",70,"直路","一般車道(未劃分快慢車道)","柏油","乾燥","良好","無號誌","行車分向線","快慢車道分隔線","有",48,"未使用",120.579867,24.280934,"臺中市","清水區"
"其他","2023",6,29,7,"晴","日間自然光線",70,"直路","一般車道(未劃分快慢車道)","柏油","乾燥","良好","無號誌","行車分向線","快慢車道分隔線","有",42,"未使用",120.579867,24.280934,"臺中市","清水區"
"其他","2023",6,29,7,"晴","日間自然光線",70,"直路","一般車道(未劃分快慢車道)","柏油","乾燥","良好","無號誌","行車分向線","快慢車道分隔線","有",39,"未使用",120.579867,24.280934,"臺中市","清水區"
"其他","2023",6,29,7,"晴","日間自然光線",70,"直路","一般車道(未劃分快慢車道)","柏油","乾燥","良好","無號誌","行車分向線","快慢車道分隔線","有",55,"未使用",120.579867,24.280934,"臺中市","清水區"
"路口交岔撞","2023",6,29,7,"晴","日間自然光線",50,"三岔路","交叉路口內","柏油","乾燥","良好","正常","無","未繪設快慢車道分隔線","無",78,"未使用",120.149441,23.034342,"臺南市","南區"
"路口交岔撞","2023",6,29,7,"晴","日間自然光線",50,"三岔路","交叉路口內","柏油","乾燥","良好","正常","無","未繪設快慢車道分隔線","無",47,"未使用",120.149441,23.034342,"臺南市","南區"
"撞路樹、電桿","2023",6,29,12,"晴","日間自然光線",50,"彎曲路及附近","路肩、路緣","柏油","乾燥","良好","無號誌","雙向禁止超車線","未繪設快慢車道分隔線","有",48,"未使用",121.357136,24.904742,"新北市","三峽區"
"撞交通島","2023",6,29,17,"雨","日間自然光線",50,"三岔路","交叉路口內","柏油","濕潤","良好","正常","無","未繪設快慢車道分隔線","無",59,"不明",121.099636,22.768419,"臺東縣","臺東市"
"側撞","2023",6,29,18,"雨","夜間(或隧道、地下道、涵洞)有照明",50,"四岔路","交叉路口內","柏油","濕潤","良好","無號誌","雙向禁止超車線","未繪設快慢車道分隔線","有",74,"未使用",120.52909,23.709537,"雲林縣","斗六市"
"側撞","2023",6,29,18,"雨","夜間(或隧道、地下道、涵洞)有照明",50,"四岔路","交叉路口內","柏油","濕潤","良好","無號誌","雙向禁止超車線","未繪設快慢車道分隔線","有",90,"未使用",120.52909,23.709537,"雲林縣","斗六市"
"撞橋樑、建築物","2023",6,29,23,"陰","夜間(或隧道、地下道、涵洞)有照明",50,"三岔路","交叉路口內","柏油","乾燥","良好","無號誌","無","未繪設快慢車道分隔線","無",68,"未使用",120.65184,24.155745,"臺中市","南屯區"
"其他","2023",6,30,7,"晴","日間自然光線",40,"直路","一般車道(未劃分快慢車道)","柏油","乾燥","良好","無號誌","無","未繪設快慢車道分隔線","有",20,"未使用",120.515062,22.719515,"屏東縣","九如鄉"
"其他","2023",6,30,7,"晴","日間自然光線",40,"直路","一般車道(未劃分快慢車道)","柏油","乾燥","良好","無號誌","無","未繪設快慢車道分隔線","有",61,"未使用",120.515062,22.719515,"屏東縣","九如鄉"
"路口交岔撞","2023",6,30,10,"晴","日間自然光線",50,"四岔路","交叉路口內","柏油","乾燥","良好","正常","無","未繪設快慢車道分隔線","無",78,"未使用",120.166218,23.459448,"嘉義縣","東石鄉"
"路口交岔撞","2023",6,30,10,"晴","日間自然光線",50,"四岔路","交叉路口內","柏油","乾燥","良好","正常","無","未繪設快慢車道分隔線","無",52,"未使用",120.166218,23.459448,"嘉義縣","東石鄉"
"撞護欄(樁)","2023",6,30,17,"雨","日間自然光線",30,"直路","一般車道(未劃分快慢車道)","柏油","濕潤","良好","無號誌","無","未繪設快慢車道分隔線","無",26,"未使用",120.722216,24.191718,"臺中市","潭子區"
"同向擦撞","2023",6,30,18,"晴","日間自然光線",50,"四岔路","交叉路口內","柏油","乾燥","良好","正常","雙向禁止超車線","未繪設快慢車道分隔線","有",48,"未使用",120.592838,22.366412,"屏東縣","枋寮鄉"
"同向擦撞","2023",6,30,18,"晴","日間自然光線",50,"四岔路","交叉路口內","柏油","乾燥","良好","正常","雙向禁止超車線","未繪設快慢車道分隔線","有",71,"未使用",120.592838,22.366412,"屏東縣","枋寮鄉"
"其他","2023",6,30,22,"陰","夜間(或隧道、地下道、涵洞)無照明",90,"高架道路","快車道","柏油","乾燥","良好","無號誌","中央分向島","未繪設快慢車道分隔線","有",24,"未使用",120.585762,24.364999,"臺中市","大安區"
"其他","2023",6,30,22,"陰","夜間(或隧道、地下道、涵洞)無照明",90,"高架道路","快車道","柏油","乾燥","良好","無號誌","中央分向島","未繪設快慢車道分隔線","有",60,"未使用",120.585762,24.364999,"臺中市","大安區"
"其他","2023",6,30,22,"陰","夜間(或隧道、地下道、涵洞)無照明",90,"高架道路","快車道","柏油","乾燥","良好","無號誌","中央分向島","未繪設快慢車道分隔線","有",36,"未使用",120.585762,24.364999,"臺中市","大安區"
"其他","2023",6,30,22,"陰","夜間(或隧道、地下道、涵洞)無照明",90,"高架道路","快車道","柏油","乾燥","良好","無號誌","中央分向島","未繪設快慢車道分隔線","有",30,"未使用",120.585762,24.364999,"臺中市","大安區"
"其他","2023",6,30,22,"陰","夜間(或隧道、地下道、涵洞)無照明",90,"高架道路","快車道","柏油","乾燥","良好","無號誌","中央分向島","未繪設快慢車道分隔線","有",31,"未使用",120.585762,24.364999,"臺中市","大安區"
"其他","2023",6,30,22,"陰","夜間(或隧道、地下道、涵洞)無照明",90,"高架道路","快車道","柏油","乾燥","良好","無號誌","中央分向島","未繪設快慢車道分隔線","有",59,"非駕駛人",120.585762,24.364999,"臺中市","大安區"
"其他","2023",6,30,22,"陰","夜間(或隧道、地下道、涵洞)無照明",90,"高架道路","快車道","柏油","乾燥","良好","無號誌","中央分向島","未繪設快慢車道分隔線","有",29,"非駕駛人",120.585762,24.364999,"臺中市","大安區"
"其他","2023",6,30,22,"陰","夜間(或隧道、地下道、涵洞)無照明",90,"高架道路","快車道","柏油","乾燥","良好","無號誌","中央分向島","未繪設快慢車道分隔線","有",3,"非駕駛人",120.585762,24.364999,"臺中市","大安區"
"其他","2023",6,30,22,"陰","夜間(或隧道、地下道、涵洞)無照明",90,"高架道路","快車道","柏油","乾燥","良好","無號誌","中央分向島","未繪設快慢車道分隔線","有",31,"非駕駛人",120.585762,24.364999,"臺中市","大安區"
"其他","2023",6,30,22,"陰","夜間(或隧道、地下道、涵洞)無照明",90,"高架道路","快車道","柏油","乾燥","良好","無號誌","中央分向島","未繪設快慢車道分隔線","有",10,"非駕駛人",120.585762,24.364999,"臺中市","大安區"
"穿越道路中","2023",7,1,19,"雨","有照明且開啟",50,"直路","一般車道(未劃分快慢車道)","柏油","濕潤","無遮蔽物","無號誌","無","未繪設快慢車道分隔線","有",47,"未使用",121.426054,25.007999,"新北市","樹林區"
"穿越道路中","2023",7,1,19,"雨","有照明且開啟",50,"直路","一般車道(未劃分快慢車道)","柏油","濕潤","無遮蔽物","無號誌","無","未繪設快慢車道分隔線","有",37,"非駕駛人",121.426054,25.007999,"新北市","樹林區"
"穿越道路中","2023",7,1,19,"雨","有照明且開啟",50,"直路","一般車道(未劃分快慢車道)","柏油","濕潤","無遮蔽物","無號誌","無","未繪設快慢車道分隔線","有",60,"未使用",121.426054,25.007999,"新北市","樹林區"
"其他","2023",7,2,0,"晴","有照明且開啟",60,"四岔路","交叉路口內","柏油","乾燥","無遮蔽物","正常","無","未繪設快慢車道分隔線","無",57,"未使用",120.542,22.89427,"高雄市","美濃區"
"其他","2023",7,2,0,"晴","有照明且開啟",60,"四岔路","交叉路口內","柏油","乾燥","無遮蔽物","正常","無","未繪設快慢車道分隔線","無",112,"",120.542,22.89427,"高雄市","美濃區"
"衝出路外","2023",7,2,14,"晴","無照明",30,"彎曲路及附近","路肩、路緣","柏油","乾燥","無遮蔽物","無號誌","雙向禁止超車線","未繪設快慢車道分隔線","有",50,"不明",120.728511,23.465321,"嘉義縣","阿里山鄉"
"路口交岔撞","2023",7,2,22,"晴","有照明未開啟或故障",50,"四岔路","交叉路口內","柏油","乾燥","無遮蔽物","正常","中央分向島","寬式快慢車道分隔島(50公分以上)","有",35,"未使用",120.867043,24.71218,"苗栗縣","竹南鎮"
"路口交岔撞","2023",7,2,22,"晴","有照明未開啟或故障",50,"四岔路","交叉路口內","柏油","乾燥","無遮蔽物","正常","中央分向島","寬式快慢車道分隔島(50公分以上)","有",30,"未使用",120.867043,24.71218,"苗栗縣","竹南鎮"
"路口交岔撞","2023",7,2,22,"晴","有照明未開啟或故障",50,"四岔路","交叉路口內","柏油","乾燥","無遮蔽物","正常","中央分向島","寬式快慢車道分隔島(50公分以上)","有",31,"未使用",120.867043,24.71218,"苗栗縣","竹南鎮"
"路口交岔撞","2023",7,2,22,"晴","有照明未開啟或故障",50,"四岔路","交叉路口內","柏油","乾燥","無遮蔽物","正常","中央分向島","寬式快慢車道分隔島(50公分以上)","有",43,"未使用",120.867043,24.71218,"苗栗縣","竹南鎮"
"穿越道路中","2023",7,3,7,"晴","有照明未開啟或故障",50,"四岔路","行人穿越道","柏油","乾燥","無遮蔽物","正常","無","未繪設快慢車道分隔線","無",37,"未使用",120.665368,24.191184,"臺中市","北屯區"
"穿越道路中","2023",7,3,7,"晴","有照明未開啟或故障",50,"四岔路","行人穿越道","柏油","乾燥","無遮蔽物","正常","無","未繪設快慢車道分隔線","無",88,"非駕駛人",120.665368,24.191184,"臺中市","北屯區"
"衝出路外","2023",7,3,10,"晴","無照明",30,"彎曲路及附近","一般車道(未劃分快慢車道)","柏油","乾燥","無遮蔽物","無號誌","無","未繪設快慢車道分隔線","無",76,"未使用",120.455009,23.481269,"嘉義市","西區"
"追撞","2023",7,3,23,"晴","有照明且開啟",50,"直路","一般車道(未劃分快慢車道)","柏油","乾燥","無遮蔽物","無號誌","行車分向線","未繪設快慢車道分隔線","有",44,"未使用",120.467001,22.622706,"屏東縣","萬丹鄉"
"追撞","2023",7,3,23,"晴","有照明且開啟",50,"直路","一般車道(未劃分快慢車道)","柏油","乾燥","無遮蔽物","無號誌","行車分向線","未繪設快慢車道分隔線","有",73,"未使用",120.467001,22.622706,"屏東縣","萬丹鄉"
"穿越道路中","2023",7,4,6,"晴","有照明且開啟",50,"四岔路","行人穿越道","柏油","乾燥","無遮蔽物","正常","無","未繪設快慢車道分隔線","無",43,"未使用",121.293578,24.998386,"桃園市","桃園區"
"穿越道路中","2023",7,4,6,"晴","有照明且開啟",50,"四岔路","行人穿越道","柏油","乾燥","無遮蔽物","正常","無","未繪設快慢車道分隔線","無",89,"非駕駛人",121.293578,24.998386,"桃園市","桃園區"
"追撞","2023",7,4,7,"晴","有照明未開啟或故障",40,"直路","慢車道","柏油","乾燥","無遮蔽物","無號誌","中央分向島","快慢車道分隔線","有",77,"未使用",120.557741,22.448023,"屏東縣","佳冬鄉"
"追撞","2023",7,4,7,"晴","有照明未開啟或故障",40,"直路","慢車道","柏油","乾燥","無遮蔽物","無號誌","中央分向島","快慢車道分隔線","有",53,"未使用",120.557741,22.448023,"屏東縣","佳冬鄉"
"衝出路外","2023",7,4,9,"晴","有照明未開啟或故障",50,"三岔路","交叉路口內","柏油","乾燥","無遮蔽物","無號誌","雙向禁止超車線","未繪設快慢車道分隔線","有",71,"未使用",119.581428,23.570431,"澎湖縣","馬公市"
"路口交岔撞","2023",7,4,11,"晴","有照明未開啟或故障",30,"四岔路","交叉路口內","柏油","乾燥","無遮蔽物","無號誌","無","未繪設快慢車道分隔線","有",38,"未使用",120.647684,24.422702,"苗栗縣","苑裡鎮"
"路口交岔撞","2023",7,4,11,"晴","有照明未開啟或故障",30,"四岔路","交叉路口內","柏油","乾燥","無遮蔽物","無號誌","無","未繪設快慢車道分隔線","有",74,"未使用",120.647684,24.422702,"苗栗縣","苑裡鎮"
"側撞","2023",7,4,16,"晴","無照明",60,"直路","快車道","柏油","乾燥","無遮蔽物","無號誌","中央分向島","快慢車道分隔線","有",81,"未使用",120.201998,23.038174,"臺南市","南區"
"側撞","2023",7,4,16,"晴","無照明",60,"直路","快車道","柏油","乾燥","無遮蔽物","無號誌","中央分向島","快慢車道分隔線","有",47,"未使用",120.201998,23.038174,"臺南市","南區"
"撞電桿","2023",7,5,1,"晴","有照明且開啟",50,"三岔路","交叉路口內","柏油","乾燥","無遮蔽物","無號誌","無","未繪設快慢車道分隔線","有",23,"不明",120.164274,23.596799,"雲林縣","口湖鄉"
"穿越道路中","2023",7,5,5,"晴","有照明未開啟或故障",50,"三岔路","機車停等區","柏油","乾燥","無遮蔽物","正常","雙向禁止超車線","未繪設快慢車道分隔線","有",84,"非駕駛人",120.460523,23.451838,"嘉義縣","中埔鄉"
"穿越道路中","2023",7,5,5,"晴","有照明未開啟或故障",50,"三岔路","機車停等區","柏油","乾燥","無遮蔽物","正常","雙向禁止超車線","未繪設快慢車道分隔線","有",54,"未使用",120.460523,23.451838,"嘉義縣","中埔鄉"
"穿越道路中","2023",7,5,7,"晴","無照明",50,"四岔路","行人穿越道","柏油","乾燥","無遮蔽物","正常","雙向禁止超車線","快慢車道分隔線","無",59,"未使用",121.500708,25.126138,"臺北市","北投區"
"穿越道路中","2023",7,5,7,"晴","無照明",50,"四岔路","行人穿越道","柏油","乾燥","無遮蔽物","正常","雙向禁止超車線","快慢車道分隔線","無",81,"非駕駛人",121.500708,25.126138,"臺北市","北投區"
"側撞","2023",7,5,7,"晴","有照明未開啟或故障",70,"三岔路","交叉路口內","柏油","乾燥","無遮蔽物","無號誌","無","未繪設快慢車道分隔線","有",41,"未使用",120.468087,23.624848,"嘉義縣","大林鎮"
"側撞","2023",7,5,7,"晴","有照明未開啟或故障",70,"三岔路","交叉路口內","柏油","乾燥","無遮蔽物","無號誌","無","未繪設快慢車道分隔線","有",34,"未使用",120.468087,23.624848,"嘉義縣","大林鎮"
"撞路樹","2023",7,5,8,"晴","無照明",50,"直路","路肩、路緣","柏油","乾燥","無遮蔽物","無號誌","中央分向島","未繪設快慢車道分隔線","有",58,"不明",120.424037,23.907513,"彰化縣","二林鎮"
"側撞","2023",7,5,8,"晴","有照明未開啟或故障",50,"四岔路","交叉路口內","柏油","乾燥","無遮蔽物","正常","行車分向線","未繪設快慢車道分隔線","無",32,"未使用",120.3022,22.707902,"高雄市","楠梓區"
"側撞","2023",7,5,8,"晴","有照明未開啟或故障",50,"四岔路","交叉路口內","柏油","乾燥","無遮蔽物","正常","行車分向線","未繪設快慢車道分隔線","無",29,"未使用",120.3022,22.707902,"高雄市","楠梓區"
"路口交岔撞","2023",7,5,13,"晴","有照明未開啟或故障",50,"四岔路","交叉路口內","柏油","乾燥","無遮蔽物","正常","無","未繪設快慢車道分隔線","無",37,"未使用",120.442209,23.808485,"雲林縣","西螺鎮"
"路口交岔撞","2023",7,5,13,"晴","有照明未開啟或故障",50,"四岔路","交叉路口內","柏油","乾燥","無遮蔽物","正常","無","未繪設快慢車道分隔線","無",55,"不明",120.442209,23.808485,"雲林縣","西螺鎮"
"路口交岔撞","2023",7,5,13,"晴","有照明未開啟或故障",50,"四岔路","交叉路口內","柏油","乾燥","無遮蔽物","正常","無","未繪設快慢車道分隔線","無",8,"非駕駛人",120.442209,23.808485,"雲林縣","西螺鎮"
"同向擦撞","2023",7,5,14,"晴","有照明未開啟或故障",50,"直路","一般車道(未劃分快慢車道)","柏油","乾燥","無遮蔽物","無號誌","中央分向島","未繪設快慢車道分隔線","有",31,"未使用",121.116558,25.050626,"桃園市","觀音區"
"同向擦撞","2023",7,5,14,"晴","有照明未開啟或故障",50,"直路","一般車道(未劃分快慢車道)","柏油","乾燥","無遮蔽物","無號誌","中央分向島","未繪設快慢車道分隔線","有",24,"不明",121.116558,25.050626,"桃園市","觀音區"
"同向擦撞","2023",7,5,14,"晴","有照明未開啟或故障",50,"直路","一般車道(未劃分快慢車道)","柏油","乾燥","無遮蔽物","無號誌","中央分向島","未繪設快慢車道分隔線","有",55,"不明",121.116558,25.050626,"桃園市","觀音區"
"同向擦撞","2023",7,5,14,"晴","有照明未開啟或故障",50,"直路","一般車道(未劃分快慢車道)","柏油","乾燥","無遮蔽物","無號誌","中央分向島","未繪設快慢車道分隔線","有",47,"不明",121.116558,25.050626,"桃園市","觀音區"
"側撞","2023",7,5,15,"晴","有照明未開啟或故障",30,"三岔路","交叉路口內","柏油","乾燥","無遮蔽物","正常","雙向禁止超車線","未繪設快慢車道分隔線","無",81,"未使用",120.421684,22.577942,"高雄市","大寮區"
"側撞","2023",7,5,15,"晴","有照明未開啟或故障",30,"三岔路","交叉路口內","柏油","乾燥","無遮蔽物","正常","雙向禁止超車線","未繪設快慢車道分隔線","無",39,"未使用",120.421684,22.577942,"高雄市","大寮區"
"撞號誌、標誌桿","2023",7,5,17,"晴","有照明未開啟或故障",60,"直路","路肩、路緣","柏油","乾燥","無遮蔽物","無號誌","雙向禁止超車線","快慢車道分隔線","有",28,"未使用",120.373754,23.078975,"臺南市","左鎮區"
"撞號誌、標誌桿","2023",7,5,17,"晴","有照明未開啟或故障",60,"直路","路肩、路緣","柏油","乾燥","無遮蔽物","無號誌","雙向禁止超車線","快慢車道分隔線","有",14,"非駕駛人",120.373754,23.078975,"臺南市","左鎮區"
"路口交岔撞","2023",7,5,18,"晴","有照明未開啟或故障",60,"四岔路","交叉路口內","柏油","乾燥","無遮蔽物","正常","無","未繪設快慢車道分隔線","無",20,"未使用",120.234433,22.99679,"臺南市","東區"
"路口交岔撞","2023",7,5,18,"晴","有照明未開啟或故障",60,"四岔路","交叉路口內","柏油","乾燥","無遮蔽物","正常","無","未繪設快慢車道分隔線","無",28,"未使用",120.234433,22.99679,"臺南市","東區"
"路口交岔撞","2023",7,5,18,"晴","有照明未開啟或故障",60,"四岔路","交叉路口內","柏油","乾燥","無遮蔽物","正常","無","未繪設快慢車道分隔線","無",19,"非駕駛人",120.234433,22.99679,"臺南市","東區"
"路口交岔撞","2023",7,5,18,"晴","有照明未開啟或故障",60,"四岔路","交叉路口內","柏油","乾燥","無遮蔽物","正常","無","未繪設快慢車道分隔線","無",21,"非駕駛人",120.234433,22.99679,"臺南市","東區"
"路口交岔撞","2023",7,6,2,"晴","有照明且開啟",50,"四岔路","交叉路口內","柏油","乾燥","無遮蔽物","正常","雙向禁止超車線","寬式快慢車道分隔島(50公分以上)","有",23,"不明",121.496319,25.00367,"新北市","中和區"
"路口交岔撞","2023",7,6,2,"晴","有照明且開啟",50,"四岔路","交叉路口內","柏油","乾燥","無遮蔽物","正常","雙向禁止超車線","寬式快慢車道分隔島(50公分以上)","有",38,"不明",121.496319,25.00367,"新北市","中和區"
"對向擦撞","2023",7,6,13,"晴","有照明未開啟或故障",30,"坡路","一般車道(未劃分快慢車道)","柏油","乾燥","無遮蔽物","無號誌","無","未繪設快慢車道分隔線","有",65,"不明",120.677774,23.853505,"南投縣","名間鄉"
"對向擦撞","2023",7,6,13,"晴","有照明未開啟或故障",30,"坡路","一般車道(未劃分快慢車道)","柏油","乾燥","無遮蔽物","無號誌","無","未繪設快慢車道分隔線","有",45,"未使用",120.677774,23.853505,"南投縣","名間鄉"
"路口交岔撞","2023",7,6,16,"晴","無照明",40,"四岔路","交叉路口內","柏油","乾燥","無遮蔽物","無號誌","無","未繪設快慢車道分隔線","有",31,"未使用",120.667852,24.424136,"苗栗縣","苑裡鎮"
"路口交岔撞","2023",7,6,16,"晴","無照明",40,"四岔路","交叉路口內","柏油","乾燥","無遮蔽物","無號誌","無","未繪設快慢車道分隔線","有",65,"未使用",120.667852,24.424136,"苗栗縣","苑裡鎮"
"路口交岔撞","2023",7,6,16,"晴","無照明",40,"四岔路","交叉路口內","柏油","乾燥","無遮蔽物","無號誌","無","未繪設快慢車道分隔線","有",88,"非駕駛人",120.667852,24.424136,"苗栗縣","苑裡鎮"
"追撞","2023",7,7,8,"晴","無照明",60,"直路","快車道","柏油","乾燥","無遮蔽物","無號誌","雙向禁止超車線","快慢車道分隔線","有",54,"未使用",120.709121,23.832809,"南投縣","名間鄉"
"追撞","2023",7,7,8,"晴","無照明",60,"直路","快車道","柏油","乾燥","無遮蔽物","無號誌","雙向禁止超車線","快慢車道分隔線","有",44,"未使用",120.709121,23.832809,"南投縣","名間鄉"
"追撞","2023",7,7,8,"晴","無照明",60,"直路","快車道","柏油","乾燥","無遮蔽物","無號誌","雙向禁止超車線","快慢車道分隔線","有",29,"未使用",120.709121,23.832809,"南投縣","名間鄉"
"追撞","2023",7,7,8,"晴","無照明",60,"直路","快車道","柏油","乾燥","無遮蔽物","無號誌","雙向禁止超車線","快慢車道分隔線","有",51,"未使用",120.709121,23.832809,"南投縣","名間鄉"
"追撞","2023",7,7,8,"晴","無照明",60,"直路","快車道","柏油","乾燥","無遮蔽物","無號誌","雙向禁止超車線","快慢車道分隔線","有",45,"非駕駛人",120.709121,23.832809,"南投縣","名間鄉"
"追撞","2023",7,7,8,"晴","無照明",60,"直路","快車道","柏油","乾燥","無遮蔽物","無號誌","雙向禁止超車線","快慢車道分隔線","有",12,"非駕駛人",120.709121,23.832809,"南投縣","名間鄉"
"追撞","2023",7,7,8,"晴","無照明",60,"直路","快車道","柏油","乾燥","無遮蔽物","無號誌","雙向禁止超車線","快慢車道分隔線","有",15,"非駕駛人",120.709121,23.832809,"南投縣","名間鄉"
"路口交岔撞","2023",7,7,16,"晴","無照明",50,"四岔路","交叉路口內","柏油","乾燥","無遮蔽物","無號誌","雙向禁止超車線","未繪設快慢車道分隔線","有",75,"未使用",120.555249,22.432595,"屏東縣","佳冬鄉"
"路口交岔撞","2023",7,7,16,"晴","無照明",50,"四岔路","交叉路口內","柏油","乾燥","無遮蔽物","無號誌","雙向禁止超車線","未繪設快慢車道分隔線","有",41,"未使用",120.555249,22.432595,"屏東縣","佳冬鄉"
"同向擦撞","2023",7,7,17,"晴","無照明",50,"直路","一般車道(未劃分快慢車道)","柏油","乾燥","無遮蔽物","無號誌","中央分向島","未繪設快慢車道分隔線","有",60,"未使用",120.204485,22.981483,"臺南市","西區"
"同向擦撞","2023",7,7,17,"晴","無照明",50,"直路","一般車道(未劃分快慢車道)","柏油","乾燥","無遮蔽物","無號誌","中央分向島","未繪設快慢車道分隔線","有",34,"未使用",120.204485,22.981483,"臺南市","西區"
"撞護欄(樁)","2023",7,8,2,"晴","有照明且開啟",50,"彎曲路及附近","路肩、路緣","柏油","乾燥","無遮蔽物","無號誌","中央分向島","未繪設快慢車道分隔線","有",18,"未使用",120.46334,22.473134,"屏東縣","東港鎮"
"撞護欄(樁)","2023",7,8,2,"晴","有照明且開啟",50,"彎曲路及附近","路肩、路緣","柏油","乾燥","無遮蔽物","無號誌","中央分向島","未繪設快慢車道分隔線","有",18,"非駕駛人",120.46334,22.473134,"屏東縣","東港鎮"
"撞護欄(樁)","2023",7,8,2,"晴","有照明且開啟",50,"彎曲路及附近","路肩、路緣","柏油","乾燥","無遮蔽物","無號誌","中央分向島","未繪設快慢車道分隔線","有",18,"非駕駛人",120.46334,22.473134,"屏東縣","東港鎮"
"撞護欄(樁)","2023",7,8,5,"晴","有照明未開啟或故障",50,"直路","快車道","柏油","乾燥","無遮蔽物","無號誌","行車分向線","快慢車道分隔線","有",17,"不明",120.488288,22.907136,"高雄市","旗山區"
"撞護欄(樁)","2023",7,8,5,"晴","有照明未開啟或故障",50,"直路","快車道","柏油","乾燥","無遮蔽物","無號誌","行車分向線","快慢車道分隔線","有",112,"",120.488288,22.907136,"高雄市","旗山區"
"側撞","2023",7,8,15,"晴","無照明",60,"四岔路","交叉路口內","柏油","乾燥","無遮蔽物","正常","無","未繪設快慢車道分隔線","無",58,"未使用",120.191385,23.06826,"臺南市","南區"
"側撞","2023",7,8,15,"晴","無照明",60,"四岔路","交叉路口內","柏油","乾燥","無遮蔽物","正常","無","未繪設快慢車道分隔線","無",20,"不明",120.191385,23.06826,"臺南市","南區"
"撞電桿","2023",7,9,10,"晴","無照明",60,"彎曲路及附近","一般車道(未劃分快慢車道)","柏油","乾燥","無遮蔽物","無號誌","雙向禁止超車線","未繪設快慢車道分隔線","有",24,"未使用",120.91367,24.525679,"苗栗縣","獅潭鄉"
"撞電桿","2023",7,9,10,"晴","無照明",60,"彎曲路及附近","一般車道(未劃分快慢車道)","柏油","乾燥","無遮蔽物","無號誌","雙向禁止超車線","未繪設快慢車道分隔線","有",24,"未使用",120.91367,24.525679,"苗栗縣","獅潭鄉"
"側撞","2023",7,9,18,"晴","有照明未開啟或故障",50,"三岔路","一般車道(未劃分快慢車道)","柏油","乾燥","無遮蔽物","正常","雙向禁止超車線","未繪設快慢車道分隔線","有",80,"未使用",120.68915,23.980253,"南投縣","草屯鎮"
"側撞","2023",7,9,18,"晴","有照明未開啟或故障",50,"三岔路","一般車道(未劃分快慢車道)","柏油","乾燥","無遮蔽物","正常","雙向禁止超車線","未繪設快慢車道分隔線","有",36,"未使用",120.68915,23.980253,"南投縣","草屯鎮"
"側撞","2023",7,9,19,"晴","無照明",70,"四岔路","交叉路口內","柏油","乾燥","無遮蔽物","正常","無","未繪設快慢車道分隔線","無",67,"未使用",120.334549,23.475065,"嘉義縣","太保市"
"側撞","2023",7,9,19,"晴","無照明",70,"四岔路","交叉路口內","柏油","乾燥","無遮蔽物","正常","無","未繪設快慢車道分隔線","無",21,"未使用",120.334549,23.475065,"嘉義縣","太保市"
"路口交岔撞","2023",7,10,6,"晴","無照明",30,"四岔路","交叉路口內","柏油","乾燥","無遮蔽物","無號誌","無","未繪設快慢車道分隔線","無",53,"不明",120.248685,23.697758,"雲林縣","東勢鄉"
"路口交岔撞","2023",7,10,6,"晴","無照明",30,"四岔路","交叉路口內","柏油","乾燥","無遮蔽物","無號誌","無","未繪設快慢車道分隔線","無",45,"不明",120.248685,23.697758,"雲林縣","東勢鄉"
"穿越道路中","2023",7,10,7,"晴","無照明",50,"四岔路","交叉路口內","柏油","乾燥","無遮蔽物","無號誌","無","未繪設快慢車道分隔線","無",43,"非駕駛人",121.156236,25.015788,"桃園市","觀音區"
"穿越道路中","2023",7,10,7,"晴","無照明",50,"四岔路","交叉路口內","柏油","乾燥","無遮蔽物","無號誌","無","未繪設快慢車道分隔線","無",57,"未使用",121.156236,25.015788,"桃園市","觀音區"
"穿越道路中","2023",7,10,7,"晴","無照明",50,"四岔路","交叉路口內","柏油","乾燥","無遮蔽物","無號誌","無","未繪設快慢車道分隔線","無",52,"不明",121.156236,25.015788,"桃園市","觀音區"
"同向通行中","2023",7,10,17,"晴","有照明且開啟",40,"直路","一般車道(未劃分快慢車道)","柏油","乾燥","無遮蔽物","無號誌","行車分向線","未繪設快慢車道分隔線","有",44,"未使用",120.589341,23.983987,"彰化縣","花壇鄉"
"同向通行中","2023",7,10,17,"晴","有照明且開啟",40,"直路","一般車道(未劃分快慢車道)","柏油","乾燥","無遮蔽物","無號誌","行車分向線","未繪設快慢車道分隔線","有",67,"非駕駛人",120.589341,23.983987,"彰化縣","花壇鄉"
"穿越道路中","2023",7,10,20,"晴","有照明且開啟",50,"三岔路","交叉口附近","柏油","乾燥","無遮蔽物","無號誌","行車分向線","未繪設快慢車道分隔線","無",70,"未使用",120.608303,24.13854,"臺中市","南屯區"