"事故類型及型態子類別名稱","發生年度","發生月份","發生日期","發生時間","天候名稱","光線名稱","速限.第1當事者","道路型態子類別名稱","事故位置子類別名稱","路面狀況.路面鋪裝名稱","路面狀況.路面狀態名稱","道路障礙.視距品質名稱","號誌.號誌動作名稱","車道劃分設施.分向設施大類別名稱","車道劃分設施.分道設施.快慢車道間名稱","車道劃分設施.分道設施.路面邊線名稱","當事者事故發生時年齡","行動電話或電腦或其他相類功能裝置名稱","經度","緯度","縣市","鄉鎮"
"穿越道路中","2023",7,10,20,"晴","有照明且開啟",50,"三岔路","交叉口附近","柏油","乾燥","無遮蔽物","無號誌","行車分向線","未繪設快慢車道分隔線","無",76,"非駕駛人",120.608303,24.13854,"臺中市","南屯區"
"撞電桿","2023",7,11,8,"晴","無照明",30,"彎曲路及附近","一般車道(未劃分快慢車道)","柏油","乾燥","無遮蔽物","無號誌","無","未繪設快慢車道分隔線","有",72,"未使用",120.738382,24.168163,"臺中市","北屯區"
"撞電桿","2023",7,11,8,"晴","無照明",30,"彎曲路及附近","一般車道(未劃分快慢車道)","柏油","乾燥","無遮蔽物","無號誌","無","未繪設快慢車道分隔線","有",70,"非駕駛人",120.738382,24.168163,"臺中市","北屯區"
"路口交岔撞","2023",7,11,8,"晴","有照明未開啟或故障",30,"四岔路","交叉路口內","柏油","乾燥","無遮蔽物","無號誌","無","未繪設快慢車道分隔線","無",80,"未使用",121.575429,23.982419,"花蓮縣","吉安鄉"
"路口交岔撞","2023",7,11,8,"晴","有照明未開啟或故障",30,"四岔路","交叉路口內","柏油","乾燥","無遮蔽物","無號誌","無","未繪設快慢車道分隔線","無",28,"未使用",121.575429,23.982419,"花蓮縣","吉安鄉"
"路口交岔撞","2023",7,11,8,"晴","有照明未開啟或故障",30,"四岔路","交叉路口內","柏油","乾燥","無遮蔽物","無號誌","無","未繪設快慢車道分隔線","無",22,"非駕駛人",121.575429,23.982419,"花蓮縣","吉安鄉"
"路口交岔撞","2023",7,11,10,"晴","無照明",30,"四岔路","交叉路口內","柏油","乾燥","無遮蔽物","無號誌","無","未繪設快慢車道分隔線","無",53,"未使用",120.220412,23.344304,"嘉義縣","義竹鄉"
"路口交岔撞","2023",7,11,10,"晴","無照明",30,"四岔路","交叉路口內","柏油","乾燥","無遮蔽物","無號誌","無","未繪設快慢車道分隔線","無",73,"未使用",120.220412,23.344304,"嘉義縣","義竹鄉"
"路口交岔撞","2023",7,11,10,"晴","無照明",30,"四岔路","交叉路口內","柏油","乾燥","無遮蔽物","無號誌","無","未繪設快慢車道分隔線","無",72,"非駕駛人",120.220412,23.344304,"嘉義縣","義竹鄉"
"側撞","2023",7,11,16,"陰","有照明未開啟或故障",50,"四岔路","交叉路口內","柏油","濕潤","無遮蔽物","正常","行車分向線","未繪設快慢車道分隔線","有",59,"未使用",121.427698,25.025478,"新北市","新莊區"
"側撞","2023",7,11,16,"陰","有照明未開啟或故障",50,"四岔路","交叉路口內","柏油","濕潤","無遮蔽物","正常","行車分向線","未繪設快慢車道分隔線","有",67,"未使用",121.427698,25.025478,"新北市","新莊區"
"路口交岔撞","2023",7,11,16,"晴","無照明",50,"四岔路","交叉路口內","柏油","乾燥","無遮蔽物","正常","無","未繪設快慢車道分隔線","無",43,"不明",120.444039,24.06996,"彰化縣","鹿港鎮"
"路口交岔撞","2023",7,11,16,"晴","無照明",50,"四岔路","交叉路口內","柏油","乾燥","無遮蔽物","正常","無","未繪設快慢車道分隔線","無",50,"不明",120.444039,24.06996,"彰化縣","鹿港鎮"
"側撞","2023",7,11,18,"晴","有照明且開啟",60,"三岔路","交叉口附近","柏油","乾燥","無遮蔽物","無號誌","無","未繪設快慢車道分隔線","無",52,"未使用",120.365077,22.645444,"高雄市","鳥松區"
"側撞","2023",7,11,18,"晴","有照明且開啟",60,"三岔路","交叉口附近","柏油","乾燥","無遮蔽物","無號誌","無","未繪設快慢車道分隔線","無",51,"未使用",120.365077,22.645444,"高雄市","鳥松區"
"側撞","2023",7,11,21,"晴","有照明且開啟",50,"四岔路","交叉路口內","柏油","乾燥","無遮蔽物","正常","雙向禁止超車線","快慢車道分隔線","無",28,"未使用",120.298,22.57368,"高雄市","旗津區"
"側撞","2023",7,11,21,"晴","有照明且開啟",50,"四岔路","交叉路口內","柏油","乾燥","無遮蔽物","正常","雙向禁止超車線","快慢車道分隔線","無",18,"不明",120.298,22.57368,"高雄市","旗津區"
"路上翻車、摔倒","2023",7,12,0,"晴","有照明且開啟",40,"坡路","一般車道(未劃分快慢車道)","柏油","乾燥","無遮蔽物","無號誌","無","未繪設快慢車道分隔線","有",65,"未使用",120.677754,24.039523,"臺中市","霧峰區"
"同向擦撞","2023",7,12,8,"晴","無照明",50,"直路","路肩、路緣","柏油","乾燥","無遮蔽物","無號誌","中央分向島","未繪設快慢車道分隔線","有",21,"未使用",121.213776,24.92962,"桃園市","平鎮區"
"同向擦撞","2023",7,12,8,"晴","無照明",50,"直路","路肩、路緣","柏油","乾燥","無遮蔽物","無號誌","中央分向島","未繪設快慢車道分隔線","有",69,"未使用",121.213776,24.92962,"桃園市","平鎮區"
"同向擦撞","2023",7,12,8,"晴","無照明",50,"直路","路肩、路緣","柏油","乾燥","無遮蔽物","無號誌","中央分向島","未繪設快慢車道分隔線","有",55,"未使用",121.213776,24.92962,"桃園市","平鎮區"
"同向擦撞","2023",7,12,8,"晴","無照明",50,"直路","路肩、路緣","柏油","乾燥","無遮蔽物","無號誌","中央分向島","未繪設快慢車道分隔線","有",58,"未使用",121.213776,24.92962,"桃園市","平鎮區"
"同向擦撞","2023",7,12,8,"晴","無照明",50,"直路","路肩、路緣","柏油","乾燥","無遮蔽物","無號誌","中央分向島","未繪設快慢車道分隔線","有",72,"未使用",121.213776,24.92962,"桃園市","平鎮區"
"穿越道路中","2023",7,12,10,"晴","無照明",30,"四岔路","行人穿越道","柏油","乾燥","無遮蔽物","正常","行車分向線","未繪設快慢車道分隔線","有",65,"不明",121.54751,25.01505,"臺北市","大安區"
"穿越道路中","2023",7,12,10,"晴","無照明",30,"四岔路","行人穿越道","柏油","乾燥","無遮蔽物","正常","行車分向線","未繪設快慢車道分隔線","有",54,"非駕駛人",121.54751,25.01505,"臺北市","大安區"
"撞電桿","2023",7,12,13,"晴","有照明且開啟",50,"彎曲路及附近","路肩、路緣","柏油","乾燥","無遮蔽物","無號誌","雙向禁止超車線","未繪設快慢車道分隔線","有",68,"不明",120.961108,24.730325,"新竹縣","寶山鄉"
"撞護欄(樁)","2023",7,12,18,"晴","有照明且開啟",50,"直路","機車專用道","柏油","乾燥","無遮蔽物","無號誌","中央分向島","未繪設快慢車道分隔線","有",40,"未使用",121.481682,25.221923,"新北市","淡水區"
"撞護欄(樁)","2023",7,12,18,"晴","有照明且開啟",50,"直路","機車專用道","柏油","乾燥","無遮蔽物","無號誌","中央分向島","未繪設快慢車道分隔線","有",112,"",121.481682,25.221923,"新北市","淡水區"
"穿越道路中","2023",7,13,6,"晴","有照明未開啟或故障",50,"直路","一般車道(未劃分快慢車道)","柏油","乾燥","無遮蔽物","無號誌","行車分向線","快慢車道分隔線","有",86,"非駕駛人",121.106383,24.847201,"新竹縣","新埔鎮"
"穿越道路中","2023",7,13,6,"晴","有照明未開啟或故障",50,"直路","一般車道(未劃分快慢車道)","柏油","乾燥","無遮蔽物","無號誌","行車分向線","快慢車道分隔線","有",66,"未使用",121.106383,24.847201,"新竹縣","新埔鎮"
"側撞","2023",7,13,6,"晴","無照明",50,"三岔路","交叉路口內","柏油","乾燥","無遮蔽物","正常","無","未繪設快慢車道分隔線","無",45,"不明",120.423338,22.550046,"高雄市","大寮區"
"側撞","2023",7,13,6,"晴","無照明",50,"三岔路","交叉路口內","柏油","乾燥","無遮蔽物","正常","無","未繪設快慢車道分隔線","無",40,"不明",120.423338,22.550046,"高雄市","大寮區"
"追撞","2023",7,13,11,"晴","有照明未開啟或故障",50,"直路","一般車道(未劃分快慢車道)","柏油","乾燥","無遮蔽物","無號誌","雙向禁止超車線","未繪設快慢車道分隔線","有",65,"未使用",120.212833,23.000427,"臺南市","北區"
"追撞","2023",7,13,11,"晴","有照明未開啟或故障",50,"直路","一般車道(未劃分快慢車道)","柏油","乾燥","無遮蔽物","無號誌","雙向禁止超車線","未繪設快慢車道分隔線","有",33,"未使用",120.212833,23.000427,"臺南市","北區"
"追撞","2023",7,14,3,"晴","有照明且開啟",40,"直路","一般車道(未劃分快慢車道)","柏油","乾燥","無遮蔽物","無號誌","雙向禁止超車線","未繪設快慢車道分隔線","有",26,"不明",120.694735,24.10829,"臺中市","大里區"
"追撞","2023",7,14,3,"晴","有照明且開啟",40,"直路","一般車道(未劃分快慢車道)","柏油","乾燥","無遮蔽物","無號誌","雙向禁止超車線","未繪設快慢車道分隔線","有",50,"未使用",120.694735,24.10829,"臺中市","大里區"
"其他","2023",7,14,8,"晴","無照明",60,"三岔路","交叉路口內","柏油","乾燥","無遮蔽物","正常","無","未繪設快慢車道分隔線","無",43,"不明",120.676462,23.917878,"南投縣","南投市"
"其他","2023",7,14,8,"晴","無照明",60,"三岔路","交叉路口內","柏油","乾燥","無遮蔽物","正常","無","未繪設快慢車道分隔線","無",68,"不明",120.676462,23.917878,"南投縣","南投市"
"追撞","2023",7,14,17,"晴","無照明",50,"直路","一般車道(未劃分快慢車道)","柏油","乾燥","無遮蔽物","無號誌","行車分向線","未繪設快慢車道分隔線","有",19,"不明",120.56574,23.700528,"雲林縣","斗六市"
"追撞","2023",7,14,17,"晴","無照明",50,"直路","一般車道(未劃分快慢車道)","柏油","乾燥","無遮蔽物","無號誌","行車分向線","未繪設快慢車道分隔線","有",60,"不明",120.56574,23.700528,"雲林縣","斗六市"
"穿越道路中","2023",7,15,6,"晴","有照明未開啟或故障",40,"四岔路","交叉路口內","柏油","乾燥","無遮蔽物","正常","無","未繪設快慢車道分隔線","無",24,"未使用",121.303826,24.962069,"桃園市","八德區"
"穿越道路中","2023",7,15,6,"晴","有照明未開啟或故障",40,"四岔路","交叉路口內","柏油","乾燥","無遮蔽物","正常","無","未繪設快慢車道分隔線","無",81,"非駕駛人",121.303826,24.962069,"桃園市","八德區"
"撞護欄(樁)","2023",7,15,6,"晴","有照明且開啟",40,"橋樑","快車道","柏油","乾燥","無遮蔽物","無號誌","中央分向島","寬式快慢車道分隔島(50公分以上)","有",39,"不明",121.498531,25.071757,"新北市","三重區"
"衝出路外","2023",7,15,9,"晴","有照明且開啟",50,"彎曲路及附近","路肩、路緣","柏油","乾燥","無遮蔽物","無號誌","雙向禁止超車線","快慢車道分隔線","有",29,"未使用",121.459172,23.32343,"臺東縣","長濱鄉"
"路上翻車、摔倒","2023",7,15,18,"晴","有照明未開啟或故障",40,"彎曲路及附近","一般車道(未劃分快慢車道)","柏油","乾燥","無遮蔽物","無號誌","雙向禁止超車線","未繪設快慢車道分隔線","有",19,"未使用",120.595124,24.028008,"彰化縣","芬園鄉"
"撞電桿","2023",7,16,0,"雨","有照明且開啟",30,"四岔路","交叉口附近","柏油","濕潤","無遮蔽物","無號誌","無","未繪設快慢車道分隔線","有",62,"未使用",121.10172,22.730898,"臺東縣","臺東市"
"撞電桿","2023",7,16,7,"晴","無照明",50,"彎曲路及附近","一般車道(未劃分快慢車道)","柏油","乾燥","無遮蔽物","無號誌","行車分向線","未繪設快慢車道分隔線","有",52,"不明",120.523673,22.594828,"屏東縣","竹田鄉"
"撞路樹","2023",7,16,8,"陰","無照明",40,"直路","慢車道","柏油","乾燥","無遮蔽物","無號誌","中央分向島","寬式快慢車道分隔島(50公分以上)","有",27,"不明",120.354242,23.482777,"嘉義縣","太保市"
"路口交岔撞","2023",7,16,10,"雨","有照明未開啟或故障",30,"四岔路","交叉路口內","柏油","濕潤","無遮蔽物","無號誌","無","未繪設快慢車道分隔線","無",83,"不明",121.088303,22.793139,"臺東縣","卑南鄉"
"路口交岔撞","2023",7,16,10,"雨","有照明未開啟或故障",30,"四岔路","交叉路口內","柏油","濕潤","無遮蔽物","無號誌","無","未繪設快慢車道分隔線","無",26,"未使用",121.088303,22.793139,"臺東縣","卑南鄉"
"撞交通島","2023",7,16,11,"晴","無照明",50,"直路","一般車道(未劃分快慢車道)","柏油","乾燥","無遮蔽物","無號誌","中央分向島","未繪設快慢車道分隔線","有",55,"未使用",121.395376,25.145082,"新北市","八里區"
"撞路樹","2023",7,16,14,"雨","有照明未開啟或故障",70,"直路","一般車道(未劃分快慢車道)","柏油","濕潤","無遮蔽物","無號誌","中央分向島","快慢車道分隔線","有",30,"未使用",120.482451,23.770425,"雲林縣","西螺鎮"
"其他","2023",7,16,16,"晴","有照明且開啟",50,"彎曲路及附近","路肩、路緣","柏油","乾燥","無遮蔽物","無號誌","雙向禁止超車線","快慢車道分隔線","有",76,"未使用",121.195547,22.854892,"臺東縣","東河鄉"
"其他","2023",7,16,16,"晴","有照明且開啟",50,"彎曲路及附近","路肩、路緣","柏油","乾燥","無遮蔽物","無號誌","雙向禁止超車線","快慢車道分隔線","有",92,"非駕駛人",121.195547,22.854892,"臺東縣","東河鄉"
"撞護欄(樁)","2023",7,16,20,"晴","有照明且開啟",50,"直路","一般車道(未劃分快慢車道)","柏油","乾燥","無遮蔽物","無號誌","中央分向島","未繪設快慢車道分隔線","有",33,"未使用",121.008585,24.771437,"新竹市","東區"
"側撞","2023",7,17,5,"晴","有照明未開啟或故障",50,"四岔路","交叉路口內","柏油","乾燥","無遮蔽物","正常","無","未繪設快慢車道分隔線","無",66,"未使用",120.263339,23.464843,"嘉義縣","朴子市"
"側撞","2023",7,17,5,"晴","有照明未開啟或故障",50,"四岔路","交叉路口內","柏油","乾燥","無遮蔽物","正常","無","未繪設快慢車道分隔線","無",52,"未使用",120.263339,23.464843,"嘉義縣","朴子市"
"路口交岔撞","2023",7,17,11,"晴","有照明未開啟或故障",50,"四岔路","交叉路口內","柏油","乾燥","無遮蔽物","正常","無","未繪設快慢車道分隔線","無",66,"未使用",120.415779,23.741018,"雲林縣","虎尾鎮"
"路口交岔撞","2023",7,17,11,"晴","有照明未開啟或故障",50,"四岔路","交叉路口內","柏油","乾燥","無遮蔽物","正常","無","未繪設快慢車道分隔線","無",63,"未使用",120.415779,23.741018,"雲林縣","虎尾鎮"
"其他","2023",7,17,17,"雨","無照明",50,"四岔路","交叉路口內","柏油","濕潤","無遮蔽物","正常","無","未繪設快慢車道分隔線","無",33,"未使用",121.472979,25.046352,"新北市","三重區"
"其他","2023",7,17,17,"雨","無照明",50,"四岔路","交叉路口內","柏油","濕潤","無遮蔽物","正常","無","未繪設快慢車道分隔線","無",66,"未使用",121.472979,25.046352,"新北市","三重區"
"其他","2023",7,17,19,"晴","有照明且開啟",50,"直路","一般車道(未劃分快慢車道)","柏油","乾燥","無遮蔽物","無號誌","雙向禁止超車線","未繪設快慢車道分隔線","無",35,"未使用",120.239721,22.996166,"臺南市","東區"
"其他","2023",7,17,19,"晴","有照明且開啟",50,"直路","一般車道(未劃分快慢車道)","柏油","乾燥","無遮蔽物","無號誌","雙向禁止超車線","未繪設快慢車道分隔線","無",47,"未使用",120.239721,22.996166,"臺南市","東區"
"其他","2023",7,17,19,"晴","有照明且開啟",50,"直路","一般車道(未劃分快慢車道)","柏油","乾燥","無遮蔽物","無號誌","雙向禁止超車線","未繪設快慢車道分隔線","無",60,"未使用",120.239721,22.996166,"臺南市","東區"
"其他","2023",7,17,19,"晴","有照明且開啟",50,"直路","一般車道(未劃分快慢車道)","柏油","乾燥","無遮蔽物","無號誌","雙向禁止超車線","未繪設快慢車道分隔線","無",46,"非駕駛人",120.239721,22.996166,"臺南市","東區"
"撞電桿","2023",7,17,22,"晴","有照明且開啟",60,"直路","路肩、路緣","柏油","乾燥","無遮蔽物","正常","中央分向島","未繪設快慢車道分隔線","有",63,"未使用",121.529539,25.28596,"新北市","三芝區"
"路口交岔撞","2023",7,18,16,"晴","無照明",30,"四岔路","交叉路口內","柏油","乾燥","無遮蔽物","正常","行車分向線","未繪設快慢車道分隔線","無",74,"未使用",120.668838,24.412171,"苗栗縣","苑裡鎮"
"路口交岔撞","2023",7,18,16,"晴","無照明",30,"四岔路","交叉路口內","柏油","乾燥","無遮蔽物","正常","行車分向線","未繪設快慢車道分隔線","無",59,"未使用",120.668838,24.412171,"苗栗縣","苑裡鎮"
"路口交岔撞","2023",7,18,17,"晴","有照明且開啟",50,"四岔路","交叉路口內","柏油","乾燥","無遮蔽物","正常","無","未繪設快慢車道分隔線","無",37,"未使用",121.164341,24.948579,"桃園市","楊梅區"
"路口交岔撞","2023",7,18,17,"晴","有照明且開啟",50,"四岔路","交叉路口內","柏油","乾燥","無遮蔽物","正常","無","未繪設快慢車道分隔線","無",43,"未使用",121.164341,24.948579,"桃園市","楊梅區"
"側撞","2023",7,18,17,"晴","無照明",50,"四岔路","交叉路口內","柏油","乾燥","無遮蔽物","正常","無","未繪設快慢車道分隔線","有",34,"未使用",121.378776,25.084078,"新北市","林口區"
"側撞","2023",7,18,17,"晴","無照明",50,"四岔路","交叉路口內","柏油","乾燥","無遮蔽物","正常","無","未繪設快慢車道分隔線","有",64,"未使用",121.378776,25.084078,"新北市","林口區"
"追撞","2023",7,19,6,"晴","有照明未開啟或故障",50,"直路","路肩、路緣","柏油","乾燥","無遮蔽物","無號誌","行車分向線","未繪設快慢車道分隔線","有",72,"未使用",121.141434,24.902279,"桃園市","楊梅區"
"追撞","2023",7,19,6,"晴","有照明未開啟或故障",50,"直路","路肩、路緣","柏油","乾燥","無遮蔽物","無號誌","行車分向線","未繪設快慢車道分隔線","有",40,"未使用",121.141434,24.902279,"桃園市","楊梅區"
"追撞","2023",7,19,6,"晴","有照明未開啟或故障",50,"直路","路肩、路緣","柏油","乾燥","無遮蔽物","無號誌","行車分向線","未繪設快慢車道分隔線","有",54,"未使用",121.141434,24.902279,"桃園市","楊梅區"
"同向擦撞","2023",7,19,10,"晴","無照明",40,"直路","一般車道(未劃分快慢車道)","柏油","乾燥","無遮蔽物","無號誌","行車分向線","未繪設快慢車道分隔線","有",18,"不明",120.943999,24.805056,"新竹市","北區"
"同向擦撞","2023",7,19,10,"晴","無照明",40,"直路","一般車道(未劃分快慢車道)","柏油","乾燥","無遮蔽物","無號誌","行車分向線","未繪設快慢車道分隔線","有",24,"不明",120.943999,24.805056,"新竹市","北區"
"路上翻車、摔倒","2023",7,19,16,"晴","有照明未開啟或故障",50,"彎曲路及附近","路肩、路緣","柏油","乾燥","無遮蔽物","無號誌","雙向禁止超車線","未繪設快慢車道分隔線","有",57,"未使用",121.763275,24.637788,"宜蘭縣","冬山鄉"
"同向通行中","2023",7,21,5,"晴","有照明未開啟或故障",40,"直路","一般車道(未劃分快慢車道)","柏油","乾燥","無遮蔽物","無號誌","行車分向線","未繪設快慢車道分隔線","無",48,"未使用",120.423931,22.721332,"高雄市","大樹區"
"同向通行中","2023",7,21,5,"晴","有照明未開啟或故障",40,"直路","一般車道(未劃分快慢車道)","柏油","乾燥","無遮蔽物","無號誌","行車分向線","未繪設快慢車道分隔線","無",68,"非駕駛人",120.423931,22.721332,"高雄市","大樹區"
"側撞","2023",7,21,6,"晴","無照明",50,"直路","一般車道(未劃分快慢車道)","柏油","乾燥","無遮蔽物","無號誌","行車分向線","未繪設快慢車道分隔線","無",79,"未使用",120.454456,22.537034,"屏東縣","新園鄉"
"側撞","2023",7,21,6,"晴","無照明",50,"直路","一般車道(未劃分快慢車道)","柏油","乾燥","無遮蔽物","無號誌","行車分向線","未繪設快慢車道分隔線","無",45,"未使用",120.454456,22.537034,"屏東縣","新園鄉"
"同向擦撞","2023",7,21,8,"晴","有照明未開啟或故障",50,"直路","慢車道","柏油","乾燥","無遮蔽物","無號誌","行車分向線","快慢車道分隔線","有",82,"未使用",120.283232,22.59144,"高雄市","旗津區"
"同向擦撞","2023",7,21,8,"晴","有照明未開啟或故障",50,"直路","慢車道","柏油","乾燥","無遮蔽物","無號誌","行車分向線","快慢車道分隔線","有",54,"未使用",120.283232,22.59144,"高雄市","旗津區"
"同向擦撞","2023",7,21,16,"晴","無照明",40,"四岔路","交叉路口內","柏油","乾燥","無遮蔽物","正常","無","快慢車道分隔線","有",80,"未使用",120.562358,22.608997,"屏東縣","內埔鄉"
"同向擦撞","2023",7,21,16,"晴","無照明",40,"四岔路","交叉路口內","柏油","乾燥","無遮蔽物","正常","無","快慢車道分隔線","有",26,"未使用",120.562358,22.608997,"屏東縣","內埔鄉"
"路上翻車、摔倒","2023",7,21,23,"晴","有照明且開啟",50,"直路","一般車道(未劃分快慢車道)","柏油","乾燥","無遮蔽物","無號誌","雙向禁止超車線","未繪設快慢車道分隔線","無",18,"未使用",120.699831,24.13671,"臺中市","東區"
"撞護欄(樁)","2023",7,22,7,"晴","有照明未開啟或故障",50,"直路","一般車道(未劃分快慢車道)","柏油","乾燥","無遮蔽物","無號誌","中央分向島","未繪設快慢車道分隔線","有",34,"不明",120.242452,23.056833,"臺南市","南區"
"側撞","2023",7,22,11,"晴","有照明未開啟或故障",30,"三岔路","交叉路口內","柏油","乾燥","無遮蔽物","無號誌","無","未繪設快慢車道分隔線","無",18,"未使用",119.603521,23.536813,"澎湖縣","馬公市"
"側撞","2023",7,22,11,"晴","有照明未開啟或故障",30,"三岔路","交叉路口內","柏油","乾燥","無遮蔽物","無號誌","無","未繪設快慢車道分隔線","無",21,"不明",119.603521,23.536813,"澎湖縣","馬公市"
"側撞","2023",7,22,11,"晴","有照明未開啟或故障",30,"三岔路","交叉路口內","柏油","乾燥","無遮蔽物","無號誌","無","未繪設快慢車道分隔線","無",20,"非駕駛人",119.603521,23.536813,"澎湖縣","馬公市"
"側撞","2023",7,22,11,"晴","有照明未開啟或故障",30,"三岔路","交叉路口內","柏油","乾燥","無遮蔽物","無號誌","無","未繪設快慢車道分隔線","無",19,"非駕駛人",119.603521,23.536813,"澎湖縣","馬公市"
"側撞","2023",7,22,11,"晴","有照明未開啟或故障",30,"三岔路","交叉路口內","柏油","乾燥","無遮蔽物","無號誌","無","未繪設快慢車道分隔線","無",21,"非駕駛人",119.603521,23.536813,"澎湖縣","馬公市"
"側撞","2023",7,22,21,"晴","有照明且開啟",50,"多岔路","交叉路口內","柏油","乾燥","無遮蔽物","正常","無","未繪設快慢車道分隔線","無",60,"未使用",121.213747,24.867983,"桃園市","龍潭區"
"側撞","2023",7,22,21,"晴","有照明且開啟",50,"多岔路","交叉路口內","柏油","乾燥","無遮蔽物","正常","無","未繪設快慢車道分隔線","無",56,"未使用",121.213747,24.867983,"桃園市","龍潭區"
"撞動物","2023",7,22,23,"晴","有照明且開啟",70,"直路","一般車道(未劃分快慢車道)","柏油","乾燥","無遮蔽物","無號誌","中央分向島","未繪設快慢車道分隔線","有",38,"不明",120.342993,23.957617,"彰化縣","芳苑鄉"
"其他","2023",7,23,4,"雨","有照明且開啟",50,"直路","快車道","柏油","濕潤","無遮蔽物","無號誌","中央分向島","未繪設快慢車道分隔線","有",38,"未使用",120.647875,24.220442,"臺中市","大雅區"
"其他","2023",7,23,4,"雨","有照明且開啟",50,"直路","快車道","柏油","濕潤","無遮蔽物","無號誌","中央分向島","未繪設快慢車道分隔線","有",63,"非駕駛人",120.647875,24.220442,"臺中市","大雅區"
"路口交岔撞","2023",7,23,9,"晴","無照明",30,"四岔路","交叉路口內","柏油","乾燥","無遮蔽物","無號誌","無","未繪設快慢車道分隔線","無",68,"未使用",120.344537,23.747516,"雲林縣","崙背鄉"
"路口交岔撞","2023",7,23,9,"晴","無照明",30,"四岔路","交叉路口內","柏油","乾燥","無遮蔽物","無號誌","無","未繪設快慢車道分隔線","無",44,"不明",120.344537,23.747516,"雲林縣","崙背鄉"
"對向擦撞","2023",7,23,16,"晴","有照明且開啟",50,"彎曲路及附近","一般車道(未劃分快慢車道)","柏油","乾燥","無遮蔽物","無號誌","行車分向線","未繪設快慢車道分隔線","有",31,"未使用",121.394183,25.114119,"新北市","八里區"
"對向擦撞","2023",7,23,16,"晴","有照明且開啟",50,"彎曲路及附近","一般車道(未劃分快慢車道)","柏油","乾燥","無遮蔽物","無號誌","行車分向線","未繪設快慢車道分隔線","有",19,"未使用",121.394183,25.114119,"新北市","八里區"
"對向擦撞","2023",7,23,16,"晴","有照明且開啟",50,"彎曲路及附近","一般車道(未劃分快慢車道)","柏油","乾燥","無遮蔽物","無號誌","行車分向線","未繪設快慢車道分隔線","有",38,"未使用",121.394183,25.114119,"新北市","八里區"
"衝出路外","2023",7,23,16,"晴","有照明未開啟或故障",30,"直路","一般車道(未劃分快慢車道)","柏油","乾燥","無遮蔽物","無號誌","無","未繪設快慢車道分隔線","有",62,"未使用",121.813555,24.751792,"宜蘭縣","壯圍鄉"
"同向擦撞","2023",7,23,22,"晴","有照明且開啟",50,"三岔路","交叉路口內","柏油","乾燥","無遮蔽物","正常","行車分向線","未繪設快慢車道分隔線","無",25,"未使用",121.618188,23.996126,"花蓮縣","花蓮市"
"同向擦撞","2023",7,23,22,"晴","有照明且開啟",50,"三岔路","交叉路口內","柏油","乾燥","無遮蔽物","正常","行車分向線","未繪設快慢車道分隔線","無",18,"未使用",121.618188,23.996126,"花蓮縣","花蓮市"
"撞建築物","2023",7,24,6,"晴","無照明",50,"直路","一般車道(未劃分快慢車道)","柏油","乾燥","無遮蔽物","無號誌","雙向禁止超車線","未繪設快慢車道分隔線","無",47,"未使用",120.529586,24.18498,"臺中市","龍井區"
"側撞","2023",7,24,13,"晴","無照明",60,"四岔路","交叉路口內","柏油","乾燥","無遮蔽物","正常","無","未繪設快慢車道分隔線","無",39,"未使用",120.262581,23.311146,"臺南市","鹽水區"
"側撞","2023",7,24,13,"晴","無照明",60,"四岔路","交叉路口內","柏油","乾燥","無遮蔽物","正常","無","未繪設快慢車道分隔線","無",60,"未使用",120.262581,23.311146,"臺南市","鹽水區"
"路口交岔撞","2023",7,25,7,"晴","有照明且開啟",30,"四岔路","交叉路口內","柏油","乾燥","無遮蔽物","無號誌","無","未繪設快慢車道分隔線","無",23,"未使用",120.269602,23.040857,"臺南市","永康區"
"路口交岔撞","2023",7,25,7,"晴","有照明且開啟",30,"四岔路","交叉路口內","柏油","乾燥","無遮蔽物","無號誌","無","未繪設快慢車道分隔線","無",60,"未使用",120.269602,23.040857,"臺南市","永康區"
"側撞","2023",7,25,9,"晴","無照明",50,"直路","快車道","柏油","乾燥","無遮蔽物","無號誌","雙向禁止超車線","快慢車道分隔線","有",66,"未使用",120.188856,22.99887,"臺南市","西區"
"側撞","2023",7,25,9,"晴","無照明",50,"直路","快車道","柏油","乾燥","無遮蔽物","無號誌","雙向禁止超車線","快慢車道分隔線","有",62,"未使用",120.188856,22.99887,"臺南市","西區"
"路上翻車、摔倒","2023",7,25,16,"陰","無照明",50,"直路","路肩、路緣","柏油","乾燥","無遮蔽物","無號誌","雙向禁止超車線","快慢車道分隔線","有",26,"不明",121.156104,22.949026,"臺東縣","鹿野鄉"
"路上翻車、摔倒","2023",7,25,16,"陰","無照明",50,"直路","路肩、路緣","柏油","乾燥","無遮蔽物","無號誌","雙向禁止超車線","快慢車道分隔線","有",54,"非駕駛人",121.156104,22.949026,"臺東縣","鹿野鄉"
"路上翻車、摔倒","2023",7,25,16,"陰","無照明",50,"直路","路肩、路緣","柏油","乾燥","無遮蔽物","無號誌","雙向禁止超車線","快慢車道分隔線","有",26,"非駕駛人",121.156104,22.949026,"臺東縣","鹿野鄉"