"事故類型及型態子類別名稱","發生年度","發生月份","發生日期","發生時間","天候名稱","光線名稱","速限.第1當事者","道路型態子類別名稱","事故位置子類別名稱","路面狀況.路面鋪裝名稱","路面狀況.路面狀態名稱","道路障礙.視距品質名稱","號誌.號誌動作名稱","車道劃分設施.分向設施大類別名稱","車道劃分設施.分道設施.快慢車道間名稱","車道劃分設施.分道設施.路面邊線名稱","當事者事故發生時年齡","行動電話或電腦或其他相類功能裝置名稱","經度","緯度","縣市","鄉鎮"
"撞號誌、標誌桿","2023",7,25,22,"雨","有照明且開啟",60,"直路","交通島(含槽化線)","柏油","濕潤","無遮蔽物","無號誌","中央分向島","快慢車道分隔線","有",18,"未使用",121.381109,23.559393,"花蓮縣","瑞穗鄉"
"路口交岔撞","2023",7,26,1,"晴","有照明且開啟",50,"四岔路","交叉路口內","柏油","乾燥","無遮蔽物","無號誌","無","未繪設快慢車道分隔線","無",14,"不明",120.676073,24.127149,"臺中市","南區"
"路口交岔撞","2023",7,26,1,"晴","有照明且開啟",50,"四岔路","交叉路口內","柏油","乾燥","無遮蔽物","無號誌","無","未繪設快慢車道分隔線","無",37,"不明",120.676073,24.127149,"臺中市","南區"
"路口交岔撞","2023",7,26,1,"晴","有照明且開啟",50,"四岔路","交叉路口內","柏油","乾燥","無遮蔽物","無號誌","無","未繪設快慢車道分隔線","無",14,"非駕駛人",120.676073,24.127149,"臺中市","南區"
"對撞","2023",7,26,4,"晴","無照明",50,"四岔路","交叉路口內","柏油","乾燥","無遮蔽物","無號誌","無","未繪設快慢車道分隔線","無",72,"不明",120.539728,23.857763,"彰化縣","北斗鎮"
"對撞","2023",7,26,4,"晴","無照明",50,"四岔路","交叉路口內","柏油","乾燥","無遮蔽物","無號誌","無","未繪設快慢車道分隔線","無",52,"不明",120.539728,23.857763,"彰化縣","北斗鎮"
"從停車後(或中)穿出","2023",7,26,7,"晴","有照明且開啟",60,"四岔路","交叉路口內","柏油","乾燥","無遮蔽物","正常","雙向禁止超車線","未繪設快慢車道分隔線","有",66,"非駕駛人",120.517968,24.068971,"彰化縣","彰化市"
"從停車後(或中)穿出","2023",7,26,7,"晴","有照明且開啟",60,"四岔路","交叉路口內","柏油","乾燥","無遮蔽物","正常","雙向禁止超車線","未繪設快慢車道分隔線","有",62,"不明",120.517968,24.068971,"彰化縣","彰化市"
"從停車後(或中)穿出","2023",7,26,7,"晴","有照明且開啟",60,"四岔路","交叉路口內","柏油","乾燥","無遮蔽物","正常","雙向禁止超車線","未繪設快慢車道分隔線","有",55,"不明",120.517968,24.068971,"彰化縣","彰化市"
"從停車後(或中)穿出","2023",7,26,7,"晴","有照明且開啟",60,"四岔路","交叉路口內","柏油","乾燥","無遮蔽物","正常","雙向禁止超車線","未繪設快慢車道分隔線","有",66,"不明",120.517968,24.068971,"彰化縣","彰化市"
"側撞","2023",7,26,14,"晴","有照明未開啟或故障",50,"三岔路","交叉路口內","柏油","濕潤","無遮蔽物","正常","無","未繪設快慢車道分隔線","無",27,"未使用",120.321976,23.135441,"臺南市","善化區"
"側撞","2023",7,26,14,"晴","有照明未開啟或故障",50,"三岔路","交叉路口內","柏油","濕潤","無遮蔽物","正常","無","未繪設快慢車道分隔線","無",87,"未使用",120.321976,23.135441,"臺南市","善化區"
"路口交岔撞","2023",7,26,17,"雨","無照明",30,"四岔路","交叉路口內","柏油","濕潤","無遮蔽物","正常","無","未繪設快慢車道分隔線","無",42,"未使用",120.67102,24.042909,"臺中市","霧峰區"
"路口交岔撞","2023",7,26,17,"雨","無照明",30,"四岔路","交叉路口內","柏油","濕潤","無遮蔽物","正常","無","未繪設快慢車道分隔線","無",34,"未使用",120.67102,24.042909,"臺中市","霧峰區"
"追撞","2023",7,26,20,"陰","有照明且開啟",50,"直路","一般車道(未劃分快慢車道)","柏油","乾燥","無遮蔽物","無號誌","行車分向線","未繪設快慢車道分隔線","有",43,"未使用",120.462373,23.510975,"嘉義縣","民雄鄉"
"追撞","2023",7,26,20,"陰","有照明且開啟",50,"直路","一般車道(未劃分快慢車道)","柏油","乾燥","無遮蔽物","無號誌","行車分向線","未繪設快慢車道分隔線","有",76,"未使用",120.462373,23.510975,"嘉義縣","民雄鄉"
"同向擦撞","2023",7,26,20,"雨","有照明且開啟",50,"直路","一般車道(未劃分快慢車道)","柏油","濕潤","無遮蔽物","無號誌","雙向禁止超車線","未繪設快慢車道分隔線","有",46,"未使用",120.398443,22.493761,"高雄市","林園區"
"同向擦撞","2023",7,26,20,"雨","有照明且開啟",50,"直路","一般車道(未劃分快慢車道)","柏油","濕潤","無遮蔽物","無號誌","雙向禁止超車線","未繪設快慢車道分隔線","有",52,"不明",120.398443,22.493761,"高雄市","林園區"
"追撞","2023",7,28,3,"雨","有照明且開啟",70,"四岔路","交叉口附近","柏油","濕潤","無遮蔽物","正常","中央分向島","快慢車道分隔線","有",28,"未使用",120.411756,23.449328,"嘉義縣","水上鄉"
"追撞","2023",7,28,3,"雨","有照明且開啟",70,"四岔路","交叉口附近","柏油","濕潤","無遮蔽物","正常","中央分向島","快慢車道分隔線","有",54,"未使用",120.411756,23.449328,"嘉義縣","水上鄉"
"撞交通島","2023",7,28,6,"雨","有照明且開啟",50,"多岔路","交叉口附近","柏油","濕潤","無遮蔽物","正常","中央分向島","未繪設快慢車道分隔線","無",25,"未使用",120.699447,24.182714,"臺中市","北屯區"
"撞護欄(樁)","2023",7,28,20,"陰","有照明且開啟",50,"彎曲路及附近","直線匝道","柏油","乾燥","無遮蔽物","無號誌","無","未繪設快慢車道分隔線","有",34,"不明",120.669893,24.395491,"苗栗縣","苑裡鎮"
"撞護欄(樁)","2023",7,28,20,"陰","有照明且開啟",50,"彎曲路及附近","直線匝道","柏油","乾燥","無遮蔽物","無號誌","無","未繪設快慢車道分隔線","有",36,"未使用",120.669893,24.395491,"苗栗縣","苑裡鎮"
"撞橋樑(橋墩)","2023",7,28,21,"雨","有照明且開啟",60,"三岔路","交叉路口內","柏油","濕潤","無遮蔽物","無號誌","行車分向線","快慢車道分隔線","有",73,"不明",120.517007,22.960729,"高雄市","旗山區"
"撞橋樑(橋墩)","2023",7,28,21,"雨","有照明且開啟",60,"三岔路","交叉路口內","柏油","濕潤","無遮蔽物","無號誌","行車分向線","快慢車道分隔線","有",112,"",120.517007,22.960729,"高雄市","旗山區"
"追撞","2023",7,29,10,"晴","有照明且開啟",50,"直路","一般車道(未劃分快慢車道)","柏油","乾燥","無遮蔽物","無號誌","雙向禁止超車線","未繪設快慢車道分隔線","無",46,"不明",121.322944,25.004293,"桃園市","桃園區"
"追撞","2023",7,29,10,"晴","有照明且開啟",50,"直路","一般車道(未劃分快慢車道)","柏油","乾燥","無遮蔽物","無號誌","雙向禁止超車線","未繪設快慢車道分隔線","無",68,"未使用",121.322944,25.004293,"桃園市","桃園區"
"其他","2023",7,29,13,"雨","無照明",80,"彎曲路及附近","一般車道(未劃分快慢車道)","柏油","濕潤","無遮蔽物","無號誌","中央分向島","未繪設快慢車道分隔線","有",43,"未使用",120.560114,24.312555,"臺中市","清水區"
"側撞","2023",7,29,14,"晴","無照明",30,"三岔路","交叉路口內","柏油","乾燥","無遮蔽物","無號誌","行車分向線","快慢車道分隔線","無",67,"未使用",120.481433,22.673479,"屏東縣","屏東市"
"側撞","2023",7,29,14,"晴","無照明",30,"三岔路","交叉路口內","柏油","乾燥","無遮蔽物","無號誌","行車分向線","快慢車道分隔線","無",20,"未使用",120.481433,22.673479,"屏東縣","屏東市"
"側撞","2023",7,29,14,"晴","無照明",30,"三岔路","交叉路口內","柏油","乾燥","無遮蔽物","無號誌","行車分向線","快慢車道分隔線","無",74,"不明",120.481433,22.673479,"屏東縣","屏東市"
"穿越道路中","2023",7,29,17,"晴","無照明",30,"直路","一般車道(未劃分快慢車道)","柏油","乾燥","無遮蔽物","無號誌","無","未繪設快慢車道分隔線","有",15,"未使用",121.515067,25.009835,"新北市","永和區"
"穿越道路中","2023",7,29,17,"晴","無照明",30,"直路","一般車道(未劃分快慢車道)","柏油","乾燥","無遮蔽物","無號誌","無","未繪設快慢車道分隔線","有",75,"非駕駛人",121.515067,25.009835,"新北市","永和區"
"穿越道路中","2023",7,29,17,"晴","無照明",30,"直路","一般車道(未劃分快慢車道)","柏油","乾燥","無遮蔽物","無號誌","無","未繪設快慢車道分隔線","有",15,"非駕駛人",121.515067,25.009835,"新北市","永和區"
"追撞","2023",7,30,6,"陰","無照明",50,"三岔路","交叉口附近","柏油","乾燥","無遮蔽物","無號誌","雙向禁止超車線","快慢車道分隔線","有",45,"不明",121.415731,23.646958,"花蓮縣","光復鄉"
"追撞","2023",7,30,6,"陰","無照明",50,"三岔路","交叉口附近","柏油","乾燥","無遮蔽物","無號誌","雙向禁止超車線","快慢車道分隔線","有",70,"未使用",121.415731,23.646958,"花蓮縣","光復鄉"
"側撞","2023",7,30,6,"晴","有照明未開啟或故障",50,"四岔路","交叉路口內","柏油","乾燥","無遮蔽物","正常","中央分向島","快慢車道分隔線","有",25,"未使用",120.594158,22.386875,"屏東縣","枋寮鄉"
"側撞","2023",7,30,6,"晴","有照明未開啟或故障",50,"四岔路","交叉路口內","柏油","乾燥","無遮蔽物","正常","中央分向島","快慢車道分隔線","有",32,"未使用",120.594158,22.386875,"屏東縣","枋寮鄉"
"穿越道路中","2023",7,30,13,"晴","無照明",50,"直路","一般車道(未劃分快慢車道)","柏油","乾燥","無遮蔽物","無號誌","雙向禁止超車線","未繪設快慢車道分隔線","無",87,"非駕駛人",121.747519,25.086461,"基隆市","暖暖區"
"穿越道路中","2023",7,30,13,"晴","無照明",50,"直路","一般車道(未劃分快慢車道)","柏油","乾燥","無遮蔽物","無號誌","雙向禁止超車線","未繪設快慢車道分隔線","無",38,"未使用",121.747519,25.086461,"基隆市","暖暖區"
"對撞","2023",7,30,13,"雨","無照明",40,"彎曲路及附近","一般車道(未劃分快慢車道)","柏油","濕潤","無遮蔽物","無號誌","雙向禁止超車線","未繪設快慢車道分隔線","無",21,"未使用",121.448453,24.92782,"新北市","三峽區"
"對撞","2023",7,30,13,"雨","無照明",40,"彎曲路及附近","一般車道(未劃分快慢車道)","柏油","濕潤","無遮蔽物","無號誌","雙向禁止超車線","未繪設快慢車道分隔線","無",63,"未使用",121.448453,24.92782,"新北市","三峽區"
"路口交岔撞","2023",7,30,16,"雨","無照明",40,"四岔路","交叉路口內","柏油","濕潤","無遮蔽物","無號誌","無","未繪設快慢車道分隔線","無",84,"未使用",120.36007,22.65534,"高雄市","鳥松區"
"路口交岔撞","2023",7,30,16,"雨","無照明",40,"四岔路","交叉路口內","柏油","濕潤","無遮蔽物","無號誌","無","未繪設快慢車道分隔線","無",31,"未使用",120.36007,22.65534,"高雄市","鳥松區"
"側撞","2023",7,30,19,"陰","有照明且開啟",40,"三岔路","交叉路口內","柏油","濕潤","無遮蔽物","正常","無","未繪設快慢車道分隔線","無",39,"未使用",120.516535,23.415785,"嘉義縣","中埔鄉"
"側撞","2023",7,30,19,"陰","有照明且開啟",40,"三岔路","交叉路口內","柏油","濕潤","無遮蔽物","正常","無","未繪設快慢車道分隔線","無",18,"未使用",120.516535,23.415785,"嘉義縣","中埔鄉"
"撞號誌、標誌桿","2023",7,31,6,"晴","有照明未開啟或故障",40,"直路","路肩、路緣","柏油","乾燥","無遮蔽物","無號誌","行車分向線","未繪設快慢車道分隔線","有",54,"未使用",120.862981,24.04738,"南投縣","國姓鄉"
"對撞","2023",7,31,15,"陰","有照明未開啟或故障",50,"橋樑","一般車道(未劃分快慢車道)","柏油","乾燥","無遮蔽物","無號誌","雙向禁止超車線","未繪設快慢車道分隔線","有",29,"未使用",121.498119,23.767407,"花蓮縣","鳳林鎮"
"對撞","2023",7,31,15,"陰","有照明未開啟或故障",50,"橋樑","一般車道(未劃分快慢車道)","柏油","乾燥","無遮蔽物","無號誌","雙向禁止超車線","未繪設快慢車道分隔線","有",46,"未使用",121.498119,23.767407,"花蓮縣","鳳林鎮"
"穿越道路中","2023",7,31,23,"晴","有照明且開啟",50,"直路","快車道","柏油","乾燥","無遮蔽物","正常","中央分向島","快慢車道分隔線","有",56,"非駕駛人",120.518996,22.655464,"屏東縣","麟洛鄉"
"穿越道路中","2023",7,31,23,"晴","有照明且開啟",50,"直路","快車道","柏油","乾燥","無遮蔽物","正常","中央分向島","快慢車道分隔線","有",24,"未使用",120.518996,22.655464,"屏東縣","麟洛鄉"
"穿越道路中","2023",7,31,23,"晴","有照明且開啟",50,"直路","快車道","柏油","乾燥","無遮蔽物","正常","中央分向島","快慢車道分隔線","有",22,"未使用",120.518996,22.655464,"屏東縣","麟洛鄉"
"穿越道路中","2023",7,31,23,"晴","有照明且開啟",50,"直路","快車道","柏油","乾燥","無遮蔽物","正常","中央分向島","快慢車道分隔線","有",45,"未使用",120.518996,22.655464,"屏東縣","麟洛鄉"
"路口交岔撞","2023",8,1,5,"晴","有照明未開啟或故障",50,"四岔路","交叉路口內","柏油","乾燥","無遮蔽物","正常","無","未繪設快慢車道分隔線","無",64,"不明",120.207203,23.124685,"臺南市","西港區"
"路口交岔撞","2023",8,1,5,"晴","有照明未開啟或故障",50,"四岔路","交叉路口內","柏油","乾燥","無遮蔽物","正常","無","未繪設快慢車道分隔線","無",68,"未使用",120.207203,23.124685,"臺南市","西港區"
"路口交岔撞","2023",8,1,10,"晴","有照明未開啟或故障",30,"四岔路","交叉路口內","柏油","乾燥","無遮蔽物","無號誌","無","未繪設快慢車道分隔線","無",73,"未使用",120.247102,23.247689,"臺南市","鹽水區"
"路口交岔撞","2023",8,1,10,"晴","有照明未開啟或故障",30,"四岔路","交叉路口內","柏油","乾燥","無遮蔽物","無號誌","無","未繪設快慢車道分隔線","無",43,"未使用",120.247102,23.247689,"臺南市","鹽水區"
"側撞","2023",8,1,12,"陰","有照明未開啟或故障",50,"四岔路","交叉路口內","柏油","乾燥","無遮蔽物","正常","無","未繪設快慢車道分隔線","無",61,"未使用",121.285016,25.053514,"桃園市","蘆竹區"
"側撞","2023",8,1,12,"陰","有照明未開啟或故障",50,"四岔路","交叉路口內","柏油","乾燥","無遮蔽物","正常","無","未繪設快慢車道分隔線","無",61,"未使用",121.285016,25.053514,"桃園市","蘆竹區"
"追撞","2023",8,1,15,"晴","有照明未開啟或故障",60,"四岔路","交叉路口內","柏油","乾燥","無遮蔽物","正常","中央分向島","未繪設快慢車道分隔線","有",36,"未使用",120.560215,22.691474,"屏東縣","長治鄉"
"追撞","2023",8,1,15,"晴","有照明未開啟或故障",60,"四岔路","交叉路口內","柏油","乾燥","無遮蔽物","正常","中央分向島","未繪設快慢車道分隔線","有",82,"未使用",120.560215,22.691474,"屏東縣","長治鄉"
"側撞","2023",8,1,18,"陰","有照明未開啟或故障",50,"四岔路","交叉路口內","柏油","乾燥","無遮蔽物","正常","無","未繪設快慢車道分隔線","無",41,"未使用",121.235592,24.9343,"桃園市","中壢區"
"側撞","2023",8,1,18,"陰","有照明未開啟或故障",50,"四岔路","交叉路口內","柏油","乾燥","無遮蔽物","正常","無","未繪設快慢車道分隔線","無",34,"未使用",121.235592,24.9343,"桃園市","中壢區"
"追撞","2023",8,1,21,"晴","有照明且開啟",50,"多岔路","交叉路口內","柏油","濕潤","無遮蔽物","正常","無","未繪設快慢車道分隔線","無",70,"未使用",121.725865,25.148771,"基隆市","中山區"
"追撞","2023",8,1,21,"晴","有照明且開啟",50,"多岔路","交叉路口內","柏油","濕潤","無遮蔽物","正常","無","未繪設快慢車道分隔線","無",53,"未使用",121.725865,25.148771,"基隆市","中山區"
"追撞","2023",8,1,21,"晴","有照明且開啟",50,"多岔路","交叉路口內","柏油","濕潤","無遮蔽物","正常","無","未繪設快慢車道分隔線","無",53,"",121.725865,25.148771,"基隆市","中山區"
"撞護欄(樁)","2023",8,2,2,"雨","無照明",100,"直路","快車道","柏油","濕潤","無遮蔽物","無號誌","中央分向島","未繪設快慢車道分隔線","有",25,"不明",121.064183,24.876976,"新竹縣","湖口鄉"
"撞護欄(樁)","2023",8,2,2,"雨","無照明",100,"直路","快車道","柏油","濕潤","無遮蔽物","無號誌","中央分向島","未繪設快慢車道分隔線","有",46,"未使用",121.064183,24.876976,"新竹縣","湖口鄉"
"撞護欄(樁)","2023",8,2,2,"雨","無照明",100,"直路","快車道","柏油","濕潤","無遮蔽物","無號誌","中央分向島","未繪設快慢車道分隔線","有",26,"未使用",121.064183,24.876976,"新竹縣","湖口鄉"
"衝出路外","2023",8,2,21,"晴","有照明且開啟",70,"彎曲路及附近","路肩、路緣","柏油","乾燥","無遮蔽物","無號誌","中央分向島","未繪設快慢車道分隔線","有",43,"不明",120.812724,24.00002,"南投縣","草屯鎮"
"路口交岔撞","2023",8,2,22,"陰","有照明且開啟",50,"四岔路","交叉路口內","柏油","乾燥","無遮蔽物","正常","無","未繪設快慢車道分隔線","無",43,"不明",120.192815,23.484653,"嘉義縣","東石鄉"
"路口交岔撞","2023",8,2,22,"陰","有照明且開啟",50,"四岔路","交叉路口內","柏油","乾燥","無遮蔽物","正常","無","未繪設快慢車道分隔線","無",39,"不明",120.192815,23.484653,"嘉義縣","東石鄉"
"路口交岔撞","2023",8,2,22,"陰","有照明且開啟",50,"四岔路","交叉路口內","柏油","乾燥","無遮蔽物","正常","無","未繪設快慢車道分隔線","無",40,"非駕駛人",120.192815,23.484653,"嘉義縣","東石鄉"
"路口交岔撞","2023",8,3,11,"晴","有照明未開啟或故障",50,"四岔路","交叉路口內","柏油","乾燥","無遮蔽物","無號誌","無","未繪設快慢車道分隔線","無",22,"未使用",121.153131,22.750184,"臺東縣","臺東市"
"路口交岔撞","2023",8,3,11,"晴","有照明未開啟或故障",50,"四岔路","交叉路口內","柏油","乾燥","無遮蔽物","無號誌","無","未繪設快慢車道分隔線","無",69,"未使用",121.153131,22.750184,"臺東縣","臺東市"
"路口交岔撞","2023",8,3,11,"晴","有照明未開啟或故障",50,"四岔路","交叉路口內","柏油","乾燥","無遮蔽物","無號誌","無","未繪設快慢車道分隔線","無",23,"非駕駛人",121.153131,22.750184,"臺東縣","臺東市"
"追撞","2023",8,3,11,"晴","有照明未開啟或故障",30,"直路","一般車道(未劃分快慢車道)","柏油","乾燥","有遮蔽物","無號誌","行車分向線","未繪設快慢車道分隔線","有",27,"不明",120.547449,23.666638,"雲林縣","古坑鄉"
"追撞","2023",8,3,11,"晴","有照明未開啟或故障",30,"直路","一般車道(未劃分快慢車道)","柏油","乾燥","有遮蔽物","無號誌","行車分向線","未繪設快慢車道分隔線","有",69,"未使用",120.547449,23.666638,"雲林縣","古坑鄉"
"追撞","2023",8,3,11,"晴","有照明未開啟或故障",30,"直路","一般車道(未劃分快慢車道)","柏油","乾燥","有遮蔽物","無號誌","行車分向線","未繪設快慢車道分隔線","有",44,"未使用",120.547449,23.666638,"雲林縣","古坑鄉"
"穿越道路中","2023",8,3,19,"陰","有照明且開啟",50,"直路","一般車道(未劃分快慢車道)","柏油","乾燥","無遮蔽物","正常","雙向禁止超車線","快慢車道分隔線","有",54,"非駕駛人",120.509624,24.137216,"彰化縣","和美鎮"
"穿越道路中","2023",8,3,19,"陰","有照明且開啟",50,"直路","一般車道(未劃分快慢車道)","柏油","乾燥","無遮蔽物","正常","雙向禁止超車線","快慢車道分隔線","有",44,"未使用",120.509624,24.137216,"彰化縣","和美鎮"
"同向通行中","2023",8,4,11,"晴","有照明未開啟或故障",30,"四岔路","行人穿越道","柏油","乾燥","無遮蔽物","正常","中央分向島","未繪設快慢車道分隔線","有",44,"不明",120.413509,24.02941,"彰化縣","福興鄉"
"同向通行中","2023",8,4,11,"晴","有照明未開啟或故障",30,"四岔路","行人穿越道","柏油","乾燥","無遮蔽物","正常","中央分向島","未繪設快慢車道分隔線","有",65,"非駕駛人",120.413509,24.02941,"彰化縣","福興鄉"
"其他","2023",8,5,8,"雨","無照明",70,"直路","快車道","柏油","濕潤","無遮蔽物","無號誌","雙向禁止超車線","快慢車道分隔線","有",30,"未使用",121.180574,22.784648,"臺東縣","臺東市"
"其他","2023",8,5,8,"雨","無照明",70,"直路","快車道","柏油","濕潤","無遮蔽物","無號誌","雙向禁止超車線","快慢車道分隔線","有",48,"未使用",121.180574,22.784648,"臺東縣","臺東市"
"其他","2023",8,5,8,"雨","無照明",70,"直路","快車道","柏油","濕潤","無遮蔽物","無號誌","雙向禁止超車線","快慢車道分隔線","有",47,"非駕駛人",121.180574,22.784648,"臺東縣","臺東市"
"其他","2023",8,5,8,"雨","無照明",70,"直路","快車道","柏油","濕潤","無遮蔽物","無號誌","雙向禁止超車線","快慢車道分隔線","有",14,"非駕駛人",121.180574,22.784648,"臺東縣","臺東市"
"其他","2023",8,5,12,"陰","無照明",30,"彎曲路及附近","一般車道(未劃分快慢車道)","柏油","乾燥","無遮蔽物","無號誌","無","未繪設快慢車道分隔線","有",62,"未使用",121.159902,23.126849,"臺東縣","海端鄉"
"其他","2023",8,5,12,"陰","無照明",30,"彎曲路及附近","一般車道(未劃分快慢車道)","柏油","乾燥","無遮蔽物","無號誌","無","未繪設快慢車道分隔線","有",43,"非駕駛人",121.159902,23.126849,"臺東縣","海端鄉"
"路口交岔撞","2023",8,5,21,"晴","有照明且開啟",50,"四岔路","交叉路口內","柏油","乾燥","無遮蔽物","無動作","無","未繪設快慢車道分隔線","無",36,"不明",120.631474,23.857336,"南投縣","名間鄉"
"路口交岔撞","2023",8,5,21,"晴","有照明且開啟",50,"四岔路","交叉路口內","柏油","乾燥","無遮蔽物","無動作","無","未繪設快慢車道分隔線","無",70,"不明",120.631474,23.857336,"南投縣","名間鄉"
"路口交岔撞","2023",8,5,21,"晴","有照明且開啟",50,"四岔路","交叉路口內","柏油","乾燥","無遮蔽物","無動作","無","未繪設快慢車道分隔線","無",62,"非駕駛人",120.631474,23.857336,"南投縣","名間鄉"
"路上翻車、摔倒","2023",8,6,0,"雨","無照明",30,"彎曲路及附近","一般車道(未劃分快慢車道)","柏油","濕潤","無遮蔽物","無號誌","無","未繪設快慢車道分隔線","有",63,"未使用",120.390044,23.099436,"臺南市","山上區"
"撞護欄(樁)","2023",8,6,0,"陰","有照明且開啟",50,"彎曲路及附近","一般車道(未劃分快慢車道)","柏油","乾燥","有遮蔽物","無號誌","中央分向島","未繪設快慢車道分隔線","有",55,"不明",121.691234,25.203859,"新北市","萬里區"
"側撞","2023",8,6,21,"晴","有照明且開啟",50,"四岔路","交叉路口內","柏油","乾燥","無遮蔽物","正常","中央分向島","未繪設快慢車道分隔線","無",66,"未使用",121.543626,25.037921,"臺北市","大安區"
"側撞","2023",8,6,21,"晴","有照明且開啟",50,"四岔路","交叉路口內","柏油","乾燥","無遮蔽物","正常","中央分向島","未繪設快慢車道分隔線","無",20,"未使用",121.543626,25.037921,"臺北市","大安區"
"穿越道路中","2023",8,6,22,"晴","有照明且開啟",50,"多岔路","交叉口附近","柏油","乾燥","無遮蔽物","正常","雙向禁止超車線","快慢車道分隔線","無",54,"非駕駛人",120.3293,22.59355,"高雄市","鳳山區"
"穿越道路中","2023",8,6,22,"晴","有照明且開啟",50,"多岔路","交叉口附近","柏油","乾燥","無遮蔽物","正常","雙向禁止超車線","快慢車道分隔線","無",25,"未使用",120.3293,22.59355,"高雄市","鳳山區"
"穿越道路中","2023",8,6,22,"晴","有照明且開啟",50,"多岔路","交叉口附近","柏油","乾燥","無遮蔽物","正常","雙向禁止超車線","快慢車道分隔線","無",22,"未使用",120.3293,22.59355,"高雄市","鳳山區"
"撞電桿","2023",8,7,0,"晴","有照明且開啟",70,"直路","路肩、路緣","柏油","乾燥","無遮蔽物","無號誌","中央分向島","未繪設快慢車道分隔線","有",20,"未使用",120.490442,23.852865,"彰化縣","溪州鄉"
"衝出路外","2023",8,7,7,"陰","有照明未開啟或故障",40,"直路","其他","柏油","濕潤","無遮蔽物","無號誌","雙向禁止超車線","未繪設快慢車道分隔線","有",85,"未使用",120.34556,22.898857,"臺南市","關廟區"
"側撞","2023",8,7,7,"晴","有照明未開啟或故障",50,"三岔路","交叉口附近","柏油","乾燥","無遮蔽物","無號誌","雙向禁止超車線","未繪設快慢車道分隔線","有",43,"未使用",121.820011,25.118204,"新北市","瑞芳區"
"側撞","2023",8,7,7,"晴","有照明未開啟或故障",50,"三岔路","交叉口附近","柏油","乾燥","無遮蔽物","無號誌","雙向禁止超車線","未繪設快慢車道分隔線","有",34,"未使用",121.820011,25.118204,"新北市","瑞芳區"
"側撞","2023",8,7,7,"晴","有照明未開啟或故障",50,"三岔路","交叉口附近","柏油","乾燥","無遮蔽物","無號誌","雙向禁止超車線","未繪設快慢車道分隔線","有",36,"非駕駛人",121.820011,25.118204,"新北市","瑞芳區"
"衝出路外","2023",8,7,8,"晴","無照明",60,"彎曲路及附近","一般車道(未劃分快慢車道)","柏油","乾燥","無遮蔽物","無號誌","雙向禁止超車線","未繪設快慢車道分隔線","有",23,"未使用",120.912801,24.526875,"苗栗縣","獅潭鄉"
"倒車撞","2023",8,7,15,"晴","無照明",40,"直路","慢車道","柏油","乾燥","無遮蔽物","無號誌","中央分向島","快慢車道分隔線","有",49,"未使用",120.433734,23.345921,"臺南市","白河區"
"倒車撞","2023",8,7,15,"晴","無照明",40,"直路","慢車道","柏油","乾燥","無遮蔽物","無號誌","中央分向島","快慢車道分隔線","有",42,"未使用",120.433734,23.345921,"臺南市","白河區"
"倒車撞","2023",8,7,15,"晴","無照明",40,"直路","慢車道","柏油","乾燥","無遮蔽物","無號誌","中央分向島","快慢車道分隔線","有",68,"非駕駛人",120.433734,23.345921,"臺南市","白河區"
"撞電桿","2023",8,7,16,"晴","有照明未開啟或故障",50,"直路","路肩、路緣","柏油","乾燥","無遮蔽物","無號誌","雙向禁止超車線","未繪設快慢車道分隔線","有",26,"未使用",120.223363,23.347026,"嘉義縣","義竹鄉"
"其他","2023",8,7,19,"晴","無照明",50,"彎曲路及附近","慢車道","柏油","乾燥","無遮蔽物","無號誌","雙向禁止超車線","快慢車道分隔線","有",22,"未使用",121.459172,23.32343,"臺東縣","長濱鄉"
"其他","2023",8,7,19,"晴","無照明",50,"彎曲路及附近","慢車道","柏油","乾燥","無遮蔽物","無號誌","雙向禁止超車線","快慢車道分隔線","有",78,"非駕駛人",121.459172,23.32343,"臺東縣","長濱鄉"
"追撞","2023",8,7,20,"晴","有照明且開啟",50,"三岔路","交叉路口內","柏油","乾燥","無遮蔽物","正常","無","未繪設快慢車道分隔線","無",46,"未使用",120.167779,23.240449,"臺南市","學甲區"
"追撞","2023",8,7,20,"晴","有照明且開啟",50,"三岔路","交叉路口內","柏油","乾燥","無遮蔽物","正常","無","未繪設快慢車道分隔線","無",73,"未使用",120.167779,23.240449,"臺南市","學甲區"
"其他","2023",8,8,1,"晴","有照明且開啟",30,"三岔路","交叉路口內","柏油","乾燥","無遮蔽物","無號誌","無","未繪設快慢車道分隔線","有",69,"未使用",120.657049,24.223656,"臺中市","大雅區"
"其他","2023",8,8,1,"晴","有照明且開啟",30,"三岔路","交叉路口內","柏油","乾燥","無遮蔽物","無號誌","無","未繪設快慢車道分隔線","有",52,"非駕駛人",120.657049,24.223656,"臺中市","大雅區"
"路口交岔撞","2023",8,8,6,"雨","無照明",30,"四岔路","交叉路口內","柏油","濕潤","無遮蔽物","無號誌","無","未繪設快慢車道分隔線","無",84,"未使用",120.214146,23.400706,"嘉義縣","布袋鎮"
"路口交岔撞","2023",8,8,6,"雨","無照明",30,"四岔路","交叉路口內","柏油","濕潤","無遮蔽物","無號誌","無","未繪設快慢車道分隔線","無",52,"未使用",120.214146,23.400706,"嘉義縣","布袋鎮"