"事故類型及型態子類別名稱","發生年度","發生月份","發生日期","發生時間","天候名稱","光線名稱","速限.第1當事者","道路型態子類別名稱","事故位置子類別名稱","路面狀況.路面鋪裝名稱","路面狀況.路面狀態名稱","道路障礙.視距品質名稱","號誌.號誌動作名稱","車道劃分設施.分向設施大類別名稱","車道劃分設施.分道設施.快慢車道間名稱","車道劃分設施.分道設施.路面邊線名稱","當事者事故發生時年齡","行動電話或電腦或其他相類功能裝置名稱","經度","緯度","縣市","鄉鎮"
"對撞","2023",8,8,8,"晴","有照明未開啟或故障",40,"彎曲路及附近","一般車道(未劃分快慢車道)","柏油","乾燥","無遮蔽物","無號誌","雙向禁止超車線","未繪設快慢車道分隔線","有",52,"不明",120.87327,23.790338,"南投縣","水里鄉"
"對撞","2023",8,8,8,"晴","有照明未開啟或故障",40,"彎曲路及附近","一般車道(未劃分快慢車道)","柏油","乾燥","無遮蔽物","無號誌","雙向禁止超車線","未繪設快慢車道分隔線","有",39,"未使用",120.87327,23.790338,"南投縣","水里鄉"
"路口交岔撞","2023",8,8,10,"晴","無照明",30,"四岔路","交叉路口內","柏油","乾燥","無遮蔽物","無號誌","無","未繪設快慢車道分隔線","無",47,"未使用",120.170236,23.211901,"臺南市","將軍區"
"路口交岔撞","2023",8,8,10,"晴","無照明",30,"四岔路","交叉路口內","柏油","乾燥","無遮蔽物","無號誌","無","未繪設快慢車道分隔線","無",26,"未使用",120.170236,23.211901,"臺南市","將軍區"
"路口交岔撞","2023",8,8,10,"晴","無照明",30,"四岔路","交叉路口內","柏油","乾燥","無遮蔽物","無號誌","無","未繪設快慢車道分隔線","無",72,"不明",120.170236,23.211901,"臺南市","將軍區"
"同向擦撞","2023",8,8,11,"晴","有照明未開啟或故障",60,"彎曲路及附近","快車道","柏油","乾燥","無遮蔽物","無號誌","中央分向島","寬式快慢車道分隔島(50公分以上)","有",20,"未使用",120.784135,24.610056,"苗栗縣","後龍鎮"
"同向擦撞","2023",8,8,11,"晴","有照明未開啟或故障",60,"彎曲路及附近","快車道","柏油","乾燥","無遮蔽物","無號誌","中央分向島","寬式快慢車道分隔島(50公分以上)","有",61,"未使用",120.784135,24.610056,"苗栗縣","後龍鎮"
"對撞","2023",8,8,17,"晴","有照明未開啟或故障",50,"直路","一般車道(未劃分快慢車道)","柏油","乾燥","無遮蔽物","無號誌","雙向禁止超車線","未繪設快慢車道分隔線","有",48,"未使用",121.10209,24.746935,"新竹縣","芎林鄉"
"對撞","2023",8,8,17,"晴","有照明未開啟或故障",50,"直路","一般車道(未劃分快慢車道)","柏油","乾燥","無遮蔽物","無號誌","雙向禁止超車線","未繪設快慢車道分隔線","有",63,"未使用",121.10209,24.746935,"新竹縣","芎林鄉"
"對向通行中","2023",8,8,20,"晴","有照明且開啟",50,"四岔路","行人穿越道","柏油","乾燥","無遮蔽物","正常","雙向禁止超車線","快慢車道分隔線","有",34,"未使用",120.472605,22.678598,"屏東縣","屏東市"
"對向通行中","2023",8,8,20,"晴","有照明且開啟",50,"四岔路","行人穿越道","柏油","乾燥","無遮蔽物","正常","雙向禁止超車線","快慢車道分隔線","有",74,"非駕駛人",120.472605,22.678598,"屏東縣","屏東市"
"追撞","2023",8,9,2,"陰","有照明且開啟",50,"三岔路","交叉口附近","柏油","濕潤","無遮蔽物","正常","雙向禁止超車線","快慢車道分隔線","無",25,"不明",120.2899,22.68559,"高雄市","左營區"
"追撞","2023",8,9,2,"陰","有照明且開啟",50,"三岔路","交叉口附近","柏油","濕潤","無遮蔽物","正常","雙向禁止超車線","快慢車道分隔線","無",55,"未使用",120.2899,22.68559,"高雄市","左營區"
"追撞","2023",8,9,2,"陰","有照明且開啟",50,"三岔路","交叉口附近","柏油","濕潤","無遮蔽物","正常","雙向禁止超車線","快慢車道分隔線","無",46,"非駕駛人",120.2899,22.68559,"高雄市","左營區"
"追撞","2023",8,9,19,"晴","無照明",50,"直路","一般車道(未劃分快慢車道)","柏油","乾燥","無遮蔽物","無號誌","行車分向線","未繪設快慢車道分隔線","有",27,"不明",120.335505,23.86947,"彰化縣","大城鄉"
"追撞","2023",8,9,19,"晴","無照明",50,"直路","一般車道(未劃分快慢車道)","柏油","乾燥","無遮蔽物","無號誌","行車分向線","未繪設快慢車道分隔線","有",21,"不明",120.335505,23.86947,"彰化縣","大城鄉"
"其他","2023",8,10,0,"晴","有照明且開啟",50,"直路","一般車道(未劃分快慢車道)","柏油","乾燥","無遮蔽物","無號誌","行車分向線","未繪設快慢車道分隔線","無",15,"未使用",121.738188,25.143139,"基隆市","中山區"
"其他","2023",8,10,0,"晴","有照明且開啟",50,"直路","一般車道(未劃分快慢車道)","柏油","乾燥","無遮蔽物","無號誌","行車分向線","未繪設快慢車道分隔線","無",17,"未使用",121.738188,25.143139,"基隆市","中山區"
"其他","2023",8,10,0,"晴","有照明且開啟",50,"直路","一般車道(未劃分快慢車道)","柏油","乾燥","無遮蔽物","無號誌","行車分向線","未繪設快慢車道分隔線","無",52,"不明",121.738188,25.143139,"基隆市","中山區"
"其他","2023",8,10,0,"晴","有照明且開啟",50,"直路","一般車道(未劃分快慢車道)","柏油","乾燥","無遮蔽物","無號誌","行車分向線","未繪設快慢車道分隔線","無",17,"非駕駛人",121.738188,25.143139,"基隆市","中山區"
"側撞","2023",8,10,8,"陰","無照明",50,"彎曲路及附近","一般車道(未劃分快慢車道)","柏油","乾燥","有遮蔽物","無號誌","雙向禁止超車線","未繪設快慢車道分隔線","有",60,"未使用",121.589569,25.188959,"新北市","金山區"
"側撞","2023",8,10,8,"陰","無照明",50,"彎曲路及附近","一般車道(未劃分快慢車道)","柏油","乾燥","有遮蔽物","無號誌","雙向禁止超車線","未繪設快慢車道分隔線","有",41,"未使用",121.589569,25.188959,"新北市","金山區"
"側撞","2023",8,10,9,"雨","有照明未開啟或故障",60,"直路","機車優先道","柏油","濕潤","無遮蔽物","無號誌","行車分向線","快慢車道分隔線","有",58,"未使用",120.174814,23.024724,"臺南市","南區"
"側撞","2023",8,10,9,"雨","有照明未開啟或故障",60,"直路","機車優先道","柏油","濕潤","無遮蔽物","無號誌","行車分向線","快慢車道分隔線","有",29,"未使用",120.174814,23.024724,"臺南市","南區"
"路口交岔撞","2023",8,10,11,"晴","無照明",30,"四岔路","交叉路口內","柏油","乾燥","無遮蔽物","無號誌","行車分向線","未繪設快慢車道分隔線","有",44,"未使用",121.804678,24.674505,"宜蘭縣","五結鄉"
"路口交岔撞","2023",8,10,11,"晴","無照明",30,"四岔路","交叉路口內","柏油","乾燥","無遮蔽物","無號誌","行車分向線","未繪設快慢車道分隔線","有",66,"未使用",121.804678,24.674505,"宜蘭縣","五結鄉"
"路口交岔撞","2023",8,10,11,"晴","無照明",30,"四岔路","交叉路口內","柏油","乾燥","無遮蔽物","無號誌","行車分向線","未繪設快慢車道分隔線","有",42,"未使用",121.804678,24.674505,"宜蘭縣","五結鄉"
"對撞","2023",8,10,12,"晴","有照明未開啟或故障",50,"直路","快車道","柏油","乾燥","無遮蔽物","無號誌","中央分向島","未繪設快慢車道分隔線","有",44,"未使用",121.206918,25.060647,"桃園市","大園區"
"對撞","2023",8,10,12,"晴","有照明未開啟或故障",50,"直路","快車道","柏油","乾燥","無遮蔽物","無號誌","中央分向島","未繪設快慢車道分隔線","有",49,"未使用",121.206918,25.060647,"桃園市","大園區"
"對撞","2023",8,10,12,"晴","有照明未開啟或故障",50,"直路","快車道","柏油","乾燥","無遮蔽物","無號誌","中央分向島","未繪設快慢車道分隔線","有",13,"非駕駛人",121.206918,25.060647,"桃園市","大園區"
"對撞","2023",8,10,12,"晴","有照明未開啟或故障",50,"直路","快車道","柏油","乾燥","無遮蔽物","無號誌","中央分向島","未繪設快慢車道分隔線","有",15,"非駕駛人",121.206918,25.060647,"桃園市","大園區"
"同向擦撞","2023",8,10,17,"晴","有照明未開啟或故障",50,"三岔路","交叉路口內","柏油","乾燥","無遮蔽物","正常","無","未繪設快慢車道分隔線","有",83,"未使用",120.353915,23.786181,"雲林縣","崙背鄉"
"同向擦撞","2023",8,10,17,"晴","有照明未開啟或故障",50,"三岔路","交叉路口內","柏油","乾燥","無遮蔽物","正常","無","未繪設快慢車道分隔線","有",27,"未使用",120.353915,23.786181,"雲林縣","崙背鄉"
"追撞","2023",8,11,6,"晴","無照明",70,"四岔路","交叉路口內","柏油","乾燥","無遮蔽物","正常","中央分向島","未繪設快慢車道分隔線","有",78,"未使用",120.428466,24.045535,"彰化縣","福興鄉"
"追撞","2023",8,11,6,"晴","無照明",70,"四岔路","交叉路口內","柏油","乾燥","無遮蔽物","正常","中央分向島","未繪設快慢車道分隔線","有",28,"未使用",120.428466,24.045535,"彰化縣","福興鄉"
"撞路樹","2023",8,11,7,"晴","無照明",50,"直路","一般車道(未劃分快慢車道)","柏油","乾燥","無遮蔽物","無號誌","中央分向島","未繪設快慢車道分隔線","有",34,"未使用",121.495264,25.086391,"新北市","三重區"
"撞路樹","2023",8,11,7,"晴","無照明",50,"直路","一般車道(未劃分快慢車道)","柏油","乾燥","無遮蔽物","無號誌","中央分向島","未繪設快慢車道分隔線","有",112,"",121.495264,25.086391,"新北市","三重區"
"側撞","2023",8,11,11,"晴","無照明",50,"三岔路","交叉口附近","柏油","乾燥","無遮蔽物","正常","無","未繪設快慢車道分隔線","有",84,"不明",121.944716,25.01589,"新北市","貢寮區"
"側撞","2023",8,11,11,"晴","無照明",50,"三岔路","交叉口附近","柏油","乾燥","無遮蔽物","正常","無","未繪設快慢車道分隔線","有",36,"不明",121.944716,25.01589,"新北市","貢寮區"
"側撞","2023",8,11,13,"陰","無照明",50,"多岔路","交叉路口內","柏油","乾燥","無遮蔽物","正常","無","未繪設快慢車道分隔線","無",47,"未使用",121.248794,24.993247,"桃園市","中壢區"
"側撞","2023",8,11,13,"陰","無照明",50,"多岔路","交叉路口內","柏油","乾燥","無遮蔽物","正常","無","未繪設快慢車道分隔線","無",70,"未使用",121.248794,24.993247,"桃園市","中壢區"
"側撞","2023",8,11,17,"陰","無照明",50,"直路","快車道","柏油","乾燥","無遮蔽物","正常","中央分向島","快慢車道分隔線","有",66,"未使用",120.691664,22.190458,"屏東縣","枋山鄉"
"側撞","2023",8,11,17,"陰","無照明",50,"直路","快車道","柏油","乾燥","無遮蔽物","正常","中央分向島","快慢車道分隔線","有",70,"未使用",120.691664,22.190458,"屏東縣","枋山鄉"
"側撞","2023",8,11,17,"陰","無照明",50,"直路","快車道","柏油","乾燥","無遮蔽物","正常","中央分向島","快慢車道分隔線","有",28,"未使用",120.691664,22.190458,"屏東縣","枋山鄉"
"追撞","2023",8,11,19,"晴","有照明且開啟",40,"直路","一般車道(未劃分快慢車道)","柏油","乾燥","無遮蔽物","無號誌","雙向禁止超車線","未繪設快慢車道分隔線","有",34,"未使用",120.535241,22.878532,"高雄市","美濃區"
"追撞","2023",8,11,19,"晴","有照明且開啟",40,"直路","一般車道(未劃分快慢車道)","柏油","乾燥","無遮蔽物","無號誌","雙向禁止超車線","未繪設快慢車道分隔線","有",84,"未使用",120.535241,22.878532,"高雄市","美濃區"
"撞護欄(樁)","2023",8,11,20,"晴","有照明且開啟",50,"直路","一般車道(未劃分快慢車道)","水泥","乾燥","無遮蔽物","無號誌","行車分向線","未繪設快慢車道分隔線","有",45,"未使用",121.529734,22.032555,"臺東縣","蘭嶼鄉"
"路口交岔撞","2023",8,12,8,"晴","有照明未開啟或故障",60,"多岔路","交叉路口內","柏油","乾燥","無遮蔽物","正常","無","未繪設快慢車道分隔線","無",60,"未使用",121.105582,22.72777,"臺東縣","臺東市"
"路口交岔撞","2023",8,12,8,"晴","有照明未開啟或故障",60,"多岔路","交叉路口內","柏油","乾燥","無遮蔽物","正常","無","未繪設快慢車道分隔線","無",81,"未使用",121.105582,22.72777,"臺東縣","臺東市"
"撞電桿","2023",8,12,12,"晴","有照明未開啟或故障",40,"直路","路肩、路緣","柏油","乾燥","無遮蔽物","無號誌","中央分向島","快慢車道分隔線","有",44,"未使用",120.903852,24.672883,"苗栗縣","頭份市"
"路口交岔撞","2023",8,12,17,"晴","有照明未開啟或故障",50,"四岔路","交叉路口內","柏油","乾燥","無遮蔽物","無號誌","無","未繪設快慢車道分隔線","無",22,"未使用",120.69048,24.191669,"臺中市","北屯區"
"路口交岔撞","2023",8,12,17,"晴","有照明未開啟或故障",50,"四岔路","交叉路口內","柏油","乾燥","無遮蔽物","無號誌","無","未繪設快慢車道分隔線","無",40,"未使用",120.69048,24.191669,"臺中市","北屯區"
"路口交岔撞","2023",8,12,17,"晴","有照明未開啟或故障",50,"四岔路","交叉路口內","柏油","乾燥","無遮蔽物","無號誌","無","未繪設快慢車道分隔線","無",29,"未使用",120.69048,24.191669,"臺中市","北屯區"
"側撞","2023",8,12,17,"晴","無照明",50,"三岔路","交叉路口內","柏油","乾燥","無遮蔽物","無號誌","無","未繪設快慢車道分隔線","無",32,"未使用",121.118119,24.990347,"桃園市","新屋區"
"側撞","2023",8,12,17,"晴","無照明",50,"三岔路","交叉路口內","柏油","乾燥","無遮蔽物","無號誌","無","未繪設快慢車道分隔線","無",19,"未使用",121.118119,24.990347,"桃園市","新屋區"
"路上翻車、摔倒","2023",8,12,19,"晴","無照明",40,"彎曲路及附近","一般車道(未劃分快慢車道)","柏油","乾燥","無遮蔽物","無號誌","行車分向線","未繪設快慢車道分隔線","有",25,"未使用",120.595027,24.033142,"彰化縣","芬園鄉"
"其他","2023",8,13,9,"雨","無照明",50,"四岔路","交叉口附近","柏油","濕潤","無遮蔽物","正常","雙向禁止超車線","未繪設快慢車道分隔線","無",53,"不明",120.644437,23.97471,"彰化縣","芬園鄉"
"其他","2023",8,13,9,"雨","無照明",50,"四岔路","交叉口附近","柏油","濕潤","無遮蔽物","正常","雙向禁止超車線","未繪設快慢車道分隔線","無",70,"未使用",120.644437,23.97471,"彰化縣","芬園鄉"
"路口交岔撞","2023",8,13,21,"晴","有照明且開啟",50,"四岔路","交叉路口內","柏油","乾燥","無遮蔽物","正常","無","未繪設快慢車道分隔線","無",56,"未使用",121.218269,24.950764,"桃園市","平鎮區"
"路口交岔撞","2023",8,13,21,"晴","有照明且開啟",50,"四岔路","交叉路口內","柏油","乾燥","無遮蔽物","正常","無","未繪設快慢車道分隔線","無",69,"未使用",121.218269,24.950764,"桃園市","平鎮區"
"側撞","2023",8,14,9,"晴","無照明",30,"直路","一般車道(未劃分快慢車道)","柏油","乾燥","無遮蔽物","無號誌","無","未繪設快慢車道分隔線","有",24,"未使用",120.162062,23.535094,"雲林縣","口湖鄉"
"側撞","2023",8,14,9,"晴","無照明",30,"直路","一般車道(未劃分快慢車道)","柏油","乾燥","無遮蔽物","無號誌","無","未繪設快慢車道分隔線","有",57,"未使用",120.162062,23.535094,"雲林縣","口湖鄉"
"對向擦撞","2023",8,14,12,"晴","有照明且開啟",50,"彎曲路及附近","一般車道(未劃分快慢車道)","柏油","乾燥","無遮蔽物","無號誌","雙向禁止超車線","未繪設快慢車道分隔線","有",45,"未使用",121.348573,24.950159,"新北市","鶯歌區"
"對向擦撞","2023",8,14,12,"晴","有照明且開啟",50,"彎曲路及附近","一般車道(未劃分快慢車道)","柏油","乾燥","無遮蔽物","無號誌","雙向禁止超車線","未繪設快慢車道分隔線","有",27,"未使用",121.348573,24.950159,"新北市","鶯歌區"
"側撞","2023",8,15,18,"晴","有照明未開啟或故障",50,"三岔路","交叉路口內","柏油","乾燥","無遮蔽物","正常","無","未繪設快慢車道分隔線","無",46,"未使用",121.199325,24.84805,"桃園市","龍潭區"
"側撞","2023",8,15,18,"晴","有照明未開啟或故障",50,"三岔路","交叉路口內","柏油","乾燥","無遮蔽物","正常","無","未繪設快慢車道分隔線","無",47,"未使用",121.199325,24.84805,"桃園市","龍潭區"
"其他","2023",8,15,21,"晴","有照明且開啟",40,"橋樑","一般車道(未劃分快慢車道)","柏油","乾燥","無遮蔽物","無號誌","中央分向島","未繪設快慢車道分隔線","無",22,"未使用",121.506013,25.048986,"臺北市","萬華區"
"路口交岔撞","2023",8,16,2,"陰","有照明且開啟",60,"四岔路","交叉路口內","柏油","乾燥","無遮蔽物","正常","無","未繪設快慢車道分隔線","無",36,"未使用",120.86706,24.67029,"苗栗縣","竹南鎮"
"路口交岔撞","2023",8,16,2,"陰","有照明且開啟",60,"四岔路","交叉路口內","柏油","乾燥","無遮蔽物","正常","無","未繪設快慢車道分隔線","無",19,"未使用",120.86706,24.67029,"苗栗縣","竹南鎮"
"路口交岔撞","2023",8,16,2,"陰","有照明且開啟",60,"四岔路","交叉路口內","柏油","乾燥","無遮蔽物","正常","無","未繪設快慢車道分隔線","無",18,"非駕駛人",120.86706,24.67029,"苗栗縣","竹南鎮"
"其他","2023",8,16,12,"雨","有照明未開啟或故障",50,"直路","一般車道(未劃分快慢車道)","柏油","濕潤","無遮蔽物","無號誌","雙向禁止超車線","未繪設快慢車道分隔線","無",81,"未使用",121.690703,25.077449,"基隆市","七堵區"
"其他","2023",8,16,12,"雨","有照明未開啟或故障",50,"直路","一般車道(未劃分快慢車道)","柏油","濕潤","無遮蔽物","無號誌","雙向禁止超車線","未繪設快慢車道分隔線","無",51,"未使用",121.690703,25.077449,"基隆市","七堵區"
"其他","2023",8,16,12,"雨","有照明未開啟或故障",50,"直路","一般車道(未劃分快慢車道)","柏油","濕潤","無遮蔽物","無號誌","雙向禁止超車線","未繪設快慢車道分隔線","無",59,"未使用",121.690703,25.077449,"基隆市","七堵區"
"路口交岔撞","2023",8,16,19,"陰","有照明且開啟",30,"四岔路","交叉路口內","柏油","乾燥","無遮蔽物","正常","無","未繪設快慢車道分隔線","無",66,"未使用",120.295907,23.556827,"嘉義縣","六腳鄉"
"路口交岔撞","2023",8,16,19,"陰","有照明且開啟",30,"四岔路","交叉路口內","柏油","乾燥","無遮蔽物","正常","無","未繪設快慢車道分隔線","無",29,"未使用",120.295907,23.556827,"嘉義縣","六腳鄉"
"其他","2023",8,17,6,"晴","有照明未開啟或故障",50,"四岔路","交叉路口內","柏油","乾燥","無遮蔽物","正常","中央分向島","未繪設快慢車道分隔線","有",27,"不明",121.452619,25.036297,"新北市","新莊區"
"其他","2023",8,17,6,"晴","有照明未開啟或故障",50,"四岔路","交叉路口內","柏油","乾燥","無遮蔽物","正常","中央分向島","未繪設快慢車道分隔線","有",49,"未使用",121.452619,25.036297,"新北市","新莊區"
"其他","2023",8,17,6,"晴","有照明未開啟或故障",50,"四岔路","交叉路口內","柏油","乾燥","無遮蔽物","正常","中央分向島","未繪設快慢車道分隔線","有",52,"未使用",121.452619,25.036297,"新北市","新莊區"
"同向擦撞","2023",8,17,9,"晴","無照明",50,"直路","一般車道(未劃分快慢車道)","柏油","乾燥","無遮蔽物","無號誌","中央分向島","未繪設快慢車道分隔線","無",57,"不明",121.314561,25.000891,"桃園市","桃園區"
"同向擦撞","2023",8,17,9,"晴","無照明",50,"直路","一般車道(未劃分快慢車道)","柏油","乾燥","無遮蔽物","無號誌","中央分向島","未繪設快慢車道分隔線","無",60,"不明",121.314561,25.000891,"桃園市","桃園區"
"同向擦撞","2023",8,17,9,"晴","無照明",50,"直路","一般車道(未劃分快慢車道)","柏油","乾燥","無遮蔽物","無號誌","中央分向島","未繪設快慢車道分隔線","無",48,"不明",121.314561,25.000891,"桃園市","桃園區"
"追撞","2023",8,17,11,"晴","有照明未開啟或故障",50,"直路","一般車道(未劃分快慢車道)","柏油","乾燥","無遮蔽物","無號誌","雙向禁止超車線","未繪設快慢車道分隔線","有",27,"不明",120.961328,24.797001,"新竹市","北區"
"追撞","2023",8,17,11,"晴","有照明未開啟或故障",50,"直路","一般車道(未劃分快慢車道)","柏油","乾燥","無遮蔽物","無號誌","雙向禁止超車線","未繪設快慢車道分隔線","有",56,"不明",120.961328,24.797001,"新竹市","北區"
"追撞","2023",8,17,11,"晴","有照明未開啟或故障",50,"直路","一般車道(未劃分快慢車道)","柏油","乾燥","無遮蔽物","無號誌","雙向禁止超車線","未繪設快慢車道分隔線","有",61,"不明",120.961328,24.797001,"新竹市","北區"
"路口交岔撞","2023",8,18,1,"陰","有照明且開啟",50,"四岔路","交叉路口內","柏油","濕潤","無遮蔽物","正常","無","未繪設快慢車道分隔線","無",23,"未使用",120.652997,24.146726,"臺中市","西區"
"路口交岔撞","2023",8,18,1,"陰","有照明且開啟",50,"四岔路","交叉路口內","柏油","濕潤","無遮蔽物","正常","無","未繪設快慢車道分隔線","無",52,"未使用",120.652997,24.146726,"臺中市","西區"
"路口交岔撞","2023",8,18,14,"晴","有照明未開啟或故障",30,"四岔路","交叉路口內","柏油","乾燥","無遮蔽物","無號誌","無","未繪設快慢車道分隔線","無",58,"未使用",121.565927,23.992344,"花蓮縣","吉安鄉"
"路口交岔撞","2023",8,18,14,"晴","有照明未開啟或故障",30,"四岔路","交叉路口內","柏油","乾燥","無遮蔽物","無號誌","無","未繪設快慢車道分隔線","無",32,"未使用",121.565927,23.992344,"花蓮縣","吉安鄉"
"撞橋樑(橋墩)","2023",8,18,20,"晴","有照明且開啟",50,"三岔路","交叉口附近","柏油","乾燥","無遮蔽物","無號誌","雙向禁止超車線","未繪設快慢車道分隔線","有",66,"未使用",120.487486,23.613737,"嘉義縣","大林鎮"
"對撞","2023",8,18,22,"晴","有照明且開啟",60,"直路","快車道","柏油","乾燥","無遮蔽物","無號誌","行車分向線","快慢車道分隔線","有",69,"未使用",121.724366,24.669673,"宜蘭縣","冬山鄉"
"對撞","2023",8,18,22,"晴","有照明且開啟",60,"直路","快車道","柏油","乾燥","無遮蔽物","無號誌","行車分向線","快慢車道分隔線","有",35,"未使用",121.724366,24.669673,"宜蘭縣","冬山鄉"
"側撞","2023",8,19,8,"晴","無照明",50,"四岔路","交叉路口內","柏油","乾燥","無遮蔽物","正常","雙向禁止超車線","未繪設快慢車道分隔線","有",74,"未使用",120.824529,24.56997,"苗栗縣","苗栗市"
"側撞","2023",8,19,8,"晴","無照明",50,"四岔路","交叉路口內","柏油","乾燥","無遮蔽物","正常","雙向禁止超車線","未繪設快慢車道分隔線","有",41,"未使用",120.824529,24.56997,"苗栗縣","苗栗市"
"側撞","2023",8,19,8,"晴","無照明",50,"四岔路","交叉路口內","柏油","乾燥","無遮蔽物","正常","雙向禁止超車線","未繪設快慢車道分隔線","有",66,"未使用",120.824529,24.56997,"苗栗縣","苗栗市"
"穿越道路中","2023",8,19,9,"晴","無照明",50,"四岔路","行人穿越道","柏油","乾燥","無遮蔽物","正常","雙向禁止超車線","快慢車道分隔線","無",53,"不明",121.468362,25.002377,"新北市","中和區"
"穿越道路中","2023",8,19,9,"晴","無照明",50,"四岔路","行人穿越道","柏油","乾燥","無遮蔽物","正常","雙向禁止超車線","快慢車道分隔線","無",82,"非駕駛人",121.468362,25.002377,"新北市","中和區"
"路口交岔撞","2023",8,19,9,"晴","有照明未開啟或故障",30,"四岔路","交叉路口內","柏油","乾燥","無遮蔽物","正常","無","未繪設快慢車道分隔線","無",32,"未使用",121.760982,24.73096,"宜蘭縣","宜蘭市"
"路口交岔撞","2023",8,19,9,"晴","有照明未開啟或故障",30,"四岔路","交叉路口內","柏油","乾燥","無遮蔽物","正常","無","未繪設快慢車道分隔線","無",23,"未使用",121.760982,24.73096,"宜蘭縣","宜蘭市"
"路口交岔撞","2023",8,19,13,"晴","有照明未開啟或故障",50,"四岔路","交叉路口內","柏油","乾燥","無遮蔽物","正常","無","未繪設快慢車道分隔線","無",69,"未使用",120.659202,24.184759,"臺中市","北屯區"
"路口交岔撞","2023",8,19,13,"晴","有照明未開啟或故障",50,"四岔路","交叉路口內","柏油","乾燥","無遮蔽物","正常","無","未繪設快慢車道分隔線","無",54,"未使用",120.659202,24.184759,"臺中市","北屯區"
"同向擦撞","2023",8,19,17,"陰","有照明未開啟或故障",70,"直路","快車道","柏油","乾燥","無遮蔽物","無號誌","中央分向島","快慢車道分隔線","有",75,"未使用",120.707806,22.0689,"屏東縣","車城鄉"
"同向擦撞","2023",8,19,17,"陰","有照明未開啟或故障",70,"直路","快車道","柏油","乾燥","無遮蔽物","無號誌","中央分向島","快慢車道分隔線","有",31,"未使用",120.707806,22.0689,"屏東縣","車城鄉"
"衝出路外","2023",8,19,18,"晴","有照明未開啟或故障",30,"直路","一般車道(未劃分快慢車道)","柏油","乾燥","無遮蔽物","無號誌","無","未繪設快慢車道分隔線","無",55,"不明",120.304696,23.793874,"雲林縣","崙背鄉"
"路口交岔撞","2023",8,21,4,"晴","有照明且開啟",50,"多岔路","交叉路口內","柏油","乾燥","無遮蔽物","正常","無","快慢車道分隔線","無",72,"未使用",120.567559,23.969038,"彰化縣","員林市"
"路口交岔撞","2023",8,21,4,"晴","有照明且開啟",50,"多岔路","交叉路口內","柏油","乾燥","無遮蔽物","正常","無","快慢車道分隔線","無",21,"未使用",120.567559,23.969038,"彰化縣","員林市"
"倒車撞","2023",8,22,7,"晴","無照明",40,"直路","一般車道(未劃分快慢車道)","柏油","乾燥","無遮蔽物","無號誌","行車分向線","未繪設快慢車道分隔線","無",59,"未使用",121.270305,25.002655,"桃園市","蘆竹區"
"倒車撞","2023",8,22,7,"晴","無照明",40,"直路","一般車道(未劃分快慢車道)","柏油","乾燥","無遮蔽物","無號誌","行車分向線","未繪設快慢車道分隔線","無",50,"未使用",121.270305,25.002655,"桃園市","蘆竹區"
"倒車撞","2023",8,22,7,"晴","無照明",40,"直路","一般車道(未劃分快慢車道)","柏油","乾燥","無遮蔽物","無號誌","行車分向線","未繪設快慢車道分隔線","無",41,"非駕駛人",121.270305,25.002655,"桃園市","蘆竹區"
"路口交岔撞","2023",8,22,9,"晴","有照明未開啟或故障",50,"四岔路","交叉路口內","柏油","乾燥","無遮蔽物","正常","無","未繪設快慢車道分隔線","無",74,"未使用",120.523769,23.728804,"雲林縣","斗六市"
"路口交岔撞","2023",8,22,9,"晴","有照明未開啟或故障",50,"四岔路","交叉路口內","柏油","乾燥","無遮蔽物","正常","無","未繪設快慢車道分隔線","無",51,"未使用",120.523769,23.728804,"雲林縣","斗六市"
"衝出路外","2023",8,22,15,"晴","有照明且開啟",50,"直路","一般車道(未劃分快慢車道)","柏油","乾燥","無遮蔽物","無號誌","雙向禁止超車線","未繪設快慢車道分隔線","有",64,"未使用",120.229194,23.452229,"嘉義縣","朴子市"
"其他","2023",8,22,15,"晴","有照明未開啟或故障",50,"直路","一般車道(未劃分快慢車道)","柏油","乾燥","無遮蔽物","無號誌","行車分向線","未繪設快慢車道分隔線","無",89,"非駕駛人",120.710322,24.139319,"臺中市","東區"
"其他","2023",8,22,15,"晴","有照明未開啟或故障",50,"直路","一般車道(未劃分快慢車道)","柏油","乾燥","無遮蔽物","無號誌","行車分向線","未繪設快慢車道分隔線","無",32,"不明",120.710322,24.139319,"臺中市","東區"
"對向通行中","2023",8,23,7,"晴","無照明",50,"四岔路","交叉路口內","柏油","乾燥","無遮蔽物","正常","無","未繪設快慢車道分隔線","無",21,"未使用",120.168262,22.987042,"臺南市","安平區"
"對向通行中","2023",8,23,7,"晴","無照明",50,"四岔路","交叉路口內","柏油","乾燥","無遮蔽物","正常","無","未繪設快慢車道分隔線","無",57,"非駕駛人",120.168262,22.987042,"臺南市","安平區"
"對向通行中","2023",8,23,7,"晴","無照明",50,"四岔路","交叉路口內","柏油","乾燥","無遮蔽物","正常","無","未繪設快慢車道分隔線","無",60,"不明",120.168262,22.987042,"臺南市","安平區"