"事故類型及型態子類別名稱","發生年度","發生月份","發生日期","發生時間","天候名稱","光線名稱","速限.第1當事者","道路型態子類別名稱","事故位置子類別名稱","路面狀況.路面鋪裝名稱","路面狀況.路面狀態名稱","道路障礙.視距品質名稱","號誌.號誌動作名稱","車道劃分設施.分向設施大類別名稱","車道劃分設施.分道設施.快慢車道間名稱","車道劃分設施.分道設施.路面邊線名稱","當事者事故發生時年齡","行動電話或電腦或其他相類功能裝置名稱","經度","緯度","縣市","鄉鎮"
"對向通行中","2023",8,23,7,"晴","無照明",50,"四岔路","交叉路口內","柏油","乾燥","無遮蔽物","正常","無","未繪設快慢車道分隔線","無",46,"不明",120.168262,22.987042,"臺南市","安平區"
"路口交岔撞","2023",8,23,9,"晴","無照明",50,"四岔路","交叉路口內","柏油","乾燥","無遮蔽物","正常","無","未繪設快慢車道分隔線","無",75,"未使用",120.349316,22.611359,"高雄市","鳳山區"
"路口交岔撞","2023",8,23,9,"晴","無照明",50,"四岔路","交叉路口內","柏油","乾燥","無遮蔽物","正常","無","未繪設快慢車道分隔線","無",75,"未使用",120.349316,22.611359,"高雄市","鳳山區"
"側撞","2023",8,23,11,"晴","有照明未開啟或故障",50,"三岔路","交叉路口內","柏油","乾燥","無遮蔽物","正常","無","未繪設快慢車道分隔線","無",29,"不明",121.704481,25.08348,"基隆市","七堵區"
"側撞","2023",8,23,11,"晴","有照明未開啟或故障",50,"三岔路","交叉路口內","柏油","乾燥","無遮蔽物","正常","無","未繪設快慢車道分隔線","無",21,"未使用",121.704481,25.08348,"基隆市","七堵區"
"撞電桿","2023",8,23,16,"陰","無照明",50,"直路","路肩、路緣","柏油","乾燥","無遮蔽物","無號誌","中央分向島","快慢車道分隔線","有",64,"未使用",120.412626,23.420038,"嘉義縣","水上鄉"
"撞電桿","2023",8,23,16,"陰","無照明",50,"直路","路肩、路緣","柏油","乾燥","無遮蔽物","無號誌","中央分向島","快慢車道分隔線","有",60,"非駕駛人",120.412626,23.420038,"嘉義縣","水上鄉"
"側撞","2023",8,23,18,"晴","有照明未開啟或故障",50,"四岔路","交叉路口內","柏油","乾燥","無遮蔽物","正常","雙向禁止超車線","未繪設快慢車道分隔線","無",71,"未使用",121.028235,24.814683,"新竹縣","竹北市"
"側撞","2023",8,23,18,"晴","有照明未開啟或故障",50,"四岔路","交叉路口內","柏油","乾燥","無遮蔽物","正常","雙向禁止超車線","未繪設快慢車道分隔線","無",48,"未使用",121.028235,24.814683,"新竹縣","竹北市"
"追撞","2023",8,24,4,"晴","有照明且開啟",70,"橋樑","快車道","柏油","乾燥","無遮蔽物","無號誌","中央分向島","未繪設快慢車道分隔線","有",28,"不明",121.478808,25.010909,"新北市","三重區"
"追撞","2023",8,24,4,"晴","有照明且開啟",70,"橋樑","快車道","柏油","乾燥","無遮蔽物","無號誌","中央分向島","未繪設快慢車道分隔線","有",35,"不明",121.478808,25.010909,"新北市","三重區"
"追撞","2023",8,24,4,"晴","有照明且開啟",70,"橋樑","快車道","柏油","乾燥","無遮蔽物","無號誌","中央分向島","未繪設快慢車道分隔線","有",47,"不明",121.478808,25.010909,"新北市","三重區"
"側撞","2023",8,24,8,"晴","有照明未開啟或故障",50,"四岔路","交叉路口內","柏油","乾燥","無遮蔽物","正常","中央分向島","未繪設快慢車道分隔線","有",79,"未使用",121.701938,24.74494,"宜蘭縣","員山鄉"
"側撞","2023",8,24,8,"晴","有照明未開啟或故障",50,"四岔路","交叉路口內","柏油","乾燥","無遮蔽物","正常","中央分向島","未繪設快慢車道分隔線","有",38,"未使用",121.701938,24.74494,"宜蘭縣","員山鄉"
"側撞","2023",8,24,8,"晴","有照明未開啟或故障",50,"四岔路","交叉路口內","柏油","乾燥","無遮蔽物","正常","中央分向島","未繪設快慢車道分隔線","有",38,"非駕駛人",121.701938,24.74494,"宜蘭縣","員山鄉"
"側撞","2023",8,24,17,"晴","無照明",50,"三岔路","交叉路口內","柏油","乾燥","無遮蔽物","正常","無","未繪設快慢車道分隔線","有",30,"未使用",121.419767,24.960238,"新北市","土城區"
"側撞","2023",8,24,17,"晴","無照明",50,"三岔路","交叉路口內","柏油","乾燥","無遮蔽物","正常","無","未繪設快慢車道分隔線","有",54,"未使用",121.419767,24.960238,"新北市","土城區"
"側撞","2023",8,24,17,"晴","無照明",50,"三岔路","交叉路口內","柏油","乾燥","無遮蔽物","正常","無","未繪設快慢車道分隔線","有",40,"非駕駛人",121.419767,24.960238,"新北市","土城區"
"側撞","2023",8,25,13,"晴","無照明",40,"三岔路","交叉路口內","柏油","乾燥","無遮蔽物","無號誌","雙向禁止超車線","快慢車道分隔線","無",18,"未使用",120.307004,22.619104,"高雄市","苓雅區"
"側撞","2023",8,25,13,"晴","無照明",40,"三岔路","交叉路口內","柏油","乾燥","無遮蔽物","無號誌","雙向禁止超車線","快慢車道分隔線","無",55,"未使用",120.307004,22.619104,"高雄市","苓雅區"
"側撞","2023",8,25,13,"晴","無照明",40,"三岔路","交叉路口內","柏油","乾燥","無遮蔽物","無號誌","雙向禁止超車線","快慢車道分隔線","無",19,"非駕駛人",120.307004,22.619104,"高雄市","苓雅區"
"對向擦撞","2023",8,25,13,"晴","無照明",40,"直路","快車道","柏油","乾燥","無遮蔽物","無號誌","中央分向島","快慢車道分隔線","無",78,"不明",120.3446,22.63034,"高雄市","鳳山區"
"對向擦撞","2023",8,25,13,"晴","無照明",40,"直路","快車道","柏油","乾燥","無遮蔽物","無號誌","中央分向島","快慢車道分隔線","無",60,"未使用",120.3446,22.63034,"高雄市","鳳山區"
"對向擦撞","2023",8,25,13,"晴","無照明",40,"直路","快車道","柏油","乾燥","無遮蔽物","無號誌","中央分向島","快慢車道分隔線","無",53,"未使用",120.3446,22.63034,"高雄市","鳳山區"
"路口交岔撞","2023",8,25,16,"晴","無照明",50,"四岔路","交叉路口內","無鋪裝","乾燥","無遮蔽物","正常","無","未繪設快慢車道分隔線","無",24,"未使用",120.09791,23.211758,"臺南市","將軍區"
"路口交岔撞","2023",8,25,16,"晴","無照明",50,"四岔路","交叉路口內","無鋪裝","乾燥","無遮蔽物","正常","無","未繪設快慢車道分隔線","無",76,"未使用",120.09791,23.211758,"臺南市","將軍區"
"對撞","2023",8,25,16,"雨","有照明未開啟或故障",50,"直路","快車道","柏油","濕潤","無遮蔽物","無號誌","行車分向線","快慢車道分隔線","有",22,"不明",120.609602,22.87919,"高雄市","六龜區"
"對撞","2023",8,25,16,"雨","有照明未開啟或故障",50,"直路","快車道","柏油","濕潤","無遮蔽物","無號誌","行車分向線","快慢車道分隔線","有",71,"未使用",120.609602,22.87919,"高雄市","六龜區"
"撞護欄(樁)","2023",8,25,20,"陰","有照明且開啟",30,"三岔路","一般車道(未劃分快慢車道)","柏油","濕潤","無遮蔽物","無號誌","無","未繪設快慢車道分隔線","有",44,"未使用",120.330536,22.968298,"臺南市","關廟區"
"其他","2023",8,26,4,"晴","有照明且開啟",60,"直路","路肩、路緣","柏油","乾燥","無遮蔽物","無號誌","雙向禁止超車線","快慢車道分隔線","有",22,"不明",120.506717,23.753683,"雲林縣","莿桐鄉"
"追撞","2023",8,26,4,"晴","無照明",100,"直路","快車道","柏油","乾燥","無遮蔽物","無號誌","中央分向島","未繪設快慢車道分隔線","有",41,"不明",121.021903,24.833369,"新竹縣","竹北市"
"追撞","2023",8,26,4,"晴","無照明",100,"直路","快車道","柏油","乾燥","無遮蔽物","無號誌","中央分向島","未繪設快慢車道分隔線","有",23,"未使用",121.021903,24.833369,"新竹縣","竹北市"
"路口交岔撞","2023",8,26,7,"晴","有照明未開啟或故障",60,"四岔路","交叉路口內","柏油","乾燥","無遮蔽物","正常","雙向禁止超車線","快慢車道分隔線","有",67,"未使用",121.795464,24.816902,"宜蘭縣","礁溪鄉"
"路口交岔撞","2023",8,26,7,"晴","有照明未開啟或故障",60,"四岔路","交叉路口內","柏油","乾燥","無遮蔽物","正常","雙向禁止超車線","快慢車道分隔線","有",22,"未使用",121.795464,24.816902,"宜蘭縣","礁溪鄉"
"路口交岔撞","2023",8,26,7,"晴","有照明未開啟或故障",60,"四岔路","交叉路口內","柏油","乾燥","無遮蔽物","正常","雙向禁止超車線","快慢車道分隔線","有",39,"不明",121.795464,24.816902,"宜蘭縣","礁溪鄉"
"路口交岔撞","2023",8,26,7,"晴","有照明未開啟或故障",60,"四岔路","交叉路口內","柏油","乾燥","無遮蔽物","正常","雙向禁止超車線","快慢車道分隔線","有",1,"非駕駛人",121.795464,24.816902,"宜蘭縣","礁溪鄉"
"穿越道路中","2023",8,26,9,"晴","有照明未開啟或故障",50,"四岔路","交叉路口內","柏油","乾燥","無遮蔽物","正常","無","未繪設快慢車道分隔線","無",64,"未使用",120.203453,23.002706,"臺南市","北區"
"穿越道路中","2023",8,26,9,"晴","有照明未開啟或故障",50,"四岔路","交叉路口內","柏油","乾燥","無遮蔽物","正常","無","未繪設快慢車道分隔線","無",82,"非駕駛人",120.203453,23.002706,"臺南市","北區"
"路口交岔撞","2023",8,26,11,"晴","無照明",40,"多岔路","交叉口附近","柏油","乾燥","無遮蔽物","正常","無","未繪設快慢車道分隔線","無",47,"不明",120.576267,23.877071,"彰化縣","社頭鄉"
"路口交岔撞","2023",8,26,11,"晴","無照明",40,"多岔路","交叉口附近","柏油","乾燥","無遮蔽物","正常","無","未繪設快慢車道分隔線","無",78,"不明",120.576267,23.877071,"彰化縣","社頭鄉"
"其他","2023",8,26,16,"晴","有照明未開啟或故障",50,"四岔路","交叉路口內","柏油","乾燥","無遮蔽物","正常","中央分向島","快慢車道分隔線","無",61,"不明",121.376557,25.082988,"新北市","林口區"
"其他","2023",8,26,16,"晴","有照明未開啟或故障",50,"四岔路","交叉路口內","柏油","乾燥","無遮蔽物","正常","中央分向島","快慢車道分隔線","無",22,"未使用",121.376557,25.082988,"新北市","林口區"
"其他","2023",8,26,16,"晴","有照明未開啟或故障",50,"四岔路","交叉路口內","柏油","乾燥","無遮蔽物","正常","中央分向島","快慢車道分隔線","無",46,"未使用",121.376557,25.082988,"新北市","林口區"
"路口交岔撞","2023",8,26,16,"晴","有照明未開啟或故障",30,"四岔路","交叉路口內","柏油","乾燥","無遮蔽物","無號誌","無","未繪設快慢車道分隔線","無",35,"未使用",121.084019,24.918067,"桃園市","楊梅區"
"路口交岔撞","2023",8,26,16,"晴","有照明未開啟或故障",30,"四岔路","交叉路口內","柏油","乾燥","無遮蔽物","無號誌","無","未繪設快慢車道分隔線","無",49,"未使用",121.084019,24.918067,"桃園市","楊梅區"
"路口交岔撞","2023",8,26,16,"晴","有照明未開啟或故障",30,"四岔路","交叉路口內","柏油","乾燥","無遮蔽物","無號誌","無","未繪設快慢車道分隔線","無",74,"非駕駛人",121.084019,24.918067,"桃園市","楊梅區"
"穿越道路中","2023",8,26,23,"晴","有照明且開啟",50,"直路","一般車道(未劃分快慢車道)","柏油","乾燥","無遮蔽物","無號誌","行車分向線","未繪設快慢車道分隔線","有",41,"未使用",120.273774,23.233377,"臺南市","下營區"
"穿越道路中","2023",8,26,23,"晴","有照明且開啟",50,"直路","一般車道(未劃分快慢車道)","柏油","乾燥","無遮蔽物","無號誌","行車分向線","未繪設快慢車道分隔線","有",81,"非駕駛人",120.273774,23.233377,"臺南市","下營區"
"同向擦撞","2023",8,27,18,"晴","有照明且開啟",50,"直路","一般車道(未劃分快慢車道)","柏油","乾燥","無遮蔽物","無號誌","行車分向線","未繪設快慢車道分隔線","有",26,"不明",120.321753,23.642192,"雲林縣","元長鄉"
"同向擦撞","2023",8,27,18,"晴","有照明且開啟",50,"直路","一般車道(未劃分快慢車道)","柏油","乾燥","無遮蔽物","無號誌","行車分向線","未繪設快慢車道分隔線","有",80,"不明",120.321753,23.642192,"雲林縣","元長鄉"
"對撞","2023",8,28,1,"晴","有照明且開啟",70,"直路","快車道","柏油","乾燥","無遮蔽物","無號誌","中央分向島","快慢車道分隔線","有",20,"未使用",121.608707,24.073727,"花蓮縣","新城鄉"
"對撞","2023",8,28,1,"晴","有照明且開啟",70,"直路","快車道","柏油","乾燥","無遮蔽物","無號誌","中央分向島","快慢車道分隔線","有",26,"未使用",121.608707,24.073727,"花蓮縣","新城鄉"
"對撞","2023",8,28,1,"晴","有照明且開啟",70,"直路","快車道","柏油","乾燥","無遮蔽物","無號誌","中央分向島","快慢車道分隔線","有",20,"非駕駛人",121.608707,24.073727,"花蓮縣","新城鄉"
"對撞","2023",8,28,1,"晴","有照明且開啟",70,"直路","快車道","柏油","乾燥","無遮蔽物","無號誌","中央分向島","快慢車道分隔線","有",2,"非駕駛人",121.608707,24.073727,"花蓮縣","新城鄉"
"撞護欄(樁)","2023",8,28,3,"晴","有照明且開啟",100,"直路","快車道","柏油","乾燥","無遮蔽物","無號誌","中央分向島","未繪設快慢車道分隔線","有",41,"不明",121.277004,25.02195,"桃園市","蘆竹區"
"撞護欄(樁)","2023",8,28,3,"晴","有照明且開啟",100,"直路","快車道","柏油","乾燥","無遮蔽物","無號誌","中央分向島","未繪設快慢車道分隔線","有",30,"未使用",121.277004,25.02195,"桃園市","蘆竹區"
"追撞","2023",8,28,7,"晴","有照明未開啟或故障",50,"直路","路肩、路緣","柏油","乾燥","無遮蔽物","無號誌","行車分向線","快慢車道分隔線","無",46,"未使用",120.578507,23.994014,"彰化縣","大村鄉"
"追撞","2023",8,28,7,"晴","有照明未開啟或故障",50,"直路","路肩、路緣","柏油","乾燥","無遮蔽物","無號誌","行車分向線","快慢車道分隔線","無",44,"未使用",120.578507,23.994014,"彰化縣","大村鄉"
"衝出路外","2023",8,28,10,"晴","無照明",50,"直路","路肩、路緣","柏油","乾燥","無遮蔽物","無號誌","雙向禁止超車線","快慢車道分隔線","有",60,"未使用",120.603078,24.361197,"臺中市","大安區"
"同向擦撞","2023",8,28,19,"晴","有照明且開啟",40,"直路","路肩、路緣","柏油","乾燥","無遮蔽物","無號誌","中央分向島","快慢車道分隔線","有",48,"不明",120.663622,24.464206,"苗栗縣","通霄鎮"
"同向擦撞","2023",8,28,19,"晴","有照明且開啟",40,"直路","路肩、路緣","柏油","乾燥","無遮蔽物","無號誌","中央分向島","快慢車道分隔線","有",37,"不明",120.663622,24.464206,"苗栗縣","通霄鎮"
"同向擦撞","2023",8,28,19,"晴","有照明且開啟",40,"直路","路肩、路緣","柏油","乾燥","無遮蔽物","無號誌","中央分向島","快慢車道分隔線","有",38,"非駕駛人",120.663622,24.464206,"苗栗縣","通霄鎮"
"同向通行中","2023",8,28,21,"晴","有照明且開啟",50,"直路","一般車道(未劃分快慢車道)","柏油","乾燥","無遮蔽物","正常","雙向禁止超車線","未繪設快慢車道分隔線","有",32,"不明",120.584587,23.720911,"雲林縣","斗六市"
"同向通行中","2023",8,28,21,"晴","有照明且開啟",50,"直路","一般車道(未劃分快慢車道)","柏油","乾燥","無遮蔽物","正常","雙向禁止超車線","未繪設快慢車道分隔線","有",68,"非駕駛人",120.584587,23.720911,"雲林縣","斗六市"
"其他","2023",8,29,8,"晴","有照明未開啟或故障",50,"直路","快車道","柏油","乾燥","無遮蔽物","無號誌","中央分向島","快慢車道分隔線","有",21,"未使用",121.002951,24.874827,"新竹縣","湖口鄉"
"其他","2023",8,29,8,"晴","有照明未開啟或故障",50,"直路","快車道","柏油","乾燥","無遮蔽物","無號誌","中央分向島","快慢車道分隔線","有",49,"未使用",121.002951,24.874827,"新竹縣","湖口鄉"
"其他","2023",8,29,8,"晴","有照明未開啟或故障",50,"直路","快車道","柏油","乾燥","無遮蔽物","無號誌","中央分向島","快慢車道分隔線","有",48,"未使用",121.002951,24.874827,"新竹縣","湖口鄉"
"撞護欄(樁)","2023",8,29,11,"晴","無照明",30,"彎曲路及附近","一般車道(未劃分快慢車道)","柏油","乾燥","無遮蔽物","無號誌","無","未繪設快慢車道分隔線","有",74,"不明",120.921557,24.472184,"苗栗縣","泰安鄉"
"撞護欄(樁)","2023",8,29,11,"晴","無照明",30,"彎曲路及附近","一般車道(未劃分快慢車道)","柏油","乾燥","無遮蔽物","無號誌","無","未繪設快慢車道分隔線","有",71,"非駕駛人",120.921557,24.472184,"苗栗縣","泰安鄉"
"撞電桿","2023",8,29,12,"晴","有照明未開啟或故障",40,"直路","一般車道(未劃分快慢車道)","柏油","乾燥","無遮蔽物","無號誌","雙向禁止超車線","未繪設快慢車道分隔線","有",28,"未使用",120.663123,23.702224,"南投縣","竹山鎮"
"撞電桿","2023",8,29,12,"晴","有照明未開啟或故障",40,"直路","一般車道(未劃分快慢車道)","柏油","乾燥","無遮蔽物","無號誌","雙向禁止超車線","未繪設快慢車道分隔線","有",34,"非駕駛人",120.663123,23.702224,"南投縣","竹山鎮"
"路口交岔撞","2023",8,29,12,"晴","無照明",70,"四岔路","交叉路口內","柏油","乾燥","無遮蔽物","正常","中央分向島","快慢車道分隔線","有",32,"不明",120.570844,22.434117,"屏東縣","枋寮鄉"
"路口交岔撞","2023",8,29,12,"晴","無照明",70,"四岔路","交叉路口內","柏油","乾燥","無遮蔽物","正常","中央分向島","快慢車道分隔線","有",66,"不明",120.570844,22.434117,"屏東縣","枋寮鄉"
"路口交岔撞","2023",8,29,12,"晴","無照明",70,"四岔路","交叉路口內","柏油","乾燥","無遮蔽物","正常","中央分向島","快慢車道分隔線","有",47,"非駕駛人",120.570844,22.434117,"屏東縣","枋寮鄉"
"路口交岔撞","2023",8,29,12,"晴","無照明",70,"四岔路","交叉路口內","柏油","乾燥","無遮蔽物","正常","中央分向島","快慢車道分隔線","有",53,"非駕駛人",120.570844,22.434117,"屏東縣","枋寮鄉"
"路口交岔撞","2023",8,29,12,"晴","無照明",70,"四岔路","交叉路口內","柏油","乾燥","無遮蔽物","正常","中央分向島","快慢車道分隔線","有",21,"非駕駛人",120.570844,22.434117,"屏東縣","枋寮鄉"
"穿越道路中","2023",8,30,6,"晴","有照明未開啟或故障",50,"直路","一般車道(未劃分快慢車道)","柏油","乾燥","無遮蔽物","無號誌","中央分向島","未繪設快慢車道分隔線","有",73,"非駕駛人",121.30895,25.016186,"桃園市","桃園區"
"穿越道路中","2023",8,30,6,"晴","有照明未開啟或故障",50,"直路","一般車道(未劃分快慢車道)","柏油","乾燥","無遮蔽物","無號誌","中央分向島","未繪設快慢車道分隔線","有",26,"未使用",121.30895,25.016186,"桃園市","桃園區"
"穿越道路中","2023",8,30,9,"晴","無照明",50,"直路","一般車道(未劃分快慢車道)","柏油","乾燥","無遮蔽物","無號誌","中央分向島","未繪設快慢車道分隔線","有",71,"非駕駛人",121.291638,25.049479,"桃園市","蘆竹區"
"穿越道路中","2023",8,30,9,"晴","無照明",50,"直路","一般車道(未劃分快慢車道)","柏油","乾燥","無遮蔽物","無號誌","中央分向島","未繪設快慢車道分隔線","有",59,"未使用",121.291638,25.049479,"桃園市","蘆竹區"
"同向擦撞","2023",8,30,10,"晴","無照明",60,"直路","路肩、路緣","柏油","乾燥","無遮蔽物","無號誌","中央分向島","未繪設快慢車道分隔線","有",58,"未使用",120.693458,23.876514,"南投縣","名間鄉"
"同向擦撞","2023",8,30,10,"晴","無照明",60,"直路","路肩、路緣","柏油","乾燥","無遮蔽物","無號誌","中央分向島","未繪設快慢車道分隔線","有",49,"不明",120.693458,23.876514,"南投縣","名間鄉"
"撞電桿","2023",8,30,13,"晴","有照明未開啟或故障",50,"直路","一般車道(未劃分快慢車道)","柏油","乾燥","無遮蔽物","無號誌","行車分向線","未繪設快慢車道分隔線","有",73,"未使用",121.21985,25.095515,"桃園市","大園區"
"穿越道路中","2023",8,30,14,"晴","無照明",50,"直路","一般車道(未劃分快慢車道)","柏油","乾燥","無遮蔽物","正常","雙向禁止超車線","未繪設快慢車道分隔線","有",65,"非駕駛人",121.359548,24.956608,"新北市","鶯歌區"
"穿越道路中","2023",8,30,14,"晴","無照明",50,"直路","一般車道(未劃分快慢車道)","柏油","乾燥","無遮蔽物","正常","雙向禁止超車線","未繪設快慢車道分隔線","有",58,"不明",121.359548,24.956608,"新北市","鶯歌區"
"穿越道路中","2023",8,30,14,"晴","無照明",50,"直路","一般車道(未劃分快慢車道)","柏油","乾燥","無遮蔽物","正常","雙向禁止超車線","未繪設快慢車道分隔線","有",33,"未使用",121.359548,24.956608,"新北市","鶯歌區"
"撞電桿","2023",8,30,14,"陰","有照明未開啟或故障",70,"直路","路肩、路緣","柏油","乾燥","無遮蔽物","正常","中央分向島","窄式快慢車道分隔島(無柵欄)","有",68,"未使用",120.621517,24.049986,"彰化縣","彰化市"
"路口交岔撞","2023",8,30,17,"晴","無照明",30,"四岔路","交叉路口內","柏油","乾燥","無遮蔽物","無號誌","無","未繪設快慢車道分隔線","無",59,"未使用",120.156044,23.110708,"臺南市","七股區"
"路口交岔撞","2023",8,30,17,"晴","無照明",30,"四岔路","交叉路口內","柏油","乾燥","無遮蔽物","無號誌","無","未繪設快慢車道分隔線","無",67,"不明",120.156044,23.110708,"臺南市","七股區"
"其他","2023",8,31,14,"陰","有照明未開啟或故障",50,"直路","快車道","柏油","乾燥","無遮蔽物","無號誌","行車分向線","快慢車道分隔線","無",26,"未使用",120.620988,24.132333,"臺中市","南屯區"
"其他","2023",8,31,14,"陰","有照明未開啟或故障",50,"直路","快車道","柏油","乾燥","無遮蔽物","無號誌","行車分向線","快慢車道分隔線","無",38,"非駕駛人",120.620988,24.132333,"臺中市","南屯區"
"其他","2023",8,31,14,"陰","有照明未開啟或故障",50,"直路","快車道","柏油","乾燥","無遮蔽物","無號誌","行車分向線","快慢車道分隔線","無",49,"未使用",120.620988,24.132333,"臺中市","南屯區"
"撞電桿","2023",9,2,4,"陰","有照明未開啟或故障",50,"彎曲路及附近","路肩、路緣","柏油","乾燥","無遮蔽物","無號誌","行車分向線","未繪設快慢車道分隔線","有",40,"未使用",120.77695,24.439889,"苗栗縣","銅鑼鄉"
"撞護欄(樁)","2023",9,2,6,"晴","無照明",50,"三岔路","交叉路口內","柏油","乾燥","無遮蔽物","正常","無","未繪設快慢車道分隔線","無",19,"不明",120.41693,24.080873,"彰化縣","鹿港鎮"
"路口交岔撞","2023",9,2,6,"晴","有照明未開啟或故障",50,"四岔路","交叉路口內","柏油","乾燥","無遮蔽物","正常","中央分向島","未繪設快慢車道分隔線","有",39,"未使用",120.580653,23.944761,"彰化縣","員林市"
"追撞","2023",9,2,8,"晴","無照明",30,"直路","一般車道(未劃分快慢車道)","柏油","乾燥","無遮蔽物","無號誌","無","未繪設快慢車道分隔線","無",33,"未使用",120.351115,22.695403,"高雄市","鳥松區"
"追撞","2023",9,2,8,"晴","無照明",30,"直路","一般車道(未劃分快慢車道)","柏油","乾燥","無遮蔽物","無號誌","無","未繪設快慢車道分隔線","無",56,"未使用",120.351115,22.695403,"高雄市","鳥松區"
"側撞","2023",9,2,9,"晴","有照明未開啟或故障",50,"四岔路","交叉路口內","柏油","濕潤","無遮蔽物","正常","無","未繪設快慢車道分隔線","無",57,"未使用",120.236368,22.961909,"臺南市","東區"
"側撞","2023",9,2,9,"晴","有照明未開啟或故障",50,"四岔路","交叉路口內","柏油","濕潤","無遮蔽物","正常","無","未繪設快慢車道分隔線","無",52,"未使用",120.236368,22.961909,"臺南市","東區"
"對撞","2023",9,2,9,"晴","無照明",30,"直路","一般車道(未劃分快慢車道)","柏油","乾燥","無遮蔽物","無號誌","無","未繪設快慢車道分隔線","無",49,"未使用",120.161047,23.553967,"雲林縣","口湖鄉"
"對撞","2023",9,2,9,"晴","無照明",30,"直路","一般車道(未劃分快慢車道)","柏油","乾燥","無遮蔽物","無號誌","無","未繪設快慢車道分隔線","無",87,"未使用",120.161047,23.553967,"雲林縣","口湖鄉"
"撞護欄(樁)","2023",9,2,13,"晴","有照明未開啟或故障",40,"彎曲路及附近","環道匝道","柏油","乾燥","無遮蔽物","無號誌","無","未繪設快慢車道分隔線","有",52,"未使用",120.717439,24.199512,"臺中市","潭子區"
"撞護欄(樁)","2023",9,2,13,"晴","有照明未開啟或故障",40,"彎曲路及附近","環道匝道","柏油","乾燥","無遮蔽物","無號誌","無","未繪設快慢車道分隔線","有",55,"非駕駛人",120.717439,24.199512,"臺中市","潭子區"
"穿越道路中","2023",9,3,4,"晴","有照明且開啟",50,"三岔路","交叉路口內","柏油","乾燥","無遮蔽物","正常","無","未繪設快慢車道分隔線","無",34,"未使用",120.821394,24.207128,"臺中市","新社區"
"穿越道路中","2023",9,3,4,"晴","有照明且開啟",50,"三岔路","交叉路口內","柏油","乾燥","無遮蔽物","正常","無","未繪設快慢車道分隔線","無",88,"非駕駛人",120.821394,24.207128,"臺中市","新社區"
"同向擦撞","2023",9,3,10,"雨","有照明且開啟",30,"直路","一般車道(未劃分快慢車道)","柏油","濕潤","無遮蔽物","無號誌","雙向禁止超車線","未繪設快慢車道分隔線","有",29,"未使用",121.301132,24.967794,"桃園市","八德區"
"同向擦撞","2023",9,3,10,"雨","有照明且開啟",30,"直路","一般車道(未劃分快慢車道)","柏油","濕潤","無遮蔽物","無號誌","雙向禁止超車線","未繪設快慢車道分隔線","有",60,"未使用",121.301132,24.967794,"桃園市","八德區"
"路口交岔撞","2023",9,3,12,"晴","無照明",60,"四岔路","交叉路口內","柏油","乾燥","無遮蔽物","正常","中央分向島","未繪設快慢車道分隔線","有",36,"未使用",120.515329,24.055659,"彰化縣","埤頭鄉"
"路口交岔撞","2023",9,3,12,"晴","無照明",60,"四岔路","交叉路口內","柏油","乾燥","無遮蔽物","正常","中央分向島","未繪設快慢車道分隔線","有",25,"未使用",120.515329,24.055659,"彰化縣","埤頭鄉"
"衝出路外","2023",9,3,21,"雨","有照明且開啟",50,"直路","一般車道(未劃分快慢車道)","柏油","濕潤","無遮蔽物","無號誌","行車分向線","窄式快慢車道分隔島(無柵欄)","有",20,"未使用",120.557436,23.936716,"彰化縣","永靖鄉"
"衝出路外","2023",9,3,21,"雨","有照明且開啟",50,"直路","一般車道(未劃分快慢車道)","柏油","濕潤","無遮蔽物","無號誌","行車分向線","窄式快慢車道分隔島(無柵欄)","有",16,"非駕駛人",120.557436,23.936716,"彰化縣","永靖鄉"
"衝出路外","2023",9,3,21,"雨","有照明且開啟",50,"直路","一般車道(未劃分快慢車道)","柏油","濕潤","無遮蔽物","無號誌","行車分向線","窄式快慢車道分隔島(無柵欄)","有",19,"非駕駛人",120.557436,23.936716,"彰化縣","永靖鄉"
"路上翻車、摔倒","2023",9,4,0,"晴","有照明且開啟",60,"三岔路","交叉路口內","柏油","乾燥","無遮蔽物","正常","雙向禁止超車線","未繪設快慢車道分隔線","有",19,"未使用",121.018359,24.687157,"新竹縣","峨眉鄉"
"對撞","2023",9,4,3,"雨","有照明且開啟",50,"直路","一般車道(未劃分快慢車道)","柏油","濕潤","無遮蔽物","無號誌","雙向禁止超車線","未繪設快慢車道分隔線","有",26,"不明",121.474802,24.956464,"新北市","新店區"
"對撞","2023",9,4,3,"雨","有照明且開啟",50,"直路","一般車道(未劃分快慢車道)","柏油","濕潤","無遮蔽物","無號誌","雙向禁止超車線","未繪設快慢車道分隔線","有",18,"未使用",121.474802,24.956464,"新北市","新店區"
"穿越道路中","2023",9,4,7,"晴","有照明且開啟",50,"四岔路","行人穿越道","柏油","乾燥","無遮蔽物","正常","無","未繪設快慢車道分隔線","無",36,"未使用",120.68509,24.142702,"臺中市","北區"
"穿越道路中","2023",9,4,7,"晴","有照明且開啟",50,"四岔路","行人穿越道","柏油","乾燥","無遮蔽物","正常","無","未繪設快慢車道分隔線","無",80,"非駕駛人",120.68509,24.142702,"臺中市","北區"