"事故類型及型態子類別名稱","發生年度","發生月份","發生日期","發生時間","天候名稱","光線名稱","速限.第1當事者","道路型態子類別名稱","事故位置子類別名稱","路面狀況.路面鋪裝名稱","路面狀況.路面狀態名稱","道路障礙.視距品質名稱","號誌.號誌動作名稱","車道劃分設施.分向設施大類別名稱","車道劃分設施.分道設施.快慢車道間名稱","車道劃分設施.分道設施.路面邊線名稱","當事者事故發生時年齡","行動電話或電腦或其他相類功能裝置名稱","經度","緯度","縣市","鄉鎮"
"路口交岔撞","2023",9,4,7,"雨","有照明未開啟或故障",50,"四岔路","交叉路口內","柏油","濕潤","無遮蔽物","正常","中央分向島","未繪設快慢車道分隔線","有",82,"未使用",120.55352,22.561746,"屏東縣","潮州鎮"
"路口交岔撞","2023",9,4,7,"雨","有照明未開啟或故障",50,"四岔路","交叉路口內","柏油","濕潤","無遮蔽物","正常","中央分向島","未繪設快慢車道分隔線","有",27,"未使用",120.55352,22.561746,"屏東縣","潮州鎮"
"路上翻車、摔倒","2023",9,4,8,"陰","無照明",30,"三岔路","交叉口附近","柏油","乾燥","無遮蔽物","無號誌","無","未繪設快慢車道分隔線","有",85,"未使用",120.876878,24.731098,"苗栗縣","竹南鎮"
"追撞","2023",9,4,18,"晴","有照明且開啟",50,"直路","快車道","柏油","乾燥","無遮蔽物","無號誌","中央分向島","未繪設快慢車道分隔線","有",59,"不明",121.098837,22.763742,"臺東縣","臺東市"
"追撞","2023",9,4,18,"晴","有照明且開啟",50,"直路","快車道","柏油","乾燥","無遮蔽物","無號誌","中央分向島","未繪設快慢車道分隔線","有",85,"未使用",121.098837,22.763742,"臺東縣","臺東市"
"路口交岔撞","2023",9,4,23,"陰","有照明且開啟",50,"四岔路","交叉路口內","柏油","乾燥","無遮蔽物","正常","無","未繪設快慢車道分隔線","無",18,"未使用",121.265427,25.008561,"桃園市","蘆竹區"
"路口交岔撞","2023",9,4,23,"陰","有照明且開啟",50,"四岔路","交叉路口內","柏油","乾燥","無遮蔽物","正常","無","未繪設快慢車道分隔線","無",24,"未使用",121.265427,25.008561,"桃園市","蘆竹區"
"衝出路外","2023",9,5,0,"雨","有照明未開啟或故障",50,"直路","一般車道(未劃分快慢車道)","柏油","濕潤","無遮蔽物","無號誌","行車分向線","未繪設快慢車道分隔線","有",30,"未使用",121.754489,24.695802,"宜蘭縣","羅東鎮"
"穿越道路中","2023",9,5,6,"晴","有照明未開啟或故障",40,"直路","一般車道(未劃分快慢車道)","柏油","乾燥","無遮蔽物","無號誌","雙向禁止超車線","未繪設快慢車道分隔線","有",75,"非駕駛人",120.998364,24.83244,"新竹縣","竹北市"
"穿越道路中","2023",9,5,6,"晴","有照明未開啟或故障",40,"直路","一般車道(未劃分快慢車道)","柏油","乾燥","無遮蔽物","無號誌","雙向禁止超車線","未繪設快慢車道分隔線","有",29,"未使用",120.998364,24.83244,"新竹縣","竹北市"
"衝出路外","2023",9,5,15,"晴","有照明未開啟或故障",50,"直路","路肩、路緣","柏油","乾燥","無遮蔽物","無號誌","雙向禁止超車線","未繪設快慢車道分隔線","有",18,"未使用",120.770849,24.50455,"苗栗縣","西湖鄉"
"追撞","2023",9,5,19,"晴","有照明且開啟",50,"四岔路","交叉口附近","柏油","乾燥","無遮蔽物","正常","中央分向島","快慢車道分隔線","有",26,"未使用",120.3445,22.63506,"高雄市","三民區"
"追撞","2023",9,5,19,"晴","有照明且開啟",50,"四岔路","交叉口附近","柏油","乾燥","無遮蔽物","正常","中央分向島","快慢車道分隔線","有",42,"不明",120.3445,22.63506,"高雄市","三民區"
"其他","2023",9,6,5,"晴","無照明",50,"三岔路","交叉口附近","柏油","乾燥","無遮蔽物","無號誌","行車分向線","未繪設快慢車道分隔線","無",41,"未使用",120.954613,24.798808,"新竹市","香山區"
"其他","2023",9,6,5,"晴","無照明",50,"三岔路","交叉口附近","柏油","乾燥","無遮蔽物","無號誌","行車分向線","未繪設快慢車道分隔線","無",69,"未使用",120.954613,24.798808,"新竹市","香山區"
"其他","2023",9,6,5,"晴","無照明",50,"三岔路","交叉口附近","柏油","乾燥","無遮蔽物","無號誌","行車分向線","未繪設快慢車道分隔線","無",53,"未使用",120.954613,24.798808,"新竹市","香山區"
"撞橋樑(橋墩)","2023",9,6,12,"陰","無照明",40,"直路","一般車道(未劃分快慢車道)","柏油","乾燥","無遮蔽物","無號誌","無","未繪設快慢車道分隔線","有",78,"未使用",121.19067,23.042456,"臺東縣","池上鄉"
"撞電桿","2023",9,6,14,"陰","有照明且開啟",50,"直路","一般車道(未劃分快慢車道)","柏油","乾燥","無遮蔽物","無號誌","行車分向線","未繪設快慢車道分隔線","有",67,"未使用",120.712576,24.322346,"臺中市","后里區"
"其他","2023",9,6,19,"雨","有照明且開啟",30,"直路","一般車道(未劃分快慢車道)","柏油","濕潤","無遮蔽物","無號誌","無","未繪設快慢車道分隔線","有",51,"未使用",120.357568,23.330938,"臺南市","後壁區"
"其他","2023",9,6,19,"雨","有照明且開啟",30,"直路","一般車道(未劃分快慢車道)","柏油","濕潤","無遮蔽物","無號誌","無","未繪設快慢車道分隔線","有",40,"不明",120.357568,23.330938,"臺南市","後壁區"
"其他","2023",9,6,19,"雨","有照明且開啟",30,"直路","一般車道(未劃分快慢車道)","柏油","濕潤","無遮蔽物","無號誌","無","未繪設快慢車道分隔線","有",42,"未使用",120.357568,23.330938,"臺南市","後壁區"
"追撞","2023",9,6,23,"雨","有照明且開啟",50,"四岔路","交叉口附近","柏油","濕潤","無遮蔽物","正常","行車分向線","未繪設快慢車道分隔線","有",53,"未使用",121.566496,24.983193,"臺北市","文山區"
"追撞","2023",9,6,23,"雨","有照明且開啟",50,"四岔路","交叉口附近","柏油","濕潤","無遮蔽物","正常","行車分向線","未繪設快慢車道分隔線","有",53,"未使用",121.566496,24.983193,"臺北市","文山區"
"追撞","2023",9,6,23,"雨","有照明且開啟",50,"四岔路","交叉口附近","柏油","濕潤","無遮蔽物","正常","行車分向線","未繪設快慢車道分隔線","有",19,"未使用",121.566496,24.983193,"臺北市","文山區"
"追撞","2023",9,6,23,"雨","有照明且開啟",50,"四岔路","交叉口附近","柏油","濕潤","無遮蔽物","正常","行車分向線","未繪設快慢車道分隔線","有",31,"非駕駛人",121.566496,24.983193,"臺北市","文山區"
"追撞","2023",9,6,23,"雨","有照明且開啟",50,"四岔路","交叉口附近","柏油","濕潤","無遮蔽物","正常","行車分向線","未繪設快慢車道分隔線","有",20,"未使用",121.566496,24.983193,"臺北市","文山區"
"追撞","2023",9,6,23,"雨","有照明且開啟",50,"四岔路","交叉口附近","柏油","濕潤","無遮蔽物","正常","行車分向線","未繪設快慢車道分隔線","有",34,"未使用",121.566496,24.983193,"臺北市","文山區"
"衝過(或撞壞)遮斷器","2023",9,7,6,"晴","無照明",15,"有遮斷器","其他","其他鋪裝","乾燥","無遮蔽物","正常","無","未繪設快慢車道分隔線","無",65,"未使用",120.511644,22.476898,"屏東縣","南州鄉"
"衝過(或撞壞)遮斷器","2023",9,7,6,"晴","無照明",15,"有遮斷器","其他","其他鋪裝","乾燥","無遮蔽物","正常","無","未繪設快慢車道分隔線","無",41,"未使用",120.511644,22.476898,"屏東縣","南州鄉"
"撞護欄(樁)","2023",9,7,15,"雨","無照明",30,"直路","一般車道(未劃分快慢車道)","柏油","濕潤","無遮蔽物","無號誌","中央分向島","未繪設快慢車道分隔線","有",30,"未使用",120.471388,22.639284,"屏東縣","屏東市"
"追撞","2023",9,7,17,"晴","有照明且開啟",50,"直路","一般車道(未劃分快慢車道)","柏油","乾燥","無遮蔽物","無號誌","行車分向線","未繪設快慢車道分隔線","有",46,"未使用",121.392246,25.12897,"新北市","八里區"
"追撞","2023",9,7,17,"晴","有照明且開啟",50,"直路","一般車道(未劃分快慢車道)","柏油","乾燥","無遮蔽物","無號誌","行車分向線","未繪設快慢車道分隔線","有",61,"未使用",121.392246,25.12897,"新北市","八里區"
"追撞","2023",9,7,17,"晴","有照明且開啟",50,"直路","一般車道(未劃分快慢車道)","柏油","乾燥","無遮蔽物","無號誌","行車分向線","未繪設快慢車道分隔線","有",51,"未使用",121.392246,25.12897,"新北市","八里區"
"撞電桿","2023",9,8,0,"陰","有照明且開啟",60,"四岔路","交叉口附近","柏油","乾燥","無遮蔽物","正常","行車分向線","未繪設快慢車道分隔線","有",41,"不明",120.357635,23.657757,"雲林縣","土庫鎮"
"撞電桿","2023",9,8,0,"陰","有照明且開啟",60,"四岔路","交叉口附近","柏油","乾燥","無遮蔽物","正常","行車分向線","未繪設快慢車道分隔線","有",40,"非駕駛人",120.357635,23.657757,"雲林縣","土庫鎮"
"側撞","2023",9,8,18,"雨","有照明未開啟或故障",40,"三岔路","交叉路口內","柏油","濕潤","無遮蔽物","無號誌","無","未繪設快慢車道分隔線","無",69,"未使用",121.321978,23.327597,"花蓮縣","玉里鎮"
"側撞","2023",9,8,18,"雨","有照明未開啟或故障",40,"三岔路","交叉路口內","柏油","濕潤","無遮蔽物","無號誌","無","未繪設快慢車道分隔線","無",28,"未使用",121.321978,23.327597,"花蓮縣","玉里鎮"
"側撞","2023",9,8,18,"雨","有照明未開啟或故障",40,"三岔路","交叉路口內","柏油","濕潤","無遮蔽物","無號誌","無","未繪設快慢車道分隔線","無",57,"未使用",121.321978,23.327597,"花蓮縣","玉里鎮"
"側撞","2023",9,8,18,"雨","有照明未開啟或故障",40,"三岔路","交叉路口內","柏油","濕潤","無遮蔽物","無號誌","無","未繪設快慢車道分隔線","無",57,"未使用",121.321978,23.327597,"花蓮縣","玉里鎮"
"側撞","2023",9,8,18,"雨","有照明未開啟或故障",40,"三岔路","交叉路口內","柏油","濕潤","無遮蔽物","無號誌","無","未繪設快慢車道分隔線","無",28,"不明",121.321978,23.327597,"花蓮縣","玉里鎮"
"側撞","2023",9,8,18,"雨","有照明未開啟或故障",40,"三岔路","交叉路口內","柏油","濕潤","無遮蔽物","無號誌","無","未繪設快慢車道分隔線","無",57,"不明",121.321978,23.327597,"花蓮縣","玉里鎮"
"其他","2023",9,9,12,"晴","有照明未開啟或故障",50,"彎曲路及附近","一般車道(未劃分快慢車道)","柏油","乾燥","無遮蔽物","無號誌","雙向禁止超車線","未繪設快慢車道分隔線","有",56,"未使用",120.485064,23.931734,"彰化縣","溪湖鎮"
"其他","2023",9,9,12,"晴","有照明未開啟或故障",50,"彎曲路及附近","一般車道(未劃分快慢車道)","柏油","乾燥","無遮蔽物","無號誌","雙向禁止超車線","未繪設快慢車道分隔線","有",23,"未使用",120.485064,23.931734,"彰化縣","溪湖鎮"
"同向通行中","2023",9,9,21,"雨","有照明且開啟",50,"四岔路","交叉路口內","柏油","濕潤","無遮蔽物","正常","無","未繪設快慢車道分隔線","無",49,"未使用",120.67873,24.147157,"臺中市","中區"
"同向通行中","2023",9,9,21,"雨","有照明且開啟",50,"四岔路","交叉路口內","柏油","濕潤","無遮蔽物","正常","無","未繪設快慢車道分隔線","無",61,"非駕駛人",120.67873,24.147157,"臺中市","中區"
"撞電桿","2023",9,10,0,"雨","有照明且開啟",50,"直路","路肩、路緣","柏油","濕潤","無遮蔽物","無號誌","雙向禁止超車線","未繪設快慢車道分隔線","有",43,"不明",120.194656,23.166518,"臺南市","佳里區"
"撞電桿","2023",9,10,0,"雨","有照明且開啟",50,"直路","路肩、路緣","柏油","濕潤","無遮蔽物","無號誌","雙向禁止超車線","未繪設快慢車道分隔線","有",37,"非駕駛人",120.194656,23.166518,"臺南市","佳里區"
"撞電桿","2023",9,10,0,"雨","有照明且開啟",50,"直路","路肩、路緣","柏油","濕潤","無遮蔽物","無號誌","雙向禁止超車線","未繪設快慢車道分隔線","有",18,"非駕駛人",120.194656,23.166518,"臺南市","佳里區"
"撞電桿","2023",9,10,0,"雨","有照明且開啟",50,"直路","路肩、路緣","柏油","濕潤","無遮蔽物","無號誌","雙向禁止超車線","未繪設快慢車道分隔線","有",24,"非駕駛人",120.194656,23.166518,"臺南市","佳里區"
"撞電桿","2023",9,10,0,"雨","有照明且開啟",50,"直路","路肩、路緣","柏油","濕潤","無遮蔽物","無號誌","雙向禁止超車線","未繪設快慢車道分隔線","有",24,"非駕駛人",120.194656,23.166518,"臺南市","佳里區"
"路口交岔撞","2023",9,10,1,"晴","有照明且開啟",50,"四岔路","交叉路口內","柏油","乾燥","無遮蔽物","正常","無","未繪設快慢車道分隔線","無",39,"未使用",120.652988,24.150881,"臺中市","西區"
"路口交岔撞","2023",9,10,1,"晴","有照明且開啟",50,"四岔路","交叉路口內","柏油","乾燥","無遮蔽物","正常","無","未繪設快慢車道分隔線","無",38,"未使用",120.652988,24.150881,"臺中市","西區"
"衝出路外","2023",9,10,4,"晴","有照明且開啟",50,"直路","一般車道(未劃分快慢車道)","柏油","乾燥","無遮蔽物","無號誌","雙向禁止超車線","未繪設快慢車道分隔線","有",80,"未使用",121.370603,24.950604,"新北市","樹林區"
"衝出路外","2023",9,10,4,"晴","有照明且開啟",50,"直路","一般車道(未劃分快慢車道)","柏油","乾燥","無遮蔽物","無號誌","雙向禁止超車線","未繪設快慢車道分隔線","有",112,"",121.370603,24.950604,"新北市","樹林區"
"衝出路外","2023",9,10,5,"雨","有照明且開啟",50,"彎曲路及附近","其他","柏油","濕潤","無遮蔽物","無號誌","雙向禁止超車線","未繪設快慢車道分隔線","有",31,"不明",120.543314,23.721042,"雲林縣","斗六市"
"撞電桿","2023",9,10,7,"晴","無照明",50,"四岔路","交叉路口內","柏油","乾燥","無遮蔽物","正常","無","未繪設快慢車道分隔線","有",74,"未使用",121.28231,23.22297,"花蓮縣","富里鄉"
"側撞","2023",9,10,14,"晴","有照明未開啟或故障",50,"三岔路","交叉路口內","柏油","乾燥","無遮蔽物","正常","雙向禁止超車線","未繪設快慢車道分隔線","無",37,"未使用",121.435191,24.995727,"新北市","樹林區"
"側撞","2023",9,10,14,"晴","有照明未開啟或故障",50,"三岔路","交叉路口內","柏油","乾燥","無遮蔽物","正常","雙向禁止超車線","未繪設快慢車道分隔線","無",23,"未使用",121.435191,24.995727,"新北市","樹林區"
"側撞","2023",9,11,1,"陰","有照明且開啟",50,"四岔路","交叉路口內","柏油","濕潤","無遮蔽物","無號誌","雙向禁止超車線","快慢車道分隔線","有",23,"未使用",120.496489,22.734771,"屏東縣","九如鄉"
"側撞","2023",9,11,1,"陰","有照明且開啟",50,"四岔路","交叉路口內","柏油","濕潤","無遮蔽物","無號誌","雙向禁止超車線","快慢車道分隔線","有",22,"不明",120.496489,22.734771,"屏東縣","九如鄉"
"側撞","2023",9,11,1,"陰","有照明且開啟",50,"四岔路","交叉路口內","柏油","濕潤","無遮蔽物","無號誌","雙向禁止超車線","快慢車道分隔線","有",24,"非駕駛人",120.496489,22.734771,"屏東縣","九如鄉"
"側撞","2023",9,11,1,"陰","有照明且開啟",50,"四岔路","交叉路口內","柏油","濕潤","無遮蔽物","無號誌","雙向禁止超車線","快慢車道分隔線","有",24,"非駕駛人",120.496489,22.734771,"屏東縣","九如鄉"
"側撞","2023",9,11,7,"晴","有照明且開啟",50,"四岔路","交叉路口內","柏油","乾燥","無遮蔽物","正常","無","未繪設快慢車道分隔線","無",49,"未使用",121.255396,25.050144,"桃園市","蘆竹區"
"側撞","2023",9,11,7,"晴","有照明且開啟",50,"四岔路","交叉路口內","柏油","乾燥","無遮蔽物","正常","無","未繪設快慢車道分隔線","無",37,"未使用",121.255396,25.050144,"桃園市","蘆竹區"
"側撞","2023",9,11,11,"晴","有照明未開啟或故障",50,"三岔路","交叉路口內","柏油","乾燥","無遮蔽物","無號誌","無","未繪設快慢車道分隔線","無",77,"未使用",120.660669,24.472427,"苗栗縣","通霄鎮"
"側撞","2023",9,11,11,"晴","有照明未開啟或故障",50,"三岔路","交叉路口內","柏油","乾燥","無遮蔽物","無號誌","無","未繪設快慢車道分隔線","無",62,"未使用",120.660669,24.472427,"苗栗縣","通霄鎮"
"穿越道路中","2023",9,11,15,"晴","有照明未開啟或故障",50,"三岔路","交叉路口內","柏油","乾燥","無遮蔽物","無號誌","無","未繪設快慢車道分隔線","無",87,"非駕駛人",121.285012,24.90529,"桃園市","大溪區"
"穿越道路中","2023",9,11,15,"晴","有照明未開啟或故障",50,"三岔路","交叉路口內","柏油","乾燥","無遮蔽物","無號誌","無","未繪設快慢車道分隔線","無",52,"不明",121.285012,24.90529,"桃園市","大溪區"
"追撞","2023",9,11,17,"晴","無照明",50,"多岔路","交叉路口內","柏油","乾燥","無遮蔽物","正常","無","未繪設快慢車道分隔線","無",36,"未使用",120.297864,22.678622,"高雄市","左營區"
"追撞","2023",9,11,17,"晴","無照明",50,"多岔路","交叉路口內","柏油","乾燥","無遮蔽物","正常","無","未繪設快慢車道分隔線","無",50,"未使用",120.297864,22.678622,"高雄市","左營區"
"追撞","2023",9,11,17,"晴","無照明",50,"多岔路","交叉路口內","柏油","乾燥","無遮蔽物","正常","無","未繪設快慢車道分隔線","無",31,"未使用",120.297864,22.678622,"高雄市","左營區"
"追撞","2023",9,11,17,"晴","無照明",50,"多岔路","交叉路口內","柏油","乾燥","無遮蔽物","正常","無","未繪設快慢車道分隔線","無",59,"未使用",120.297864,22.678622,"高雄市","左營區"
"追撞","2023",9,11,17,"晴","無照明",50,"多岔路","交叉路口內","柏油","乾燥","無遮蔽物","正常","無","未繪設快慢車道分隔線","無",17,"非駕駛人",120.297864,22.678622,"高雄市","左營區"
"路口交岔撞","2023",9,11,19,"晴","有照明且開啟",30,"四岔路","交叉路口內","柏油","乾燥","無遮蔽物","無號誌","無","未繪設快慢車道分隔線","無",80,"未使用",120.444148,23.466899,"嘉義市","西區"
"路口交岔撞","2023",9,11,19,"晴","有照明且開啟",30,"四岔路","交叉路口內","柏油","乾燥","無遮蔽物","無號誌","無","未繪設快慢車道分隔線","無",25,"未使用",120.444148,23.466899,"嘉義市","西區"
"追撞","2023",9,11,20,"晴","有照明且開啟",60,"直路","快車道","柏油","乾燥","無遮蔽物","無號誌","中央分向島","未繪設快慢車道分隔線","有",22,"未使用",120.264355,22.970073,"臺南市","仁德區"
"追撞","2023",9,11,20,"晴","有照明且開啟",60,"直路","快車道","柏油","乾燥","無遮蔽物","無號誌","中央分向島","未繪設快慢車道分隔線","有",42,"未使用",120.264355,22.970073,"臺南市","仁德區"
"追撞","2023",9,11,20,"晴","有照明且開啟",60,"直路","快車道","柏油","乾燥","無遮蔽物","無號誌","中央分向島","未繪設快慢車道分隔線","有",19,"未使用",120.264355,22.970073,"臺南市","仁德區"
"追撞","2023",9,11,20,"晴","有照明且開啟",60,"直路","快車道","柏油","乾燥","無遮蔽物","無號誌","中央分向島","未繪設快慢車道分隔線","有",19,"非駕駛人",120.264355,22.970073,"臺南市","仁德區"
"側撞","2023",9,11,21,"晴","有照明且開啟",50,"四岔路","交叉路口內","柏油","乾燥","無遮蔽物","正常","雙向禁止超車線","快慢車道分隔線","有",53,"未使用",120.296205,22.641694,"高雄市","三民區"
"側撞","2023",9,11,21,"晴","有照明且開啟",50,"四岔路","交叉路口內","柏油","乾燥","無遮蔽物","正常","雙向禁止超車線","快慢車道分隔線","有",27,"未使用",120.296205,22.641694,"高雄市","三民區"
"路上翻車、摔倒","2023",9,12,7,"晴","有照明未開啟或故障",50,"彎曲路及附近","一般車道(未劃分快慢車道)","柏油","乾燥","無遮蔽物","無號誌","雙向禁止超車線","未繪設快慢車道分隔線","有",46,"未使用",121.842028,25.122113,"新北市","瑞芳區"
"路口交岔撞","2023",9,12,13,"晴","有照明未開啟或故障",30,"四岔路","交叉路口內","柏油","乾燥","無遮蔽物","無號誌","無","未繪設快慢車道分隔線","無",29,"未使用",120.376728,22.571452,"高雄市","小港區"
"路口交岔撞","2023",9,12,13,"晴","有照明未開啟或故障",30,"四岔路","交叉路口內","柏油","乾燥","無遮蔽物","無號誌","無","未繪設快慢車道分隔線","無",67,"不明",120.376728,22.571452,"高雄市","小港區"
"其他","2023",9,12,14,"晴","有照明未開啟或故障",30,"直路","一般車道(未劃分快慢車道)","柏油","乾燥","無遮蔽物","無號誌","無","未繪設快慢車道分隔線","有",28,"未使用",121.475229,24.989315,"新北市","土城區"
"其他","2023",9,12,14,"晴","有照明未開啟或故障",30,"直路","一般車道(未劃分快慢車道)","柏油","乾燥","無遮蔽物","無號誌","無","未繪設快慢車道分隔線","有",19,"未使用",121.475229,24.989315,"新北市","土城區"
"其他","2023",9,12,14,"晴","有照明未開啟或故障",30,"直路","一般車道(未劃分快慢車道)","柏油","乾燥","無遮蔽物","無號誌","無","未繪設快慢車道分隔線","有",52,"不明",121.475229,24.989315,"新北市","土城區"
"對撞","2023",9,13,8,"晴","有照明未開啟或故障",30,"彎曲路及附近","一般車道(未劃分快慢車道)","柏油","乾燥","無遮蔽物","無號誌","無","未繪設快慢車道分隔線","有",27,"不明",120.084028,23.123736,"臺南市","七股區"
"對撞","2023",9,13,8,"晴","有照明未開啟或故障",30,"彎曲路及附近","一般車道(未劃分快慢車道)","柏油","乾燥","無遮蔽物","無號誌","無","未繪設快慢車道分隔線","有",40,"未使用",120.084028,23.123736,"臺南市","七股區"
"追撞","2023",9,13,8,"晴","有照明未開啟或故障",60,"直路","迴轉道","柏油","乾燥","無遮蔽物","無號誌","中央分向島","快慢車道分隔線","有",62,"未使用",120.478938,23.88907,"彰化縣","埤頭鄉"
"追撞","2023",9,13,8,"晴","有照明未開啟或故障",60,"直路","迴轉道","柏油","乾燥","無遮蔽物","無號誌","中央分向島","快慢車道分隔線","有",23,"未使用",120.478938,23.88907,"彰化縣","埤頭鄉"
"路口交岔撞","2023",9,13,8,"晴","有照明未開啟或故障",30,"四岔路","交叉路口內","柏油","乾燥","無遮蔽物","無號誌","無","未繪設快慢車道分隔線","無",72,"未使用",120.447033,23.765111,"雲林縣","西螺鎮"
"路口交岔撞","2023",9,13,8,"晴","有照明未開啟或故障",30,"四岔路","交叉路口內","柏油","乾燥","無遮蔽物","無號誌","無","未繪設快慢車道分隔線","無",65,"未使用",120.447033,23.765111,"雲林縣","西螺鎮"
"路口交岔撞","2023",9,13,9,"風","有照明未開啟或故障",50,"四岔路","交叉路口內","柏油","乾燥","無遮蔽物","正常","雙向禁止超車線","未繪設快慢車道分隔線","有",81,"未使用",120.487278,22.584818,"屏東縣","萬丹鄉"
"路口交岔撞","2023",9,13,9,"風","有照明未開啟或故障",50,"四岔路","交叉路口內","柏油","乾燥","無遮蔽物","正常","雙向禁止超車線","未繪設快慢車道分隔線","有",51,"未使用",120.487278,22.584818,"屏東縣","萬丹鄉"
"穿越道路中","2023",9,14,4,"晴","有照明且開啟",50,"直路","快車道","柏油","乾燥","無遮蔽物","無號誌","行車分向線","快慢車道分隔線","有",85,"非駕駛人",120.1855,22.89454,"高雄市","茄萣區"
"穿越道路中","2023",9,14,4,"晴","有照明且開啟",50,"直路","快車道","柏油","乾燥","無遮蔽物","無號誌","行車分向線","快慢車道分隔線","有",60,"未使用",120.1855,22.89454,"高雄市","茄萣區"
"同向通行中","2023",9,14,15,"晴","有照明未開啟或故障",50,"直路","路肩、路緣","柏油","乾燥","無遮蔽物","無號誌","雙向禁止超車線","未繪設快慢車道分隔線","有",64,"未使用",121.053042,24.703756,"新竹縣","北埔鄉"
"同向通行中","2023",9,14,15,"晴","有照明未開啟或故障",50,"直路","路肩、路緣","柏油","乾燥","無遮蔽物","無號誌","雙向禁止超車線","未繪設快慢車道分隔線","有",72,"非駕駛人",121.053042,24.703756,"新竹縣","北埔鄉"
"側撞","2023",9,14,18,"晴","有照明且開啟",50,"四岔路","交叉路口內","柏油","乾燥","無遮蔽物","無號誌","無","未繪設快慢車道分隔線","有",40,"未使用",120.738084,23.76006,"南投縣","鹿谷鄉"
"側撞","2023",9,14,18,"晴","有照明且開啟",50,"四岔路","交叉路口內","柏油","乾燥","無遮蔽物","無號誌","無","未繪設快慢車道分隔線","有",42,"未使用",120.738084,23.76006,"南投縣","鹿谷鄉"
"衝進路中","2023",9,14,19,"晴","有照明且開啟",50,"三岔路","交叉路口內","柏油","乾燥","無遮蔽物","正常","中央分向島","寬式快慢車道分隔島(50公分以上)","有",69,"非駕駛人",121.762865,24.68027,"宜蘭縣","羅東鎮"
"衝進路中","2023",9,14,19,"晴","有照明且開啟",50,"三岔路","交叉路口內","柏油","乾燥","無遮蔽物","正常","中央分向島","寬式快慢車道分隔島(50公分以上)","有",56,"未使用",121.762865,24.68027,"宜蘭縣","羅東鎮"
"側撞","2023",9,15,5,"晴","有照明未開啟或故障",50,"三岔路","交叉路口內","柏油","乾燥","無遮蔽物","正常","無","未繪設快慢車道分隔線","無",82,"未使用",120.210865,23.000495,"臺南市","北區"
"側撞","2023",9,15,5,"晴","有照明未開啟或故障",50,"三岔路","交叉路口內","柏油","乾燥","無遮蔽物","正常","無","未繪設快慢車道分隔線","無",47,"未使用",120.210865,23.000495,"臺南市","北區"
"其他","2023",9,15,7,"晴","有照明未開啟或故障",50,"直路","一般車道(未劃分快慢車道)","柏油","乾燥","無遮蔽物","無號誌","行車分向線","未繪設快慢車道分隔線","有",81,"不明",120.309383,23.619207,"雲林縣","元長鄉"
"其他","2023",9,15,7,"晴","有照明未開啟或故障",50,"直路","一般車道(未劃分快慢車道)","柏油","乾燥","無遮蔽物","無號誌","行車分向線","未繪設快慢車道分隔線","有",21,"不明",120.309383,23.619207,"雲林縣","元長鄉"
"追撞","2023",9,15,8,"晴","有照明未開啟或故障",50,"直路","一般車道(未劃分快慢車道)","柏油","乾燥","無遮蔽物","無號誌","中央分向島","未繪設快慢車道分隔線","有",21,"未使用",120.509629,22.734879,"屏東縣","鹽埔鄉"
"追撞","2023",9,15,8,"晴","有照明未開啟或故障",50,"直路","一般車道(未劃分快慢車道)","柏油","乾燥","無遮蔽物","無號誌","中央分向島","未繪設快慢車道分隔線","有",77,"未使用",120.509629,22.734879,"屏東縣","鹽埔鄉"
"其他","2023",9,15,8,"晴","無照明",50,"彎曲路及附近","一般車道(未劃分快慢車道)","柏油","乾燥","無遮蔽物","無號誌","雙向禁止超車線","未繪設快慢車道分隔線","有",51,"未使用",121.409395,25.099218,"新北市","五股區"
"其他","2023",9,15,8,"晴","無照明",50,"彎曲路及附近","一般車道(未劃分快慢車道)","柏油","乾燥","無遮蔽物","無號誌","雙向禁止超車線","未繪設快慢車道分隔線","有",38,"未使用",121.409395,25.099218,"新北市","五股區"
"路口交岔撞","2023",9,15,16,"晴","有照明未開啟或故障",40,"四岔路","交叉路口內","柏油","乾燥","無遮蔽物","正常","無","未繪設快慢車道分隔線","無",31,"不明",120.580347,24.189038,"臺中市","龍井區"
"路口交岔撞","2023",9,15,16,"晴","有照明未開啟或故障",40,"四岔路","交叉路口內","柏油","乾燥","無遮蔽物","正常","無","未繪設快慢車道分隔線","無",64,"不明",120.580347,24.189038,"臺中市","龍井區"
"側撞","2023",9,15,18,"雨","有照明且開啟",50,"直路","一般車道(未劃分快慢車道)","柏油","濕潤","無遮蔽物","無號誌","行車分向線","未繪設快慢車道分隔線","有",28,"未使用",120.350669,22.720926,"高雄市","大社區"
"側撞","2023",9,15,18,"雨","有照明且開啟",50,"直路","一般車道(未劃分快慢車道)","柏油","濕潤","無遮蔽物","無號誌","行車分向線","未繪設快慢車道分隔線","有",38,"不明",120.350669,22.720926,"高雄市","大社區"
"追撞","2023",9,16,9,"晴","有照明未開啟或故障",60,"四岔路","交叉路口內","柏油","乾燥","無遮蔽物","正常","中央分向島","快慢車道分隔線","有",36,"未使用",120.186545,22.997939,"臺南市","安平區"