"事故類型及型態子類別名稱","發生年度","發生月份","發生日期","發生時間","天候名稱","光線名稱","速限.第1當事者","道路型態子類別名稱","事故位置子類別名稱","路面狀況.路面鋪裝名稱","路面狀況.路面狀態名稱","道路障礙.視距品質名稱","號誌.號誌動作名稱","車道劃分設施.分向設施大類別名稱","車道劃分設施.分道設施.快慢車道間名稱","車道劃分設施.分道設施.路面邊線名稱","當事者事故發生時年齡","行動電話或電腦或其他相類功能裝置名稱","經度","緯度","縣市","鄉鎮"
"追撞","2023",9,16,9,"晴","有照明未開啟或故障",60,"四岔路","交叉路口內","柏油","乾燥","無遮蔽物","正常","中央分向島","快慢車道分隔線","有",72,"不明",120.186545,22.997939,"臺南市","安平區"
"穿越道路中","2023",9,16,10,"晴","無照明",50,"四岔路","交叉路口內","柏油","乾燥","無遮蔽物","無號誌","行車分向線","未繪設快慢車道分隔線","無",42,"未使用",121.513588,25.05405,"臺北市","大同區"
"穿越道路中","2023",9,16,10,"晴","無照明",50,"四岔路","交叉路口內","柏油","乾燥","無遮蔽物","無號誌","行車分向線","未繪設快慢車道分隔線","無",98,"非駕駛人",121.513588,25.05405,"臺北市","大同區"
"路口交岔撞","2023",9,16,12,"晴","有照明未開啟或故障",30,"四岔路","一般車道(未劃分快慢車道)","柏油","乾燥","無遮蔽物","無號誌","無","未繪設快慢車道分隔線","無",43,"不明",121.18801,25.003526,"桃園市","中壢區"
"路口交岔撞","2023",9,16,12,"晴","有照明未開啟或故障",30,"四岔路","一般車道(未劃分快慢車道)","柏油","乾燥","無遮蔽物","無號誌","無","未繪設快慢車道分隔線","無",75,"不明",121.18801,25.003526,"桃園市","中壢區"
"追撞","2023",9,16,12,"晴","有照明未開啟或故障",90,"直路","快車道","柏油","乾燥","無遮蔽物","無號誌","中央分向島","未繪設快慢車道分隔線","有",60,"未使用",121.58923,25.065516,"臺北市","內湖區"
"追撞","2023",9,16,12,"晴","有照明未開啟或故障",90,"直路","快車道","柏油","乾燥","無遮蔽物","無號誌","中央分向島","未繪設快慢車道分隔線","有",65,"不明",121.58923,25.065516,"臺北市","內湖區"
"追撞","2023",9,16,12,"晴","有照明未開啟或故障",90,"直路","快車道","柏油","乾燥","無遮蔽物","無號誌","中央分向島","未繪設快慢車道分隔線","有",43,"未使用",121.58923,25.065516,"臺北市","內湖區"
"追撞","2023",9,16,12,"晴","有照明未開啟或故障",90,"直路","快車道","柏油","乾燥","無遮蔽物","無號誌","中央分向島","未繪設快慢車道分隔線","有",42,"未使用",121.58923,25.065516,"臺北市","內湖區"
"追撞","2023",9,16,12,"晴","有照明未開啟或故障",90,"直路","快車道","柏油","乾燥","無遮蔽物","無號誌","中央分向島","未繪設快慢車道分隔線","有",65,"非駕駛人",121.58923,25.065516,"臺北市","內湖區"
"穿越道路中","2023",9,16,18,"晴","有照明且開啟",50,"四岔路","行人穿越道","柏油","乾燥","無遮蔽物","正常","無","未繪設快慢車道分隔線","無",63,"未使用",121.332299,24.995584,"桃園市","龜山區"
"穿越道路中","2023",9,16,18,"晴","有照明且開啟",50,"四岔路","行人穿越道","柏油","乾燥","無遮蔽物","正常","無","未繪設快慢車道分隔線","無",68,"非駕駛人",121.332299,24.995584,"桃園市","龜山區"
"撞號誌、標誌桿","2023",9,17,4,"晴","有照明且開啟",60,"直路","路肩、路緣","柏油","乾燥","無遮蔽物","無號誌","行車分向線","快慢車道分隔線","有",75,"未使用",121.724489,24.690041,"宜蘭縣","三星鄉"
"對向擦撞","2023",9,17,8,"晴","無照明",30,"直路","一般車道(未劃分快慢車道)","柏油","乾燥","無遮蔽物","無號誌","無","未繪設快慢車道分隔線","無",39,"未使用",120.610579,24.221444,"臺中市","大雅區"
"對向擦撞","2023",9,17,8,"晴","無照明",30,"直路","一般車道(未劃分快慢車道)","柏油","乾燥","無遮蔽物","無號誌","無","未繪設快慢車道分隔線","無",72,"未使用",120.610579,24.221444,"臺中市","大雅區"
"撞護欄(樁)","2023",9,17,14,"陰","無照明",50,"三岔路","交叉路口內","柏油","乾燥","無遮蔽物","無號誌","無","未繪設快慢車道分隔線","有",66,"未使用",121.298983,22.9905,"臺東縣","成功鎮"
"撞護欄(樁)","2023",9,17,14,"陰","無照明",50,"三岔路","交叉路口內","柏油","乾燥","無遮蔽物","無號誌","無","未繪設快慢車道分隔線","有",73,"非駕駛人",121.298983,22.9905,"臺東縣","成功鎮"
"撞護欄(樁)","2023",9,17,14,"陰","無照明",50,"三岔路","交叉路口內","柏油","乾燥","無遮蔽物","無號誌","無","未繪設快慢車道分隔線","有",35,"非駕駛人",121.298983,22.9905,"臺東縣","成功鎮"
"撞護欄(樁)","2023",9,17,14,"陰","無照明",50,"三岔路","交叉路口內","柏油","乾燥","無遮蔽物","無號誌","無","未繪設快慢車道分隔線","有",61,"非駕駛人",121.298983,22.9905,"臺東縣","成功鎮"
"撞護欄(樁)","2023",9,17,14,"陰","無照明",50,"三岔路","交叉路口內","柏油","乾燥","無遮蔽物","無號誌","無","未繪設快慢車道分隔線","有",56,"非駕駛人",121.298983,22.9905,"臺東縣","成功鎮"
"衝出路外","2023",9,17,17,"晴","有照明且開啟",60,"直路","一般車道(未劃分快慢車道)","柏油","乾燥","無遮蔽物","無號誌","雙向禁止超車線","未繪設快慢車道分隔線","有",31,"未使用",120.958706,24.660218,"苗栗縣","三灣鄉"
"撞電桿","2023",9,17,21,"晴","有照明且開啟",50,"直路","一般車道(未劃分快慢車道)","柏油","乾燥","無遮蔽物","無號誌","行車分向線","未繪設快慢車道分隔線","有",28,"未使用",120.81748,24.214983,"臺中市","新社區"
"同向擦撞","2023",9,18,6,"晴","有照明未開啟或故障",50,"四岔路","交叉口附近","柏油","乾燥","無遮蔽物","正常","無","未繪設快慢車道分隔線","無",32,"未使用",121.220178,24.95211,"桃園市","平鎮區"
"同向擦撞","2023",9,18,6,"晴","有照明未開啟或故障",50,"四岔路","交叉口附近","柏油","乾燥","無遮蔽物","正常","無","未繪設快慢車道分隔線","無",22,"未使用",121.220178,24.95211,"桃園市","平鎮區"
"同向擦撞","2023",9,18,6,"晴","有照明未開啟或故障",50,"四岔路","交叉口附近","柏油","乾燥","無遮蔽物","正常","無","未繪設快慢車道分隔線","無",39,"未使用",121.220178,24.95211,"桃園市","平鎮區"
"同向擦撞","2023",9,18,6,"晴","有照明未開啟或故障",50,"四岔路","交叉口附近","柏油","乾燥","無遮蔽物","正常","無","未繪設快慢車道分隔線","無",31,"未使用",121.220178,24.95211,"桃園市","平鎮區"
"同向擦撞","2023",9,18,6,"晴","有照明未開啟或故障",50,"四岔路","交叉口附近","柏油","乾燥","無遮蔽物","正常","無","未繪設快慢車道分隔線","無",27,"未使用",121.220178,24.95211,"桃園市","平鎮區"
"同向擦撞","2023",9,18,6,"晴","有照明未開啟或故障",50,"四岔路","交叉口附近","柏油","乾燥","無遮蔽物","正常","無","未繪設快慢車道分隔線","無",43,"未使用",121.220178,24.95211,"桃園市","平鎮區"
"同向擦撞","2023",9,18,6,"晴","有照明未開啟或故障",50,"四岔路","交叉口附近","柏油","乾燥","無遮蔽物","正常","無","未繪設快慢車道分隔線","無",81,"非駕駛人",121.220178,24.95211,"桃園市","平鎮區"
"撞護欄(樁)","2023",9,18,7,"晴","有照明未開啟或故障",50,"三岔路","交叉口附近","柏油","乾燥","無遮蔽物","無號誌","雙向禁止超車線","未繪設快慢車道分隔線","有",38,"未使用",120.803051,24.234557,"臺中市","新社區"
"其他","2023",9,18,12,"晴","有照明未開啟或故障",30,"直路","一般車道(未劃分快慢車道)","柏油","乾燥","無遮蔽物","無號誌","行車分向線","未繪設快慢車道分隔線","無",67,"未使用",120.341139,22.641061,"高雄市","三民區"
"其他","2023",9,18,12,"晴","有照明未開啟或故障",30,"直路","一般車道(未劃分快慢車道)","柏油","乾燥","無遮蔽物","無號誌","行車分向線","未繪設快慢車道分隔線","無",28,"未使用",120.341139,22.641061,"高雄市","三民區"
"其他","2023",9,18,12,"晴","有照明未開啟或故障",30,"直路","一般車道(未劃分快慢車道)","柏油","乾燥","無遮蔽物","無號誌","行車分向線","未繪設快慢車道分隔線","無",30,"不明",120.341139,22.641061,"高雄市","三民區"
"其他","2023",9,18,12,"晴","有照明未開啟或故障",30,"直路","一般車道(未劃分快慢車道)","柏油","乾燥","無遮蔽物","無號誌","行車分向線","未繪設快慢車道分隔線","無",62,"非駕駛人",120.341139,22.641061,"高雄市","三民區"
"路口交岔撞","2023",9,18,14,"晴","無照明",30,"四岔路","交叉路口內","柏油","乾燥","有遮蔽物","無號誌","無","未繪設快慢車道分隔線","有",42,"不明",120.367489,23.874333,"彰化縣","二林鎮"
"路口交岔撞","2023",9,18,14,"晴","無照明",30,"四岔路","交叉路口內","柏油","乾燥","有遮蔽物","無號誌","無","未繪設快慢車道分隔線","有",85,"不明",120.367489,23.874333,"彰化縣","二林鎮"
"追撞","2023",9,18,18,"晴","有照明且開啟",50,"橋樑","一般車道(未劃分快慢車道)","柏油","乾燥","無遮蔽物","無號誌","中央分向島","寬式快慢車道分隔島(50公分以上)","有",46,"未使用",121.613339,25.061873,"臺北市","南港區"
"追撞","2023",9,18,18,"晴","有照明且開啟",50,"橋樑","一般車道(未劃分快慢車道)","柏油","乾燥","無遮蔽物","無號誌","中央分向島","寬式快慢車道分隔島(50公分以上)","有",58,"未使用",121.613339,25.061873,"臺北市","南港區"
"路口交岔撞","2023",9,19,5,"晴","有照明未開啟或故障",50,"四岔路","交叉路口內","柏油","乾燥","無遮蔽物","正常","無","未繪設快慢車道分隔線","無",81,"未使用",120.459122,23.466653,"嘉義市","東區"
"路口交岔撞","2023",9,19,5,"晴","有照明未開啟或故障",50,"四岔路","交叉路口內","柏油","乾燥","無遮蔽物","正常","無","未繪設快慢車道分隔線","無",25,"未使用",120.459122,23.466653,"嘉義市","東區"
"穿越道路中","2023",9,19,19,"晴","有照明且開啟",50,"直路","快車道","柏油","乾燥","無遮蔽物","無號誌","行車分向線","快慢車道分隔線","無",58,"未使用",120.291045,22.621654,"高雄市","前金區"
"穿越道路中","2023",9,19,19,"晴","有照明且開啟",50,"直路","快車道","柏油","乾燥","無遮蔽物","無號誌","行車分向線","快慢車道分隔線","無",79,"非駕駛人",120.291045,22.621654,"高雄市","前金區"
"穿越道路中","2023",9,20,2,"晴","有照明未開啟或故障",50,"四岔路","交叉口附近","柏油","乾燥","無遮蔽物","無號誌","雙向禁止超車線","未繪設快慢車道分隔線","無",24,"未使用",120.683471,24.134653,"臺中市","東區"
"穿越道路中","2023",9,20,2,"晴","有照明未開啟或故障",50,"四岔路","交叉口附近","柏油","乾燥","無遮蔽物","無號誌","雙向禁止超車線","未繪設快慢車道分隔線","無",69,"非駕駛人",120.683471,24.134653,"臺中市","東區"
"側撞","2023",9,20,7,"晴","有照明未開啟或故障",50,"四岔路","交叉口附近","柏油","乾燥","無遮蔽物","正常","無","未繪設快慢車道分隔線","無",41,"未使用",120.598243,23.702755,"雲林縣","斗六市"
"側撞","2023",9,20,7,"晴","有照明未開啟或故障",50,"四岔路","交叉口附近","柏油","乾燥","無遮蔽物","正常","無","未繪設快慢車道分隔線","無",76,"未使用",120.598243,23.702755,"雲林縣","斗六市"
"同向擦撞","2023",9,20,9,"晴","無照明",30,"直路","一般車道(未劃分快慢車道)","柏油","乾燥","無遮蔽物","無號誌","行車分向線","未繪設快慢車道分隔線","有",54,"不明",120.591218,23.961752,"彰化縣","員林市"
"同向擦撞","2023",9,20,9,"晴","無照明",30,"直路","一般車道(未劃分快慢車道)","柏油","乾燥","無遮蔽物","無號誌","行車分向線","未繪設快慢車道分隔線","有",73,"未使用",120.591218,23.961752,"彰化縣","員林市"
"同向擦撞","2023",9,20,15,"晴","有照明未開啟或故障",50,"三岔路","交叉路口內","柏油","乾燥","無遮蔽物","正常","無","未繪設快慢車道分隔線","無",83,"未使用",120.197537,23.120351,"臺南市","西港區"
"同向擦撞","2023",9,20,15,"晴","有照明未開啟或故障",50,"三岔路","交叉路口內","柏油","乾燥","無遮蔽物","正常","無","未繪設快慢車道分隔線","無",67,"未使用",120.197537,23.120351,"臺南市","西港區"
"其他","2023",9,21,0,"晴","無照明",90,"直路","一般車道(未劃分快慢車道)","柏油","乾燥","無遮蔽物","無號誌","中央分向島","未繪設快慢車道分隔線","有",34,"未使用",121.054488,24.78488,"新竹縣","竹東鎮"
"其他","2023",9,21,0,"晴","無照明",90,"直路","一般車道(未劃分快慢車道)","柏油","乾燥","無遮蔽物","無號誌","中央分向島","未繪設快慢車道分隔線","有",75,"不明",121.054488,24.78488,"新竹縣","竹東鎮"
"其他","2023",9,21,0,"晴","無照明",90,"直路","一般車道(未劃分快慢車道)","柏油","乾燥","無遮蔽物","無號誌","中央分向島","未繪設快慢車道分隔線","有",29,"未使用",121.054488,24.78488,"新竹縣","竹東鎮"
"其他","2023",9,21,0,"晴","無照明",90,"直路","一般車道(未劃分快慢車道)","柏油","乾燥","無遮蔽物","無號誌","中央分向島","未繪設快慢車道分隔線","有",23,"未使用",121.054488,24.78488,"新竹縣","竹東鎮"
"側撞","2023",9,21,7,"晴","有照明未開啟或故障",50,"直路","一般車道(未劃分快慢車道)","柏油","乾燥","無遮蔽物","無號誌","行車分向線","未繪設快慢車道分隔線","有",76,"未使用",120.806642,24.64254,"苗栗縣","後龍鎮"
"側撞","2023",9,21,7,"晴","有照明未開啟或故障",50,"直路","一般車道(未劃分快慢車道)","柏油","乾燥","無遮蔽物","無號誌","行車分向線","未繪設快慢車道分隔線","有",27,"未使用",120.806642,24.64254,"苗栗縣","後龍鎮"
"路口交岔撞","2023",9,21,8,"晴","無照明",30,"四岔路","交叉路口內","水泥","乾燥","無遮蔽物","無號誌","無","未繪設快慢車道分隔線","無",79,"未使用",118.351662,24.463487,"金門縣","金寧鄉"
"路口交岔撞","2023",9,21,8,"晴","無照明",30,"四岔路","交叉路口內","水泥","乾燥","無遮蔽物","無號誌","無","未繪設快慢車道分隔線","無",54,"未使用",118.351662,24.463487,"金門縣","金寧鄉"
"穿越道路中","2023",9,21,11,"晴","有照明未開啟或故障",50,"四岔路","交叉路口內","柏油","乾燥","無遮蔽物","正常","雙向禁止超車線","快慢車道分隔線","有",38,"未使用",120.704135,24.090456,"臺中市","大里區"
"穿越道路中","2023",9,21,11,"晴","有照明未開啟或故障",50,"四岔路","交叉路口內","柏油","乾燥","無遮蔽物","正常","雙向禁止超車線","快慢車道分隔線","有",82,"非駕駛人",120.704135,24.090456,"臺中市","大里區"
"路口交岔撞","2023",9,21,13,"晴","無照明",70,"四岔路","交叉路口內","柏油","乾燥","無遮蔽物","正常","雙向禁止超車線","快慢車道分隔線","有",73,"未使用",120.429705,24.048076,"彰化縣","福興鄉"
"路口交岔撞","2023",9,21,13,"晴","無照明",70,"四岔路","交叉路口內","柏油","乾燥","無遮蔽物","正常","雙向禁止超車線","快慢車道分隔線","有",52,"未使用",120.429705,24.048076,"彰化縣","福興鄉"
"追撞","2023",9,21,23,"晴","有照明且開啟",90,"直路","快車道","柏油","乾燥","無遮蔽物","無號誌","中央分向島","未繪設快慢車道分隔線","有",51,"未使用",120.320427,22.788244,"高雄市","岡山區"
"追撞","2023",9,21,23,"晴","有照明且開啟",90,"直路","快車道","柏油","乾燥","無遮蔽物","無號誌","中央分向島","未繪設快慢車道分隔線","有",32,"未使用",120.320427,22.788244,"高雄市","岡山區"
"追撞","2023",9,21,23,"晴","有照明且開啟",90,"直路","快車道","柏油","乾燥","無遮蔽物","無號誌","中央分向島","未繪設快慢車道分隔線","有",39,"未使用",120.320427,22.788244,"高雄市","岡山區"
"追撞","2023",9,21,23,"晴","有照明且開啟",90,"直路","快車道","柏油","乾燥","無遮蔽物","無號誌","中央分向島","未繪設快慢車道分隔線","有",38,"未使用",120.320427,22.788244,"高雄市","岡山區"
"追撞","2023",9,21,23,"晴","有照明且開啟",90,"直路","快車道","柏油","乾燥","無遮蔽物","無號誌","中央分向島","未繪設快慢車道分隔線","有",62,"未使用",120.320427,22.788244,"高雄市","岡山區"
"追撞","2023",9,21,23,"晴","有照明且開啟",90,"直路","快車道","柏油","乾燥","無遮蔽物","無號誌","中央分向島","未繪設快慢車道分隔線","有",39,"非駕駛人",120.320427,22.788244,"高雄市","岡山區"
"追撞","2023",9,21,23,"晴","有照明且開啟",90,"直路","快車道","柏油","乾燥","無遮蔽物","無號誌","中央分向島","未繪設快慢車道分隔線","有",29,"非駕駛人",120.320427,22.788244,"高雄市","岡山區"
"路口交岔撞","2023",9,22,9,"晴","無照明",70,"四岔路","交叉路口內","柏油","乾燥","無遮蔽物","正常","無","未繪設快慢車道分隔線","無",34,"未使用",120.366262,23.444553,"嘉義縣","水上鄉"
"路口交岔撞","2023",9,22,9,"晴","無照明",70,"四岔路","交叉路口內","柏油","乾燥","無遮蔽物","正常","無","未繪設快慢車道分隔線","無",46,"不明",120.366262,23.444553,"嘉義縣","水上鄉"
"路口交岔撞","2023",9,22,9,"晴","無照明",70,"四岔路","交叉路口內","柏油","乾燥","無遮蔽物","正常","無","未繪設快慢車道分隔線","無",36,"非駕駛人",120.366262,23.444553,"嘉義縣","水上鄉"
"路口交岔撞","2023",9,22,9,"晴","無照明",70,"四岔路","交叉路口內","柏油","乾燥","無遮蔽物","正常","無","未繪設快慢車道分隔線","無",6,"非駕駛人",120.366262,23.444553,"嘉義縣","水上鄉"
"在路上作業中","2023",9,22,18,"晴","有照明且開啟",70,"三岔路","一般車道(未劃分快慢車道)","柏油","乾燥","無遮蔽物","無號誌","中央分向島","未繪設快慢車道分隔線","有",39,"未使用",120.740211,23.984345,"南投縣","草屯鎮"
"在路上作業中","2023",9,22,18,"晴","有照明且開啟",70,"三岔路","一般車道(未劃分快慢車道)","柏油","乾燥","無遮蔽物","無號誌","中央分向島","未繪設快慢車道分隔線","有",29,"非駕駛人",120.740211,23.984345,"南投縣","草屯鎮"
"在路上作業中","2023",9,22,18,"晴","有照明且開啟",70,"三岔路","一般車道(未劃分快慢車道)","柏油","乾燥","無遮蔽物","無號誌","中央分向島","未繪設快慢車道分隔線","有",49,"未使用",120.740211,23.984345,"南投縣","草屯鎮"
"其他","2023",9,22,20,"晴","有照明且開啟",30,"直路","一般車道(未劃分快慢車道)","柏油","乾燥","無遮蔽物","無號誌","無","未繪設快慢車道分隔線","無",50,"未使用",121.059441,22.720091,"臺東縣","臺東市"
"其他","2023",9,22,20,"晴","有照明且開啟",30,"直路","一般車道(未劃分快慢車道)","柏油","乾燥","無遮蔽物","無號誌","無","未繪設快慢車道分隔線","無",47,"非駕駛人",121.059441,22.720091,"臺東縣","臺東市"
"其他","2023",9,23,9,"晴","無照明",50,"直路","一般車道(未劃分快慢車道)","柏油","乾燥","無遮蔽物","無號誌","中央分向島","未繪設快慢車道分隔線","有",81,"不明",121.496319,25.00367,"新北市","中和區"
"其他","2023",9,23,9,"晴","無照明",50,"直路","一般車道(未劃分快慢車道)","柏油","乾燥","無遮蔽物","無號誌","中央分向島","未繪設快慢車道分隔線","有",79,"非駕駛人",121.496319,25.00367,"新北市","中和區"
"穿越道路中","2023",9,23,18,"晴","有照明且開啟",50,"三岔路","行人穿越道","柏油","乾燥","無遮蔽物","正常","無","未繪設快慢車道分隔線","無",92,"非駕駛人",121.307052,24.937532,"桃園市","八德區"
"穿越道路中","2023",9,23,18,"晴","有照明且開啟",50,"三岔路","行人穿越道","柏油","乾燥","無遮蔽物","正常","無","未繪設快慢車道分隔線","無",68,"未使用",121.307052,24.937532,"桃園市","八德區"
"路上翻車、摔倒","2023",9,24,3,"晴","無照明",40,"彎曲路及附近","一般車道(未劃分快慢車道)","柏油","乾燥","無遮蔽物","無號誌","雙向禁止超車線","未繪設快慢車道分隔線","有",49,"不明",121.787432,24.432811,"宜蘭縣","南澳鄉"
"撞護欄(樁)","2023",9,24,4,"晴","有照明且開啟",40,"其他","其他","柏油","乾燥","無遮蔽物","無號誌","無","未繪設快慢車道分隔線","有",41,"未使用",120.333615,23.130946,"臺南市","善化區"
"側撞","2023",9,24,9,"晴","無照明",50,"直路","一般車道(未劃分快慢車道)","柏油","乾燥","無遮蔽物","正常","中央分向島","未繪設快慢車道分隔線","無",72,"未使用",121.739316,25.134184,"基隆市","中山區"
"側撞","2023",9,24,9,"晴","無照明",50,"直路","一般車道(未劃分快慢車道)","柏油","乾燥","無遮蔽物","正常","中央分向島","未繪設快慢車道分隔線","無",49,"未使用",121.739316,25.134184,"基隆市","中山區"
"路口交岔撞","2023",9,24,10,"晴","無照明",30,"四岔路","交叉路口內","柏油","乾燥","無遮蔽物","無號誌","無","未繪設快慢車道分隔線","有",20,"未使用",120.384418,23.565397,"嘉義縣","新港鄉"
"路口交岔撞","2023",9,24,10,"晴","無照明",30,"四岔路","交叉路口內","柏油","乾燥","無遮蔽物","無號誌","無","未繪設快慢車道分隔線","有",88,"不明",120.384418,23.565397,"嘉義縣","新港鄉"
"路口交岔撞","2023",9,24,12,"晴","有照明未開啟或故障",30,"四岔路","交叉路口內","柏油","乾燥","無遮蔽物","無號誌","無","未繪設快慢車道分隔線","有",28,"未使用",120.4016,22.61705,"高雄市","大寮區"
"路口交岔撞","2023",9,24,12,"晴","有照明未開啟或故障",30,"四岔路","交叉路口內","柏油","乾燥","無遮蔽物","無號誌","無","未繪設快慢車道分隔線","有",63,"不明",120.4016,22.61705,"高雄市","大寮區"
"側撞","2023",9,24,16,"晴","無照明",30,"三岔路","交叉路口內","柏油","乾燥","無遮蔽物","無號誌","無","未繪設快慢車道分隔線","無",75,"未使用",120.249783,23.233946,"臺南市","下營區"
"側撞","2023",9,24,16,"晴","無照明",30,"三岔路","交叉路口內","柏油","乾燥","無遮蔽物","無號誌","無","未繪設快慢車道分隔線","無",35,"未使用",120.249783,23.233946,"臺南市","下營區"
"穿越道路中","2023",9,24,19,"風","有照明且開啟",50,"直路","一般車道(未劃分快慢車道)","柏油","乾燥","無遮蔽物","無號誌","雙向禁止超車線","快慢車道分隔線","有",63,"不明",121.328556,24.935824,"新北市","鶯歌區"
"穿越道路中","2023",9,24,19,"風","有照明且開啟",50,"直路","一般車道(未劃分快慢車道)","柏油","乾燥","無遮蔽物","無號誌","雙向禁止超車線","快慢車道分隔線","有",55,"非駕駛人",121.328556,24.935824,"新北市","鶯歌區"
"穿越道路中","2023",9,24,19,"風","有照明且開啟",50,"直路","一般車道(未劃分快慢車道)","柏油","乾燥","無遮蔽物","無號誌","雙向禁止超車線","快慢車道分隔線","有",38,"未使用",121.328556,24.935824,"新北市","鶯歌區"
"撞護欄(樁)","2023",9,24,22,"晴","有照明且開啟",30,"四岔路","交叉口附近","柏油","乾燥","無遮蔽物","無號誌","無","未繪設快慢車道分隔線","有",72,"未使用",121.771317,24.651188,"宜蘭縣","冬山鄉"
"側撞","2023",9,25,8,"晴","無照明",50,"四岔路","交叉路口內","柏油","乾燥","無遮蔽物","正常","無","未繪設快慢車道分隔線","無",71,"未使用",120.316127,23.324296,"臺南市","新營區"
"側撞","2023",9,25,8,"晴","無照明",50,"四岔路","交叉路口內","柏油","乾燥","無遮蔽物","正常","無","未繪設快慢車道分隔線","無",31,"未使用",120.316127,23.324296,"臺南市","新營區"
"側撞","2023",9,25,8,"晴","無照明",50,"四岔路","交叉路口內","柏油","乾燥","無遮蔽物","正常","無","未繪設快慢車道分隔線","無",2,"非駕駛人",120.316127,23.324296,"臺南市","新營區"
"側撞","2023",9,25,14,"晴","有照明未開啟或故障",50,"三岔路","交叉路口內","柏油","乾燥","無遮蔽物","正常","無","未繪設快慢車道分隔線","無",69,"未使用",121.198742,25.049683,"桃園市","大園區"
"側撞","2023",9,25,14,"晴","有照明未開啟或故障",50,"三岔路","交叉路口內","柏油","乾燥","無遮蔽物","正常","無","未繪設快慢車道分隔線","無",23,"未使用",121.198742,25.049683,"桃園市","大園區"
"路上翻車、摔倒","2023",9,25,14,"晴","有照明未開啟或故障",50,"彎曲路及附近","一般車道(未劃分快慢車道)","柏油","乾燥","無遮蔽物","無號誌","雙向禁止超車線","未繪設快慢車道分隔線","有",42,"未使用",120.986728,24.775103,"新竹縣","寶山鄉"
"追撞","2023",9,25,23,"陰","有照明且開啟",70,"直路","一般車道(未劃分快慢車道)","柏油","乾燥","無遮蔽物","無號誌","行車分向線","快慢車道分隔線","有",72,"不明",120.465043,24.012147,"彰化縣","埔鹽鄉"
"追撞","2023",9,25,23,"陰","有照明且開啟",70,"直路","一般車道(未劃分快慢車道)","柏油","乾燥","無遮蔽物","無號誌","行車分向線","快慢車道分隔線","有",43,"未使用",120.465043,24.012147,"彰化縣","埔鹽鄉"
"其他","2023",9,26,8,"晴","有照明未開啟或故障",50,"直路","一般車道(未劃分快慢車道)","柏油","乾燥","無遮蔽物","無號誌","雙向禁止超車線","未繪設快慢車道分隔線","有",75,"未使用",120.980795,24.899034,"新竹縣","新豐鄉"
"其他","2023",9,26,8,"晴","有照明未開啟或故障",50,"直路","一般車道(未劃分快慢車道)","柏油","乾燥","無遮蔽物","無號誌","雙向禁止超車線","未繪設快慢車道分隔線","有",56,"未使用",120.980795,24.899034,"新竹縣","新豐鄉"
"追撞","2023",9,26,13,"晴","有照明未開啟或故障",100,"高架道路","快車道","柏油","乾燥","無遮蔽物","無號誌","無","未繪設快慢車道分隔線","有",31,"未使用",121.130054,24.894636,"桃園市","楊梅區"
"追撞","2023",9,26,13,"晴","有照明未開啟或故障",100,"高架道路","快車道","柏油","乾燥","無遮蔽物","無號誌","無","未繪設快慢車道分隔線","有",27,"未使用",121.130054,24.894636,"桃園市","楊梅區"
"追撞","2023",9,26,13,"晴","有照明未開啟或故障",100,"高架道路","快車道","柏油","乾燥","無遮蔽物","無號誌","無","未繪設快慢車道分隔線","有",37,"未使用",121.130054,24.894636,"桃園市","楊梅區"
"追撞","2023",9,26,18,"晴","有照明且開啟",40,"直路","一般車道(未劃分快慢車道)","柏油","乾燥","無遮蔽物","無號誌","雙向禁止超車線","未繪設快慢車道分隔線","有",69,"未使用",118.317449,24.399804,"金門縣","金城鎮"
"追撞","2023",9,26,18,"晴","有照明且開啟",40,"直路","一般車道(未劃分快慢車道)","柏油","乾燥","無遮蔽物","無號誌","雙向禁止超車線","未繪設快慢車道分隔線","有",15,"未使用",118.317449,24.399804,"金門縣","金城鎮"
"追撞","2023",9,26,18,"晴","有照明且開啟",40,"直路","一般車道(未劃分快慢車道)","柏油","乾燥","無遮蔽物","無號誌","雙向禁止超車線","未繪設快慢車道分隔線","有",74,"非駕駛人",118.317449,24.399804,"金門縣","金城鎮"
"撞電桿","2023",9,26,21,"晴","無照明",50,"直路","一般車道(未劃分快慢車道)","柏油","乾燥","無遮蔽物","無號誌","雙向禁止超車線","未繪設快慢車道分隔線","有",23,"未使用",120.958318,23.955569,"南投縣","埔里鎮"
"撞電桿","2023",9,26,21,"晴","無照明",50,"直路","一般車道(未劃分快慢車道)","柏油","乾燥","無遮蔽物","無號誌","雙向禁止超車線","未繪設快慢車道分隔線","有",20,"非駕駛人",120.958318,23.955569,"南投縣","埔里鎮"
"其他","2023",9,26,22,"晴","有照明且開啟",50,"直路","其他","柏油","乾燥","無遮蔽物","無號誌","雙向禁止超車線","未繪設快慢車道分隔線","無",55,"不明",120.894249,24.685372,"苗栗縣","頭份市"
"其他","2023",9,26,22,"晴","有照明且開啟",50,"直路","其他","柏油","乾燥","無遮蔽物","無號誌","雙向禁止超車線","未繪設快慢車道分隔線","無",26,"不明",120.894249,24.685372,"苗栗縣","頭份市"