"事故類型及型態子類別名稱","發生年度","發生月份","發生日期","發生時間","天候名稱","光線名稱","速限.第1當事者","道路型態子類別名稱","事故位置子類別名稱","路面狀況.路面鋪裝名稱","路面狀況.路面狀態名稱","道路障礙.視距品質名稱","號誌.號誌動作名稱","車道劃分設施.分向設施大類別名稱","車道劃分設施.分道設施.快慢車道間名稱","車道劃分設施.分道設施.路面邊線名稱","當事者事故發生時年齡","行動電話或電腦或其他相類功能裝置名稱","經度","緯度","縣市","鄉鎮"
"其他","2023",9,28,6,"晴","有照明未開啟或故障",50,"直路","路肩、路緣","柏油","乾燥","無遮蔽物","無號誌","行車分向線","快慢車道分隔線","有",44,"不明",120.24386,22.95782,"臺南市","仁德區"
"撞電桿","2023",9,28,13,"晴","有照明未開啟或故障",50,"直路","路肩、路緣","柏油","乾燥","無遮蔽物","無號誌","中央分向島","未繪設快慢車道分隔線","有",37,"未使用",120.512875,24.056903,"彰化縣","彰化市"
"側撞","2023",9,28,13,"晴","有照明未開啟或故障",50,"直路","一般車道(未劃分快慢車道)","柏油","乾燥","無遮蔽物","無號誌","行車分向線","未繪設快慢車道分隔線","有",87,"未使用",120.306586,23.040098,"臺南市","新化區"
"側撞","2023",9,28,13,"晴","有照明未開啟或故障",50,"直路","一般車道(未劃分快慢車道)","柏油","乾燥","無遮蔽物","無號誌","行車分向線","未繪設快慢車道分隔線","有",19,"未使用",120.306586,23.040098,"臺南市","新化區"
"對撞","2023",9,28,14,"晴","有照明未開啟或故障",50,"彎曲路及附近","一般車道(未劃分快慢車道)","柏油","乾燥","無遮蔽物","無號誌","雙向禁止超車線","未繪設快慢車道分隔線","有",56,"未使用",121.393063,24.972292,"新北市","樹林區"
"對撞","2023",9,28,14,"晴","有照明未開啟或故障",50,"彎曲路及附近","一般車道(未劃分快慢車道)","柏油","乾燥","無遮蔽物","無號誌","雙向禁止超車線","未繪設快慢車道分隔線","有",26,"未使用",121.393063,24.972292,"新北市","樹林區"
"路口交岔撞","2023",9,28,16,"晴","有照明未開啟或故障",30,"四岔路","交叉口附近","柏油","乾燥","無遮蔽物","無號誌","無","未繪設快慢車道分隔線","有",54,"未使用",120.537598,23.765319,"雲林縣","莿桐鄉"
"路口交岔撞","2023",9,28,16,"晴","有照明未開啟或故障",30,"四岔路","交叉口附近","柏油","乾燥","無遮蔽物","無號誌","無","未繪設快慢車道分隔線","有",70,"未使用",120.537598,23.765319,"雲林縣","莿桐鄉"
"穿越道路中","2023",9,28,19,"晴","無照明",50,"直路","一般車道(未劃分快慢車道)","柏油","乾燥","無遮蔽物","無號誌","行車分向線","未繪設快慢車道分隔線","有",24,"未使用",120.63092,24.399418,"臺中市","大甲區"
"穿越道路中","2023",9,28,19,"晴","無照明",50,"直路","一般車道(未劃分快慢車道)","柏油","乾燥","無遮蔽物","無號誌","行車分向線","未繪設快慢車道分隔線","有",77,"非駕駛人",120.63092,24.399418,"臺中市","大甲區"
"路口交岔撞","2023",9,29,7,"晴","有照明未開啟或故障",50,"四岔路","交叉路口內","柏油","乾燥","無遮蔽物","正常","無","未繪設快慢車道分隔線","無",73,"未使用",120.677078,24.185883,"臺中市","北屯區"
"路口交岔撞","2023",9,29,7,"晴","有照明未開啟或故障",50,"四岔路","交叉路口內","柏油","乾燥","無遮蔽物","正常","無","未繪設快慢車道分隔線","無",30,"未使用",120.677078,24.185883,"臺中市","北屯區"
"衝出路外","2023",9,29,15,"晴","無照明",50,"彎曲路及附近","路肩、路緣","柏油","乾燥","無遮蔽物","無號誌","雙向禁止超車線","快慢車道分隔線","有",22,"不明",121.2208,24.88129,"桃園市","龍潭區"
"側撞","2023",9,30,0,"晴","有照明且開啟",60,"多岔路","交叉路口內","柏油","乾燥","無遮蔽物","正常","中央分向島","未繪設快慢車道分隔線","有",29,"未使用",120.269616,22.732651,"高雄市","橋頭區"
"側撞","2023",9,30,0,"晴","有照明且開啟",60,"多岔路","交叉路口內","柏油","乾燥","無遮蔽物","正常","中央分向島","未繪設快慢車道分隔線","有",27,"未使用",120.269616,22.732651,"高雄市","橋頭區"
"側撞","2023",9,30,0,"晴","有照明且開啟",60,"多岔路","交叉路口內","柏油","乾燥","無遮蔽物","正常","中央分向島","未繪設快慢車道分隔線","有",18,"未使用",120.269616,22.732651,"高雄市","橋頭區"
"撞路樹","2023",9,30,1,"晴","無照明",60,"彎曲路及附近","路肩、路緣","柏油","乾燥","無遮蔽物","無號誌","雙向禁止超車線","快慢車道分隔線","有",26,"未使用",121.344379,23.059007,"臺東縣","成功鎮"
"追撞","2023",9,30,2,"晴","有照明且開啟",110,"直路","快車道","柏油","乾燥","無遮蔽物","無號誌","中央分向島","未繪設快慢車道分隔線","有",44,"未使用",121.342823,24.961463,"新北市","鶯歌區"
"追撞","2023",9,30,2,"晴","有照明且開啟",110,"直路","快車道","柏油","乾燥","無遮蔽物","無號誌","中央分向島","未繪設快慢車道分隔線","有",62,"未使用",121.342823,24.961463,"新北市","鶯歌區"
"追撞","2023",9,30,2,"晴","有照明且開啟",110,"直路","快車道","柏油","乾燥","無遮蔽物","無號誌","中央分向島","未繪設快慢車道分隔線","有",47,"未使用",121.342823,24.961463,"新北市","鶯歌區"
"追撞","2023",9,30,2,"晴","有照明且開啟",110,"直路","快車道","柏油","乾燥","無遮蔽物","無號誌","中央分向島","未繪設快慢車道分隔線","有",38,"未使用",121.342823,24.961463,"新北市","鶯歌區"
"追撞","2023",9,30,2,"晴","有照明且開啟",110,"直路","快車道","柏油","乾燥","無遮蔽物","無號誌","中央分向島","未繪設快慢車道分隔線","有",48,"未使用",121.342823,24.961463,"新北市","鶯歌區"
"追撞","2023",9,30,2,"晴","有照明且開啟",110,"直路","快車道","柏油","乾燥","無遮蔽物","無號誌","中央分向島","未繪設快慢車道分隔線","有",22,"未使用",121.342823,24.961463,"新北市","鶯歌區"
"追撞","2023",9,30,2,"晴","有照明且開啟",110,"直路","快車道","柏油","乾燥","無遮蔽物","無號誌","中央分向島","未繪設快慢車道分隔線","有",24,"未使用",121.342823,24.961463,"新北市","鶯歌區"
"追撞","2023",9,30,2,"晴","有照明且開啟",110,"直路","快車道","柏油","乾燥","無遮蔽物","無號誌","中央分向島","未繪設快慢車道分隔線","有",62,"非駕駛人",121.342823,24.961463,"新北市","鶯歌區"
"路口交岔撞","2023",9,30,4,"晴","有照明且開啟",40,"四岔路","交叉路口內","水泥","乾燥","無遮蔽物","正常","雙向禁止超車線","未繪設快慢車道分隔線","有",66,"未使用",120.321074,23.843726,"彰化縣","社頭鄉"
"路口交岔撞","2023",9,30,4,"晴","有照明且開啟",40,"四岔路","交叉路口內","水泥","乾燥","無遮蔽物","正常","雙向禁止超車線","未繪設快慢車道分隔線","有",24,"不明",120.321074,23.843726,"彰化縣","社頭鄉"
"路口交岔撞","2023",9,30,4,"晴","有照明且開啟",40,"四岔路","交叉路口內","水泥","乾燥","無遮蔽物","正常","雙向禁止超車線","未繪設快慢車道分隔線","有",24,"非駕駛人",120.321074,23.843726,"彰化縣","社頭鄉"
"衝出路外","2023",9,30,6,"晴","有照明未開啟或故障",50,"直路","路肩、路緣","柏油","乾燥","無遮蔽物","無號誌","雙向禁止超車線","快慢車道分隔線","有",61,"不明",120.307312,23.475851,"嘉義縣","太保市"
"同向擦撞","2023",9,30,10,"晴","有照明未開啟或故障",50,"直路","快車道","柏油","乾燥","無遮蔽物","無號誌","雙向禁止超車線","快慢車道分隔線","有",62,"未使用",120.578934,23.927985,"彰化縣","員林市"
"同向擦撞","2023",9,30,10,"晴","有照明未開啟或故障",50,"直路","快車道","柏油","乾燥","無遮蔽物","無號誌","雙向禁止超車線","快慢車道分隔線","有",62,"未使用",120.578934,23.927985,"彰化縣","員林市"
"穿越道路中","2023",9,30,16,"晴","無照明",50,"直路","一般車道(未劃分快慢車道)","柏油","乾燥","無遮蔽物","無號誌","雙向禁止超車線","未繪設快慢車道分隔線","有",52,"未使用",120.418382,22.590995,"高雄市","大寮區"
"穿越道路中","2023",9,30,16,"晴","無照明",50,"直路","一般車道(未劃分快慢車道)","柏油","乾燥","無遮蔽物","無號誌","雙向禁止超車線","未繪設快慢車道分隔線","有",78,"非駕駛人",120.418382,22.590995,"高雄市","大寮區"
"其他","2023",9,30,18,"晴","有照明且開啟",40,"直路","快車道","柏油","乾燥","無遮蔽物","無號誌","雙向禁止超車線","快慢車道分隔線","有",53,"未使用",120.6025,23.10745,"高雄市","甲仙區"
"其他","2023",9,30,18,"晴","有照明且開啟",40,"直路","快車道","柏油","乾燥","無遮蔽物","無號誌","雙向禁止超車線","快慢車道分隔線","有",70,"非駕駛人",120.6025,23.10745,"高雄市","甲仙區"
"穿越道路中","2023",9,30,18,"晴","有照明且開啟",50,"直路","一般車道(未劃分快慢車道)","柏油","乾燥","無遮蔽物","無號誌","雙向禁止超車線","未繪設快慢車道分隔線","有",76,"非駕駛人",120.698348,24.475226,"苗栗縣","通霄鎮"
"穿越道路中","2023",9,30,18,"晴","有照明且開啟",50,"直路","一般車道(未劃分快慢車道)","柏油","乾燥","無遮蔽物","無號誌","雙向禁止超車線","未繪設快慢車道分隔線","有",33,"未使用",120.698348,24.475226,"苗栗縣","通霄鎮"
"穿越道路中","2023",9,30,18,"晴","有照明且開啟",50,"直路","一般車道(未劃分快慢車道)","柏油","乾燥","無遮蔽物","無號誌","雙向禁止超車線","未繪設快慢車道分隔線","有",34,"非駕駛人",120.698348,24.475226,"苗栗縣","通霄鎮"
"穿越道路中","2023",9,30,18,"晴","有照明且開啟",50,"直路","一般車道(未劃分快慢車道)","柏油","乾燥","無遮蔽物","無號誌","雙向禁止超車線","未繪設快慢車道分隔線","有",28,"非駕駛人",120.698348,24.475226,"苗栗縣","通霄鎮"
"撞電桿","2023",10,1,3,"晴","有照明且開啟",50,"直路","一般車道(未劃分快慢車道)","柏油","乾燥","無遮蔽物","無號誌","行車分向線","未繪設快慢車道分隔線","有",29,"不明",120.355918,23.638226,"雲林縣","元長鄉"
"衝出路外","2023",10,1,13,"晴","無照明",40,"彎曲路及附近","路肩、路緣","柏油","乾燥","無遮蔽物","無號誌","雙向禁止超車線","未繪設快慢車道分隔線","有",47,"未使用",120.797153,22.229618,"屏東縣","獅子鄉"
"穿越道路中","2023",10,1,18,"晴","有照明且開啟",0,"三岔路","交叉口附近","柏油","乾燥","無遮蔽物","無號誌","雙向禁止超車線","快慢車道分隔線","有",72,"非駕駛人",120.287132,23.152144,"臺南市","善化區"
"穿越道路中","2023",10,1,18,"晴","有照明且開啟",0,"三岔路","交叉口附近","柏油","乾燥","無遮蔽物","無號誌","雙向禁止超車線","快慢車道分隔線","有",24,"未使用",120.287132,23.152144,"臺南市","善化區"
"撞交通島","2023",10,2,5,"晴","有照明且開啟",50,"彎曲路及附近","一般車道(未劃分快慢車道)","柏油","乾燥","無遮蔽物","無號誌","中央分向島","快慢車道分隔線","有",77,"未使用",121.25399,25.044502,"桃園市","蘆竹區"
"路口交岔撞","2023",10,2,5,"晴","有照明未開啟或故障",40,"四岔路","交叉路口內","柏油","乾燥","無遮蔽物","正常","無","未繪設快慢車道分隔線","無",19,"未使用",120.220628,23.357848,"嘉義縣","義竹鄉"
"路口交岔撞","2023",10,2,5,"晴","有照明未開啟或故障",40,"四岔路","交叉路口內","柏油","乾燥","無遮蔽物","正常","無","未繪設快慢車道分隔線","無",45,"未使用",120.220628,23.357848,"嘉義縣","義竹鄉"
"穿越道路中","2023",10,2,8,"晴","無照明",40,"三岔路","行人穿越道","柏油","乾燥","無遮蔽物","正常","無","未繪設快慢車道分隔線","有",57,"未使用",120.583011,23.992886,"彰化縣","大村鄉"
"穿越道路中","2023",10,2,8,"晴","無照明",40,"三岔路","行人穿越道","柏油","乾燥","無遮蔽物","正常","無","未繪設快慢車道分隔線","有",88,"非駕駛人",120.583011,23.992886,"彰化縣","大村鄉"
"路口交岔撞","2023",10,2,10,"晴","有照明且開啟",30,"多岔路","交叉路口內","柏油","乾燥","無遮蔽物","無號誌","無","未繪設快慢車道分隔線","無",65,"不明",120.194656,23.697736,"雲林縣","臺西鄉"
"路口交岔撞","2023",10,2,10,"晴","有照明且開啟",30,"多岔路","交叉路口內","柏油","乾燥","無遮蔽物","無號誌","無","未繪設快慢車道分隔線","無",64,"不明",120.194656,23.697736,"雲林縣","臺西鄉"
"對撞","2023",10,2,11,"晴","有照明且開啟",40,"彎曲路及附近","一般車道(未劃分快慢車道)","柏油","乾燥","無遮蔽物","無號誌","無","未繪設快慢車道分隔線","有",67,"未使用",120.69382,24.05772,"臺中市","霧峰區"
"對撞","2023",10,2,11,"晴","有照明且開啟",40,"彎曲路及附近","一般車道(未劃分快慢車道)","柏油","乾燥","無遮蔽物","無號誌","無","未繪設快慢車道分隔線","有",50,"未使用",120.69382,24.05772,"臺中市","霧峰區"
"撞建築物","2023",10,2,11,"晴","無照明",50,"彎曲路及附近","路肩、路緣","柏油","乾燥","無遮蔽物","無號誌","雙向禁止超車線","未繪設快慢車道分隔線","有",51,"不明",120.467903,23.691475,"雲林縣","斗南鎮"
"撞交通島","2023",10,2,12,"晴","有照明未開啟或故障",50,"四岔路","交叉路口內","柏油","乾燥","無遮蔽物","正常","中央分向島","未繪設快慢車道分隔線","有",85,"未使用",120.578656,23.952386,"彰化縣","員林市"
"穿越道路中","2023",10,2,12,"晴","無照明",50,"多岔路","行人穿越道","柏油","乾燥","無遮蔽物","正常","無","未繪設快慢車道分隔線","無",61,"不明",120.240999,23.185006,"臺南市","麻豆區"
"穿越道路中","2023",10,2,12,"晴","無照明",50,"多岔路","行人穿越道","柏油","乾燥","無遮蔽物","正常","無","未繪設快慢車道分隔線","無",67,"非駕駛人",120.240999,23.185006,"臺南市","麻豆區"
"路口交岔撞","2023",10,2,14,"陰","無照明",50,"四岔路","交叉路口內","柏油","濕潤","無遮蔽物","正常","中央分向島","窄式快慢車道分隔島(無柵欄)","有",37,"未使用",120.527215,22.717893,"屏東縣","長治鄉"
"路口交岔撞","2023",10,2,14,"陰","無照明",50,"四岔路","交叉路口內","柏油","濕潤","無遮蔽物","正常","中央分向島","窄式快慢車道分隔島(無柵欄)","有",18,"未使用",120.527215,22.717893,"屏東縣","長治鄉"
"撞電桿","2023",10,2,15,"晴","有照明未開啟或故障",50,"直路","一般車道(未劃分快慢車道)","柏油","乾燥","無遮蔽物","無號誌","雙向禁止超車線","未繪設快慢車道分隔線","無",43,"未使用",120.748801,24.197827,"臺中市","北屯區"
"倒車撞","2023",10,3,7,"晴","有照明未開啟或故障",60,"三岔路","交叉路口內","柏油","乾燥","無遮蔽物","無號誌","無","未繪設快慢車道分隔線","無",45,"未使用",120.548527,23.517025,"嘉義縣","竹崎鄉"
"倒車撞","2023",10,3,7,"晴","有照明未開啟或故障",60,"三岔路","交叉路口內","柏油","乾燥","無遮蔽物","無號誌","無","未繪設快慢車道分隔線","無",61,"未使用",120.548527,23.517025,"嘉義縣","竹崎鄉"
"倒車撞","2023",10,3,7,"晴","有照明未開啟或故障",60,"三岔路","交叉路口內","柏油","乾燥","無遮蔽物","無號誌","無","未繪設快慢車道分隔線","無",27,"不明",120.548527,23.517025,"嘉義縣","竹崎鄉"
"穿越道路中","2023",10,3,8,"陰","無照明",30,"四岔路","交叉路口內","柏油","乾燥","無遮蔽物","正常","雙向禁止超車線","未繪設快慢車道分隔線","無",41,"未使用",121.567986,25.052382,"臺北市","松山區"
"穿越道路中","2023",10,3,8,"陰","無照明",30,"四岔路","交叉路口內","柏油","乾燥","無遮蔽物","正常","雙向禁止超車線","未繪設快慢車道分隔線","無",82,"非駕駛人",121.567986,25.052382,"臺北市","松山區"
"穿越道路中","2023",10,3,8,"陰","無照明",30,"四岔路","交叉路口內","柏油","乾燥","無遮蔽物","正常","雙向禁止超車線","未繪設快慢車道分隔線","無",59,"未使用",121.567986,25.052382,"臺北市","松山區"
"路口交岔撞","2023",10,3,8,"晴","有照明未開啟或故障",50,"四岔路","交叉路口內","柏油","乾燥","無遮蔽物","正常","無","未繪設快慢車道分隔線","無",32,"不明",120.210454,23.003986,"臺南市","北區"
"路口交岔撞","2023",10,3,8,"晴","有照明未開啟或故障",50,"四岔路","交叉路口內","柏油","乾燥","無遮蔽物","正常","無","未繪設快慢車道分隔線","無",75,"不明",120.210454,23.003986,"臺南市","北區"
"路口交岔撞","2023",10,3,8,"陰","無照明",50,"三岔路","交叉路口內","柏油","乾燥","無遮蔽物","正常","中央分向島","未繪設快慢車道分隔線","無",21,"未使用",121.525616,25.007763,"新北市","永和區"
"路口交岔撞","2023",10,3,8,"陰","無照明",50,"三岔路","交叉路口內","柏油","乾燥","無遮蔽物","正常","中央分向島","未繪設快慢車道分隔線","無",38,"未使用",121.525616,25.007763,"新北市","永和區"
"同向擦撞","2023",10,3,10,"晴","有照明未開啟或故障",50,"直路","快車道","柏油","乾燥","無遮蔽物","無號誌","雙向禁止超車線","快慢車道分隔線","有",84,"未使用",120.681815,24.115258,"臺中市","大里區"
"同向擦撞","2023",10,3,10,"晴","有照明未開啟或故障",50,"直路","快車道","柏油","乾燥","無遮蔽物","無號誌","雙向禁止超車線","快慢車道分隔線","有",39,"未使用",120.681815,24.115258,"臺中市","大里區"
"路口交岔撞","2023",10,3,11,"晴","有照明未開啟或故障",50,"四岔路","交叉路口內","柏油","乾燥","無遮蔽物","無號誌","無","未繪設快慢車道分隔線","無",56,"未使用",120.831232,24.612215,"苗栗縣","後龍鎮"
"路口交岔撞","2023",10,3,11,"晴","有照明未開啟或故障",50,"四岔路","交叉路口內","柏油","乾燥","無遮蔽物","無號誌","無","未繪設快慢車道分隔線","無",64,"未使用",120.831232,24.612215,"苗栗縣","後龍鎮"
"側撞","2023",10,4,8,"陰","有照明未開啟或故障",50,"四岔路","交叉路口內","柏油","乾燥","無遮蔽物","正常","行車分向線","未繪設快慢車道分隔線","有",78,"未使用",120.4037,23.700259,"雲林縣","虎尾鎮"
"側撞","2023",10,4,8,"陰","有照明未開啟或故障",50,"四岔路","交叉路口內","柏油","乾燥","無遮蔽物","正常","行車分向線","未繪設快慢車道分隔線","有",41,"未使用",120.4037,23.700259,"雲林縣","虎尾鎮"
"穿越道路中","2023",10,4,9,"雨","有照明未開啟或故障",30,"直路","慢車道","柏油","濕潤","無遮蔽物","正常","雙向禁止超車線","快慢車道分隔線","有",44,"非駕駛人",120.212306,23.197915,"臺南市","麻豆區"
"穿越道路中","2023",10,4,9,"雨","有照明未開啟或故障",30,"直路","慢車道","柏油","濕潤","無遮蔽物","正常","雙向禁止超車線","快慢車道分隔線","有",55,"未使用",120.212306,23.197915,"臺南市","麻豆區"
"穿越道路中","2023",10,4,9,"雨","有照明未開啟或故障",30,"直路","慢車道","柏油","濕潤","無遮蔽物","正常","雙向禁止超車線","快慢車道分隔線","有",45,"非駕駛人",120.212306,23.197915,"臺南市","麻豆區"
"穿越道路中","2023",10,4,9,"雨","有照明未開啟或故障",30,"直路","慢車道","柏油","濕潤","無遮蔽物","正常","雙向禁止超車線","快慢車道分隔線","有",28,"未使用",120.212306,23.197915,"臺南市","麻豆區"
"對撞","2023",10,4,13,"晴","有照明未開啟或故障",30,"彎曲路及附近","一般車道(未劃分快慢車道)","柏油","乾燥","無遮蔽物","無號誌","無","未繪設快慢車道分隔線","有",31,"未使用",120.689128,24.018268,"臺中市","霧峰區"
"對撞","2023",10,4,13,"晴","有照明未開啟或故障",30,"彎曲路及附近","一般車道(未劃分快慢車道)","柏油","乾燥","無遮蔽物","無號誌","無","未繪設快慢車道分隔線","有",84,"未使用",120.689128,24.018268,"臺中市","霧峰區"
"其他","2023",10,4,19,"陰","有照明且開啟",50,"直路","一般車道(未劃分快慢車道)","柏油","乾燥","無遮蔽物","無號誌","雙向禁止超車線","未繪設快慢車道分隔線","有",77,"未使用",121.136773,22.742533,"臺東縣","臺東市"
"其他","2023",10,4,19,"陰","有照明且開啟",50,"直路","一般車道(未劃分快慢車道)","柏油","乾燥","無遮蔽物","無號誌","雙向禁止超車線","未繪設快慢車道分隔線","有",66,"非駕駛人",121.136773,22.742533,"臺東縣","臺東市"
"其他","2023",10,4,19,"陰","有照明且開啟",50,"直路","一般車道(未劃分快慢車道)","柏油","乾燥","無遮蔽物","無號誌","雙向禁止超車線","未繪設快慢車道分隔線","有",58,"不明",121.136773,22.742533,"臺東縣","臺東市"
"側撞","2023",10,5,1,"雨","有照明且開啟",50,"四岔路","交叉路口內","柏油","濕潤","無遮蔽物","正常","無","未繪設快慢車道分隔線","無",30,"不明",121.262437,24.974108,"桃園市","中壢區"
"側撞","2023",10,5,1,"雨","有照明且開啟",50,"四岔路","交叉路口內","柏油","濕潤","無遮蔽物","正常","無","未繪設快慢車道分隔線","無",18,"未使用",121.262437,24.974108,"桃園市","中壢區"
"撞號誌、標誌桿","2023",10,5,5,"晴","有照明且開啟",50,"三岔路","交叉路口內","柏油","乾燥","無遮蔽物","正常","無","未繪設快慢車道分隔線","無",18,"未使用",120.17557,23.00529,"臺南市","西區"
"撞號誌、標誌桿","2023",10,5,5,"晴","有照明且開啟",50,"三岔路","交叉路口內","柏油","乾燥","無遮蔽物","正常","無","未繪設快慢車道分隔線","無",20,"非駕駛人",120.17557,23.00529,"臺南市","西區"
"撞號誌、標誌桿","2023",10,5,5,"晴","有照明且開啟",50,"三岔路","交叉路口內","柏油","乾燥","無遮蔽物","正常","無","未繪設快慢車道分隔線","無",20,"非駕駛人",120.17557,23.00529,"臺南市","西區"
"其他","2023",10,5,18,"陰","有照明且開啟",50,"四岔路","交叉口附近","柏油","乾燥","無遮蔽物","正常","中央分向島","窄式快慢車道分隔島(無柵欄)","有",19,"不明",120.558667,24.22948,"臺中市","沙鹿區"
"其他","2023",10,5,18,"陰","有照明且開啟",50,"四岔路","交叉口附近","柏油","乾燥","無遮蔽物","正常","中央分向島","窄式快慢車道分隔島(無柵欄)","有",83,"非駕駛人",120.558667,24.22948,"臺中市","沙鹿區"
"側撞","2023",10,5,18,"晴","有照明且開啟",50,"四岔路","交叉路口內","柏油","乾燥","無遮蔽物","正常","無","未繪設快慢車道分隔線","無",71,"未使用",120.252412,23.185207,"臺南市","麻豆區"
"側撞","2023",10,5,18,"晴","有照明且開啟",50,"四岔路","交叉路口內","柏油","乾燥","無遮蔽物","正常","無","未繪設快慢車道分隔線","無",30,"未使用",120.252412,23.185207,"臺南市","麻豆區"
"其他","2023",10,6,8,"晴","有照明未開啟或故障",50,"直路","一般車道(未劃分快慢車道)","柏油","乾燥","無遮蔽物","正常","中央分向島","未繪設快慢車道分隔線","有",50,"未使用",121.43906,24.969967,"新北市","土城區"
"其他","2023",10,6,8,"晴","有照明未開啟或故障",50,"直路","一般車道(未劃分快慢車道)","柏油","乾燥","無遮蔽物","正常","中央分向島","未繪設快慢車道分隔線","有",62,"未使用",121.43906,24.969967,"新北市","土城區"
"其他","2023",10,6,8,"晴","有照明未開啟或故障",50,"直路","一般車道(未劃分快慢車道)","柏油","乾燥","無遮蔽物","正常","中央分向島","未繪設快慢車道分隔線","有",63,"未使用",121.43906,24.969967,"新北市","土城區"
"路上翻車、摔倒","2023",10,6,12,"雨","無照明",30,"直路","一般車道(未劃分快慢車道)","柏油","濕潤","無遮蔽物","無號誌","雙向禁止超車線","未繪設快慢車道分隔線","有",22,"不明",121.768981,25.103901,"基隆市","信義區"
"其他","2023",10,6,13,"晴","有照明未開啟或故障",50,"直路","一般車道(未劃分快慢車道)","柏油","乾燥","無遮蔽物","無號誌","中央分向島","未繪設快慢車道分隔線","有",76,"未使用",121.333602,24.993703,"桃園市","龜山區"
"其他","2023",10,6,13,"晴","有照明未開啟或故障",50,"直路","一般車道(未劃分快慢車道)","柏油","乾燥","無遮蔽物","無號誌","中央分向島","未繪設快慢車道分隔線","有",28,"未使用",121.333602,24.993703,"桃園市","龜山區"
"其他","2023",10,6,13,"晴","有照明未開啟或故障",50,"直路","一般車道(未劃分快慢車道)","柏油","乾燥","無遮蔽物","無號誌","中央分向島","未繪設快慢車道分隔線","有",42,"未使用",121.333602,24.993703,"桃園市","龜山區"
"路上翻車、摔倒","2023",10,6,13,"雨","無照明",50,"彎曲路及附近","一般車道(未劃分快慢車道)","柏油","濕潤","無遮蔽物","無號誌","中央分向島","未繪設快慢車道分隔線","無",26,"不明",120.64656,24.15839,"臺中市","西屯區"
"側撞","2023",10,6,14,"晴","有照明未開啟或故障",50,"四岔路","交叉路口內","柏油","乾燥","無遮蔽物","正常","無","未繪設快慢車道分隔線","無",58,"未使用",121.254314,24.918919,"桃園市","平鎮區"
"側撞","2023",10,6,14,"晴","有照明未開啟或故障",50,"四岔路","交叉路口內","柏油","乾燥","無遮蔽物","正常","無","未繪設快慢車道分隔線","無",70,"未使用",121.254314,24.918919,"桃園市","平鎮區"
"側撞","2023",10,6,14,"晴","有照明未開啟或故障",50,"四岔路","交叉路口內","柏油","乾燥","無遮蔽物","正常","無","未繪設快慢車道分隔線","無",40,"未使用",121.254314,24.918919,"桃園市","平鎮區"
"側撞","2023",10,6,14,"晴","有照明未開啟或故障",50,"四岔路","交叉路口內","柏油","乾燥","無遮蔽物","正常","無","未繪設快慢車道分隔線","無",56,"未使用",121.254314,24.918919,"桃園市","平鎮區"
"側撞","2023",10,6,14,"晴","有照明未開啟或故障",50,"四岔路","交叉路口內","柏油","乾燥","無遮蔽物","正常","無","未繪設快慢車道分隔線","無",48,"未使用",121.254314,24.918919,"桃園市","平鎮區"
"側撞","2023",10,6,14,"晴","有照明未開啟或故障",50,"四岔路","交叉路口內","柏油","乾燥","無遮蔽物","正常","無","未繪設快慢車道分隔線","無",53,"不明",121.254314,24.918919,"桃園市","平鎮區"
"側撞","2023",10,6,14,"晴","有照明未開啟或故障",50,"四岔路","交叉路口內","柏油","乾燥","無遮蔽物","正常","無","未繪設快慢車道分隔線","無",45,"不明",121.254314,24.918919,"桃園市","平鎮區"
"側撞","2023",10,6,14,"晴","有照明未開啟或故障",50,"四岔路","交叉路口內","柏油","乾燥","無遮蔽物","正常","無","未繪設快慢車道分隔線","無",75,"未使用",121.254314,24.918919,"桃園市","平鎮區"
"撞電桿","2023",10,7,0,"晴","有照明且開啟",30,"彎曲路及附近","一般車道(未劃分快慢車道)","柏油","乾燥","無遮蔽物","無號誌","雙向禁止超車線","未繪設快慢車道分隔線","有",32,"不明",120.668998,23.0498,"高雄市","六龜區"
"撞電桿","2023",10,7,0,"晴","有照明且開啟",30,"彎曲路及附近","一般車道(未劃分快慢車道)","柏油","乾燥","無遮蔽物","無號誌","雙向禁止超車線","未繪設快慢車道分隔線","有",112,"",120.668998,23.0498,"高雄市","六龜區"
"撞電桿","2023",10,7,0,"晴","有照明且開啟",30,"彎曲路及附近","一般車道(未劃分快慢車道)","柏油","乾燥","無遮蔽物","無號誌","雙向禁止超車線","未繪設快慢車道分隔線","有",57,"非駕駛人",120.668998,23.0498,"高雄市","六龜區"
"穿越道路中","2023",10,7,5,"陰","有照明且開啟",50,"三岔路","行人穿越道","柏油","乾燥","無遮蔽物","正常","雙向禁止超車線","未繪設快慢車道分隔線","有",44,"未使用",121.092902,24.739335,"新竹縣","竹東鎮"
"穿越道路中","2023",10,7,5,"陰","有照明且開啟",50,"三岔路","行人穿越道","柏油","乾燥","無遮蔽物","正常","雙向禁止超車線","未繪設快慢車道分隔線","有",87,"非駕駛人",121.092902,24.739335,"新竹縣","竹東鎮"
"側撞","2023",10,7,15,"雨","有照明未開啟或故障",30,"四岔路","交叉路口內","柏油","濕潤","無遮蔽物","正常","無","未繪設快慢車道分隔線","無",59,"不明",120.59899,23.895768,"彰化縣","社頭鄉"