"事故類型及型態子類別名稱","發生年度","發生月份","發生日期","發生時間","天候名稱","光線名稱","速限.第1當事者","道路型態子類別名稱","事故位置子類別名稱","路面狀況.路面鋪裝名稱","路面狀況.路面狀態名稱","道路障礙.視距品質名稱","號誌.號誌動作名稱","車道劃分設施.分向設施大類別名稱","車道劃分設施.分道設施.快慢車道間名稱","車道劃分設施.分道設施.路面邊線名稱","當事者事故發生時年齡","行動電話或電腦或其他相類功能裝置名稱","經度","緯度","縣市","鄉鎮"
"路口交岔撞","2023",10,25,7,"晴","有照明未開啟或故障",60,"多岔路","交叉路口內","柏油","乾燥","無遮蔽物","正常","雙向禁止超車線","快慢車道分隔線","有",57,"不明",120.584564,23.9187,"彰化縣","社頭鄉"
"撞動物","2023",10,25,8,"晴","無照明",50,"直路","一般車道(未劃分快慢車道)","柏油","乾燥","無遮蔽物","無號誌","行車分向線","未繪設快慢車道分隔線","無",51,"未使用",120.718763,24.203325,"臺中市","潭子區"
"撞電桿","2023",10,25,8,"晴","有照明未開啟或故障",60,"四岔路","交叉口附近","柏油","乾燥","無遮蔽物","無號誌","雙向禁止超車線","未繪設快慢車道分隔線","有",25,"未使用",120.240308,23.347614,"嘉義縣","義竹鄉"
"其他","2023",10,25,10,"晴","有照明未開啟或故障",40,"彎曲路及附近","一般車道(未劃分快慢車道)","柏油","乾燥","無遮蔽物","正常","雙向禁止超車線","未繪設快慢車道分隔線","有",39,"不明",121.549698,24.964291,"新北市","新店區"
"其他","2023",10,25,10,"晴","有照明未開啟或故障",40,"彎曲路及附近","一般車道(未劃分快慢車道)","柏油","乾燥","無遮蔽物","正常","雙向禁止超車線","未繪設快慢車道分隔線","有",70,"非駕駛人",121.549698,24.964291,"新北市","新店區"
"其他","2023",10,25,10,"晴","有照明未開啟或故障",40,"彎曲路及附近","一般車道(未劃分快慢車道)","柏油","乾燥","無遮蔽物","正常","雙向禁止超車線","未繪設快慢車道分隔線","有",52,"未使用",121.549698,24.964291,"新北市","新店區"
"其他","2023",10,25,10,"晴","有照明未開啟或故障",40,"彎曲路及附近","一般車道(未劃分快慢車道)","柏油","乾燥","無遮蔽物","正常","雙向禁止超車線","未繪設快慢車道分隔線","有",54,"未使用",121.549698,24.964291,"新北市","新店區"
"路上翻車、摔倒","2023",10,25,16,"晴","有照明未開啟或故障",30,"三岔路","交叉路口內","柏油","乾燥","無遮蔽物","無號誌","無","未繪設快慢車道分隔線","無",46,"不明",120.187474,23.382558,"嘉義縣","布袋鎮"
"撞建築物","2023",10,25,21,"晴","有照明且開啟",50,"直路","一般車道(未劃分快慢車道)","柏油","乾燥","無遮蔽物","無號誌","行車分向線","未繪設快慢車道分隔線","有",19,"不明",120.479522,22.633525,"屏東縣","屏東市"
"撞建築物","2023",10,25,21,"晴","有照明且開啟",50,"直路","一般車道(未劃分快慢車道)","柏油","乾燥","無遮蔽物","無號誌","行車分向線","未繪設快慢車道分隔線","有",26,"非駕駛人",120.479522,22.633525,"屏東縣","屏東市"
"撞建築物","2023",10,25,21,"晴","有照明且開啟",50,"直路","一般車道(未劃分快慢車道)","柏油","乾燥","無遮蔽物","無號誌","行車分向線","未繪設快慢車道分隔線","有",15,"非駕駛人",120.479522,22.633525,"屏東縣","屏東市"
"撞建築物","2023",10,25,21,"晴","有照明且開啟",50,"直路","一般車道(未劃分快慢車道)","柏油","乾燥","無遮蔽物","無號誌","行車分向線","未繪設快慢車道分隔線","有",17,"非駕駛人",120.479522,22.633525,"屏東縣","屏東市"
"撞電桿","2023",10,26,4,"晴","有照明且開啟",50,"直路","路肩、路緣","柏油","乾燥","無遮蔽物","無號誌","雙向禁止超車線","未繪設快慢車道分隔線","有",41,"未使用",120.353363,23.554628,"嘉義縣","新港鄉"
"撞電桿","2023",10,26,4,"晴","有照明且開啟",50,"直路","路肩、路緣","柏油","乾燥","無遮蔽物","無號誌","雙向禁止超車線","未繪設快慢車道分隔線","有",37,"非駕駛人",120.353363,23.554628,"嘉義縣","新港鄉"
"衝出路外","2023",10,26,5,"晴","有照明未開啟或故障",50,"直路","路肩、路緣","柏油","乾燥","無遮蔽物","無號誌","行車分向線","未繪設快慢車道分隔線","有",23,"未使用",121.715257,24.677366,"宜蘭縣","三星鄉"
"側撞","2023",10,26,6,"晴","有照明未開啟或故障",50,"三岔路","交叉路口內","柏油","乾燥","無遮蔽物","無號誌","雙向禁止超車線","未繪設快慢車道分隔線","有",61,"未使用",120.731189,21.985553,"屏東縣","恆春鎮"
"側撞","2023",10,26,6,"晴","有照明未開啟或故障",50,"三岔路","交叉路口內","柏油","乾燥","無遮蔽物","無號誌","雙向禁止超車線","未繪設快慢車道分隔線","有",20,"未使用",120.731189,21.985553,"屏東縣","恆春鎮"
"側撞","2023",10,26,6,"晴","有照明未開啟或故障",50,"三岔路","交叉路口內","柏油","乾燥","無遮蔽物","無號誌","雙向禁止超車線","未繪設快慢車道分隔線","有",70,"未使用",120.731189,21.985553,"屏東縣","恆春鎮"
"側撞","2023",10,26,6,"晴","有照明未開啟或故障",70,"三岔路","交叉路口內","柏油","乾燥","無遮蔽物","正常","無","未繪設快慢車道分隔線","無",38,"未使用",121.132277,22.734347,"臺東縣","臺東市"
"側撞","2023",10,26,6,"晴","有照明未開啟或故障",70,"三岔路","交叉路口內","柏油","乾燥","無遮蔽物","正常","無","未繪設快慢車道分隔線","無",46,"未使用",121.132277,22.734347,"臺東縣","臺東市"
"側撞","2023",10,26,6,"晴","有照明未開啟或故障",70,"三岔路","交叉路口內","柏油","乾燥","無遮蔽物","正常","無","未繪設快慢車道分隔線","無",12,"非駕駛人",121.132277,22.734347,"臺東縣","臺東市"
"側撞","2023",10,26,6,"晴","有照明未開啟或故障",70,"三岔路","交叉路口內","柏油","乾燥","無遮蔽物","正常","無","未繪設快慢車道分隔線","無",14,"非駕駛人",121.132277,22.734347,"臺東縣","臺東市"
"側撞","2023",10,26,6,"晴","有照明未開啟或故障",70,"三岔路","交叉路口內","柏油","乾燥","無遮蔽物","正常","無","未繪設快慢車道分隔線","無",12,"非駕駛人",121.132277,22.734347,"臺東縣","臺東市"
"側撞","2023",10,26,6,"晴","有照明未開啟或故障",70,"三岔路","交叉路口內","柏油","乾燥","無遮蔽物","正常","無","未繪設快慢車道分隔線","無",12,"非駕駛人",121.132277,22.734347,"臺東縣","臺東市"
"側撞","2023",10,26,6,"晴","有照明未開啟或故障",70,"三岔路","交叉路口內","柏油","乾燥","無遮蔽物","正常","無","未繪設快慢車道分隔線","無",16,"非駕駛人",121.132277,22.734347,"臺東縣","臺東市"
"側撞","2023",10,26,6,"晴","有照明未開啟或故障",70,"三岔路","交叉路口內","柏油","乾燥","無遮蔽物","正常","無","未繪設快慢車道分隔線","無",12,"非駕駛人",121.132277,22.734347,"臺東縣","臺東市"
"側撞","2023",10,26,6,"晴","有照明未開啟或故障",70,"三岔路","交叉路口內","柏油","乾燥","無遮蔽物","正常","無","未繪設快慢車道分隔線","無",12,"非駕駛人",121.132277,22.734347,"臺東縣","臺東市"
"路口交岔撞","2023",10,26,7,"晴","有照明未開啟或故障",50,"三岔路","交叉路口內","柏油","乾燥","無遮蔽物","正常","中央分向島","寬式快慢車道分隔島(50公分以上)","無",64,"未使用",120.460179,22.608101,"屏東縣","萬丹鄉"
"路口交岔撞","2023",10,26,7,"晴","有照明未開啟或故障",50,"三岔路","交叉路口內","柏油","乾燥","無遮蔽物","正常","中央分向島","寬式快慢車道分隔島(50公分以上)","無",39,"未使用",120.460179,22.608101,"屏東縣","萬丹鄉"
"路口交岔撞","2023",10,26,7,"晴","有照明未開啟或故障",50,"三岔路","交叉路口內","柏油","乾燥","無遮蔽物","正常","中央分向島","寬式快慢車道分隔島(50公分以上)","無",41,"未使用",120.460179,22.608101,"屏東縣","萬丹鄉"
"路口交岔撞","2023",10,26,7,"晴","有照明未開啟或故障",50,"三岔路","交叉路口內","柏油","乾燥","無遮蔽物","正常","中央分向島","寬式快慢車道分隔島(50公分以上)","無",8,"非駕駛人",120.460179,22.608101,"屏東縣","萬丹鄉"
"路口交岔撞","2023",10,26,7,"晴","有照明未開啟或故障",50,"三岔路","交叉路口內","柏油","乾燥","無遮蔽物","正常","中央分向島","寬式快慢車道分隔島(50公分以上)","無",8,"非駕駛人",120.460179,22.608101,"屏東縣","萬丹鄉"
"側撞","2023",10,26,8,"晴","有照明且開啟",70,"四岔路","交叉路口內","柏油","乾燥","無遮蔽物","正常","中央分向島","快慢車道分隔線","有",81,"未使用",121.453339,23.747166,"花蓮縣","鳳林鎮"
"側撞","2023",10,26,8,"晴","有照明且開啟",70,"四岔路","交叉路口內","柏油","乾燥","無遮蔽物","正常","中央分向島","快慢車道分隔線","有",70,"未使用",121.453339,23.747166,"花蓮縣","鳳林鎮"
"側撞","2023",10,26,8,"晴","有照明且開啟",70,"四岔路","交叉路口內","柏油","乾燥","無遮蔽物","正常","中央分向島","快慢車道分隔線","有",82,"非駕駛人",121.453339,23.747166,"花蓮縣","鳳林鎮"
"側撞","2023",10,26,15,"晴","有照明未開啟或故障",50,"四岔路","交叉路口內","柏油","乾燥","無遮蔽物","正常","無","未繪設快慢車道分隔線","無",49,"未使用",120.623497,24.149515,"臺中市","南屯區"
"側撞","2023",10,26,15,"晴","有照明未開啟或故障",50,"四岔路","交叉路口內","柏油","乾燥","無遮蔽物","正常","無","未繪設快慢車道分隔線","無",70,"未使用",120.623497,24.149515,"臺中市","南屯區"
"穿越道路中","2023",10,26,18,"晴","有照明且開啟",60,"四岔路","交叉口附近","柏油","乾燥","無遮蔽物","正常","中央分向島","快慢車道分隔線","有",52,"非駕駛人",120.560964,22.671175,"屏東縣","長治鄉"
"穿越道路中","2023",10,26,18,"晴","有照明且開啟",60,"四岔路","交叉口附近","柏油","乾燥","無遮蔽物","正常","中央分向島","快慢車道分隔線","有",27,"未使用",120.560964,22.671175,"屏東縣","長治鄉"
"路上翻車、摔倒","2023",10,26,19,"晴","有照明且開啟",50,"直路","一般車道(未劃分快慢車道)","柏油","乾燥","無遮蔽物","無號誌","中央分向島","未繪設快慢車道分隔線","有",64,"不明",120.356715,22.65485,"高雄市","鳥松區"
"路上翻車、摔倒","2023",10,26,19,"晴","有照明且開啟",50,"直路","一般車道(未劃分快慢車道)","柏油","乾燥","無遮蔽物","無號誌","中央分向島","未繪設快慢車道分隔線","有",112,"",120.356715,22.65485,"高雄市","鳥松區"
"撞護欄(樁)","2023",10,26,23,"晴","無照明",110,"直路","快車道","柏油","乾燥","無遮蔽物","無號誌","中央分向島","未繪設快慢車道分隔線","有",62,"不明",120.674491,23.778372,"南投縣","竹山鎮"
"撞護欄(樁)","2023",10,26,23,"晴","無照明",110,"直路","快車道","柏油","乾燥","無遮蔽物","無號誌","中央分向島","未繪設快慢車道分隔線","有",45,"未使用",120.674491,23.778372,"南投縣","竹山鎮"
"撞護欄(樁)","2023",10,26,23,"晴","無照明",110,"直路","快車道","柏油","乾燥","無遮蔽物","無號誌","中央分向島","未繪設快慢車道分隔線","有",24,"未使用",120.674491,23.778372,"南投縣","竹山鎮"
"撞護欄(樁)","2023",10,26,23,"晴","無照明",110,"直路","快車道","柏油","乾燥","無遮蔽物","無號誌","中央分向島","未繪設快慢車道分隔線","有",60,"未使用",120.674491,23.778372,"南投縣","竹山鎮"
"撞護欄(樁)","2023",10,26,23,"晴","無照明",110,"直路","快車道","柏油","乾燥","無遮蔽物","無號誌","中央分向島","未繪設快慢車道分隔線","有",49,"未使用",120.674491,23.778372,"南投縣","竹山鎮"
"穿越道路中","2023",10,27,12,"晴","有照明未開啟或故障",50,"直路","快車道","柏油","乾燥","無遮蔽物","無號誌","雙向禁止超車線","快慢車道分隔線","有",51,"未使用",120.202232,23.028673,"臺南市","南區"
"穿越道路中","2023",10,27,12,"晴","有照明未開啟或故障",50,"直路","快車道","柏油","乾燥","無遮蔽物","無號誌","雙向禁止超車線","快慢車道分隔線","有",1,"非駕駛人",120.202232,23.028673,"臺南市","南區"
"追撞","2023",10,27,13,"晴","無照明",50,"四岔路","交叉路口內","柏油","乾燥","無遮蔽物","正常","雙向禁止超車線","快慢車道分隔線","有",16,"未使用",120.597572,24.249978,"臺中市","沙鹿區"
"追撞","2023",10,27,13,"晴","無照明",50,"四岔路","交叉路口內","柏油","乾燥","無遮蔽物","正常","雙向禁止超車線","快慢車道分隔線","有",41,"未使用",120.597572,24.249978,"臺中市","沙鹿區"
"追撞","2023",10,27,13,"晴","無照明",50,"四岔路","交叉路口內","柏油","乾燥","無遮蔽物","正常","雙向禁止超車線","快慢車道分隔線","有",32,"未使用",120.597572,24.249978,"臺中市","沙鹿區"
"追撞","2023",10,27,13,"晴","無照明",50,"四岔路","交叉路口內","柏油","乾燥","無遮蔽物","正常","雙向禁止超車線","快慢車道分隔線","有",6,"非駕駛人",120.597572,24.249978,"臺中市","沙鹿區"
"追撞","2023",10,27,13,"晴","無照明",50,"四岔路","交叉路口內","柏油","乾燥","無遮蔽物","正常","雙向禁止超車線","快慢車道分隔線","有",14,"非駕駛人",120.597572,24.249978,"臺中市","沙鹿區"
"追撞","2023",10,27,13,"晴","無照明",50,"四岔路","交叉路口內","柏油","乾燥","無遮蔽物","正常","雙向禁止超車線","快慢車道分隔線","有",13,"非駕駛人",120.597572,24.249978,"臺中市","沙鹿區"
"追撞","2023",10,27,13,"晴","無照明",50,"四岔路","交叉路口內","柏油","乾燥","無遮蔽物","正常","雙向禁止超車線","快慢車道分隔線","有",20,"非駕駛人",120.597572,24.249978,"臺中市","沙鹿區"
"撞非固定設施","2023",10,27,13,"晴","有照明未開啟或故障",40,"直路","路肩、路緣","柏油","乾燥","無遮蔽物","無號誌","行車分向線","未繪設快慢車道分隔線","有",40,"未使用",120.548846,22.69922,"屏東縣","長治鄉"
"側撞","2023",10,27,13,"陰","有照明未開啟或故障",50,"四岔路","交叉路口內","柏油","乾燥","無遮蔽物","無號誌","無","未繪設快慢車道分隔線","無",68,"不明",121.179118,24.989433,"桃園市","中壢區"
"側撞","2023",10,27,13,"陰","有照明未開啟或故障",50,"四岔路","交叉路口內","柏油","乾燥","無遮蔽物","無號誌","無","未繪設快慢車道分隔線","無",34,"不明",121.179118,24.989433,"桃園市","中壢區"
"側撞","2023",10,27,13,"陰","有照明未開啟或故障",50,"四岔路","交叉路口內","柏油","乾燥","無遮蔽物","無號誌","無","未繪設快慢車道分隔線","無",51,"不明",121.179118,24.989433,"桃園市","中壢區"
"其他","2023",10,27,13,"陰","無照明",40,"直路","一般車道(未劃分快慢車道)","柏油","乾燥","無遮蔽物","無號誌","雙向禁止超車線","未繪設快慢車道分隔線","有",54,"未使用",121.162327,24.05543,"南投縣","仁愛鄉"
"其他","2023",10,27,13,"陰","無照明",40,"直路","一般車道(未劃分快慢車道)","柏油","乾燥","無遮蔽物","無號誌","雙向禁止超車線","未繪設快慢車道分隔線","有",79,"未使用",121.162327,24.05543,"南投縣","仁愛鄉"
"其他","2023",10,27,13,"陰","無照明",40,"直路","一般車道(未劃分快慢車道)","柏油","乾燥","無遮蔽物","無號誌","雙向禁止超車線","未繪設快慢車道分隔線","有",51,"未使用",121.162327,24.05543,"南投縣","仁愛鄉"
"其他","2023",10,27,13,"陰","無照明",40,"直路","一般車道(未劃分快慢車道)","柏油","乾燥","無遮蔽物","無號誌","雙向禁止超車線","未繪設快慢車道分隔線","有",75,"非駕駛人",121.162327,24.05543,"南投縣","仁愛鄉"
"側撞","2023",10,27,19,"晴","有照明且開啟",50,"三岔路","交叉路口內","柏油","乾燥","無遮蔽物","正常","無","未繪設快慢車道分隔線","有",67,"未使用",120.522625,23.697397,"雲林縣","斗六市"
"側撞","2023",10,27,19,"晴","有照明且開啟",50,"三岔路","交叉路口內","柏油","乾燥","無遮蔽物","正常","無","未繪設快慢車道分隔線","有",19,"未使用",120.522625,23.697397,"雲林縣","斗六市"
"側撞","2023",10,27,21,"晴","有照明且開啟",40,"四岔路","交叉口附近","柏油","乾燥","無遮蔽物","無號誌","無","未繪設快慢車道分隔線","無",61,"未使用",120.3619,22.63438,"高雄市","鳳山區"
"側撞","2023",10,27,21,"晴","有照明且開啟",40,"四岔路","交叉口附近","柏油","乾燥","無遮蔽物","無號誌","無","未繪設快慢車道分隔線","無",24,"未使用",120.3619,22.63438,"高雄市","鳳山區"
"穿越道路中","2023",10,28,5,"陰","有照明且開啟",50,"三岔路","交叉路口內","柏油","濕潤","無遮蔽物","無號誌","無","未繪設快慢車道分隔線","無",42,"未使用",120.681223,24.143537,"臺中市","中區"
"穿越道路中","2023",10,28,5,"陰","有照明且開啟",50,"三岔路","交叉路口內","柏油","濕潤","無遮蔽物","無號誌","無","未繪設快慢車道分隔線","無",77,"非駕駛人",120.681223,24.143537,"臺中市","中區"
"衝出路外","2023",10,28,6,"晴","有照明未開啟或故障",50,"彎曲路及附近","一般車道(未劃分快慢車道)","柏油","乾燥","無遮蔽物","無號誌","雙向禁止超車線","未繪設快慢車道分隔線","有",35,"不明",120.314468,23.095168,"臺南市","新市區"
"側撞","2023",10,28,7,"晴","無照明",50,"四岔路","交叉路口內","柏油","乾燥","無遮蔽物","正常","無","未繪設快慢車道分隔線","有",44,"未使用",120.231357,22.957158,"臺南市","仁德區"
"側撞","2023",10,28,7,"晴","無照明",50,"四岔路","交叉路口內","柏油","乾燥","無遮蔽物","正常","無","未繪設快慢車道分隔線","有",26,"未使用",120.231357,22.957158,"臺南市","仁德區"
"側撞","2023",10,28,7,"晴","有照明未開啟或故障",40,"三岔路","交叉路口內","柏油","乾燥","無遮蔽物","無號誌","中央分向島","快慢車道分隔線","有",81,"不明",120.555322,22.451354,"屏東縣","佳冬鄉"
"側撞","2023",10,28,7,"晴","有照明未開啟或故障",40,"三岔路","交叉路口內","柏油","乾燥","無遮蔽物","無號誌","中央分向島","快慢車道分隔線","有",24,"不明",120.555322,22.451354,"屏東縣","佳冬鄉"
"撞電桿","2023",10,28,12,"晴","有照明未開啟或故障",70,"直路","路肩、路緣","柏油","乾燥","無遮蔽物","無號誌","中央分向島","未繪設快慢車道分隔線","有",17,"不明",120.194896,23.710708,"雲林縣","臺西鄉"
"撞電桿","2023",10,28,12,"晴","有照明未開啟或故障",70,"直路","路肩、路緣","柏油","乾燥","無遮蔽物","無號誌","中央分向島","未繪設快慢車道分隔線","有",16,"非駕駛人",120.194896,23.710708,"雲林縣","臺西鄉"
"穿越道路中","2023",10,28,16,"晴","有照明且開啟",30,"三岔路","交叉路口內","柏油","乾燥","無遮蔽物","無號誌","無","未繪設快慢車道分隔線","無",45,"未使用",120.179738,23.068067,"臺南市","南區"
"穿越道路中","2023",10,28,16,"晴","有照明且開啟",30,"三岔路","交叉路口內","柏油","乾燥","無遮蔽物","無號誌","無","未繪設快慢車道分隔線","無",86,"非駕駛人",120.179738,23.068067,"臺南市","南區"
"穿越道路中","2023",10,28,20,"晴","有照明且開啟",50,"直路","機車優先道","柏油","乾燥","無遮蔽物","無號誌","雙向禁止超車線","快慢車道分隔線","有",80,"非駕駛人",120.19572,23.059925,"臺南市","南區"
"穿越道路中","2023",10,28,20,"晴","有照明且開啟",50,"直路","機車優先道","柏油","乾燥","無遮蔽物","無號誌","雙向禁止超車線","快慢車道分隔線","有",18,"未使用",120.19572,23.059925,"臺南市","南區"
"側撞","2023",10,29,4,"晴","有照明且開啟",50,"三岔路","交叉路口內","柏油","乾燥","無遮蔽物","正常","無","未繪設快慢車道分隔線","無",68,"未使用",121.275573,24.981073,"桃園市","八德區"
"側撞","2023",10,29,4,"晴","有照明且開啟",50,"三岔路","交叉路口內","柏油","乾燥","無遮蔽物","正常","無","未繪設快慢車道分隔線","無",21,"未使用",121.275573,24.981073,"桃園市","八德區"
"側撞","2023",10,29,4,"晴","有照明且開啟",50,"三岔路","交叉路口內","柏油","乾燥","無遮蔽物","正常","無","未繪設快慢車道分隔線","無",49,"未使用",121.275573,24.981073,"桃園市","八德區"
"側撞","2023",10,29,4,"晴","有照明且開啟",50,"三岔路","交叉路口內","柏油","乾燥","無遮蔽物","正常","無","未繪設快慢車道分隔線","無",29,"未使用",121.275573,24.981073,"桃園市","八德區"
"側撞","2023",10,29,4,"晴","有照明且開啟",50,"三岔路","交叉路口內","柏油","乾燥","無遮蔽物","正常","無","未繪設快慢車道分隔線","無",33,"不明",121.275573,24.981073,"桃園市","八德區"
"撞電桿","2023",10,29,19,"陰","有照明且開啟",50,"直路","路肩、路緣","柏油","乾燥","無遮蔽物","無號誌","行車分向線","未繪設快慢車道分隔線","有",63,"不明",121.728889,24.693041,"宜蘭縣","三星鄉"
"撞電桿","2023",10,29,19,"陰","有照明且開啟",50,"直路","路肩、路緣","柏油","乾燥","無遮蔽物","無號誌","行車分向線","未繪設快慢車道分隔線","有",51,"非駕駛人",121.728889,24.693041,"宜蘭縣","三星鄉"
"撞電桿","2023",10,29,19,"陰","有照明且開啟",50,"直路","路肩、路緣","柏油","乾燥","無遮蔽物","無號誌","行車分向線","未繪設快慢車道分隔線","有",49,"非駕駛人",121.728889,24.693041,"宜蘭縣","三星鄉"
"穿越道路中","2023",10,30,4,"晴","有照明且開啟",50,"三岔路","快車道","柏油","乾燥","無遮蔽物","無號誌","中央分向島","未繪設快慢車道分隔線","無",56,"非駕駛人",120.675718,24.163138,"臺中市","北區"
"穿越道路中","2023",10,30,4,"晴","有照明且開啟",50,"三岔路","快車道","柏油","乾燥","無遮蔽物","無號誌","中央分向島","未繪設快慢車道分隔線","無",32,"未使用",120.675718,24.163138,"臺中市","北區"
"追撞","2023",10,30,11,"晴","有照明未開啟或故障",50,"直路","機車優先道","柏油","乾燥","無遮蔽物","正常","中央分向島","快慢車道分隔線","無",39,"未使用",120.644319,24.161113,"臺中市","西屯區"
"追撞","2023",10,30,11,"晴","有照明未開啟或故障",50,"直路","機車優先道","柏油","乾燥","無遮蔽物","正常","中央分向島","快慢車道分隔線","無",21,"未使用",120.644319,24.161113,"臺中市","西屯區"
"追撞","2023",10,30,11,"晴","有照明未開啟或故障",50,"直路","機車優先道","柏油","乾燥","無遮蔽物","正常","中央分向島","快慢車道分隔線","無",54,"未使用",120.644319,24.161113,"臺中市","西屯區"
"追撞","2023",10,30,11,"晴","有照明未開啟或故障",50,"直路","機車優先道","柏油","乾燥","無遮蔽物","正常","中央分向島","快慢車道分隔線","無",30,"未使用",120.644319,24.161113,"臺中市","西屯區"
"路口交岔撞","2023",10,30,18,"晴","有照明且開啟",50,"四岔路","交叉路口內","柏油","乾燥","無遮蔽物","正常","無","未繪設快慢車道分隔線","無",41,"未使用",120.24595,23.761286,"雲林縣","麥寮鄉"
"路口交岔撞","2023",10,30,18,"晴","有照明且開啟",50,"四岔路","交叉路口內","柏油","乾燥","無遮蔽物","正常","無","未繪設快慢車道分隔線","無",40,"不明",120.24595,23.761286,"雲林縣","麥寮鄉"
"撞護欄(樁)","2023",10,31,6,"晴","無照明",60,"直路","路肩、路緣","柏油","乾燥","無遮蔽物","無號誌","行車分向線","未繪設快慢車道分隔線","有",61,"未使用",120.913478,24.524842,"苗栗縣","獅潭鄉"
"倒車撞","2023",10,31,11,"晴","有照明且開啟",40,"多岔路","交叉路口內","柏油","乾燥","無遮蔽物","無號誌","無","未繪設快慢車道分隔線","無",44,"未使用",121.087689,24.995226,"桃園市","新屋區"
"倒車撞","2023",10,31,11,"晴","有照明且開啟",40,"多岔路","交叉路口內","柏油","乾燥","無遮蔽物","無號誌","無","未繪設快慢車道分隔線","無",78,"不明",121.087689,24.995226,"桃園市","新屋區"
"側撞","2023",10,31,13,"晴","有照明未開啟或故障",50,"四岔路","交叉路口內","柏油","乾燥","無遮蔽物","正常","雙向禁止超車線","未繪設快慢車道分隔線","有",62,"未使用",120.709059,24.082369,"臺中市","大里區"
"側撞","2023",10,31,13,"晴","有照明未開啟或故障",50,"四岔路","交叉路口內","柏油","乾燥","無遮蔽物","正常","雙向禁止超車線","未繪設快慢車道分隔線","有",65,"未使用",120.709059,24.082369,"臺中市","大里區"
"路口交岔撞","2023",10,31,15,"晴","無照明",70,"四岔路","交叉路口內","柏油","乾燥","無遮蔽物","正常","無","未繪設快慢車道分隔線","無",85,"不明",120.326017,23.471082,"嘉義縣","太保市"
"路口交岔撞","2023",10,31,15,"晴","無照明",70,"四岔路","交叉路口內","柏油","乾燥","無遮蔽物","正常","無","未繪設快慢車道分隔線","無",18,"不明",120.326017,23.471082,"嘉義縣","太保市"
"側撞","2023",10,31,16,"晴","無照明",60,"三岔路","交叉路口內","柏油","乾燥","無遮蔽物","正常","無","未繪設快慢車道分隔線","無",67,"未使用",120.942338,24.792525,"新竹市","香山區"
"側撞","2023",10,31,16,"晴","無照明",60,"三岔路","交叉路口內","柏油","乾燥","無遮蔽物","正常","無","未繪設快慢車道分隔線","無",56,"未使用",120.942338,24.792525,"新竹市","香山區"
"側撞","2023",10,31,19,"晴","有照明且開啟",70,"三岔路","交叉路口內","柏油","乾燥","無遮蔽物","正常","中央分向島","未繪設快慢車道分隔線","有",62,"不明",120.481803,23.935124,"彰化縣","溪湖鎮"
"側撞","2023",10,31,19,"晴","有照明且開啟",70,"三岔路","交叉路口內","柏油","乾燥","無遮蔽物","正常","中央分向島","未繪設快慢車道分隔線","有",57,"不明",120.481803,23.935124,"彰化縣","溪湖鎮"
"路上翻車、摔倒","2023",11,1,8,"晴","無照明",30,"彎曲路及附近","一般車道(未劃分快慢車道)","柏油","乾燥","無遮蔽物","無號誌","無","未繪設快慢車道分隔線","有",78,"未使用",120.402603,24.030495,"彰化縣","福興鄉"
"同向通行中","2023",11,1,20,"陰","有照明且開啟",50,"直路","一般車道(未劃分快慢車道)","柏油","乾燥","無遮蔽物","無號誌","雙向禁止超車線","未繪設快慢車道分隔線","有",37,"未使用",121.669128,25.081549,"新北市","汐止區"
"同向通行中","2023",11,1,20,"陰","有照明且開啟",50,"直路","一般車道(未劃分快慢車道)","柏油","乾燥","無遮蔽物","無號誌","雙向禁止超車線","未繪設快慢車道分隔線","有",38,"非駕駛人",121.669128,25.081549,"新北市","汐止區"
"衝出路外","2023",11,2,6,"晴","無照明",30,"直路","一般車道(未劃分快慢車道)","柏油","乾燥","無遮蔽物","無號誌","無","未繪設快慢車道分隔線","無",86,"不明",120.471068,24.065388,"彰化縣","鹿港鎮"
"對撞","2023",11,2,10,"晴","無照明",50,"直路","快車道","柏油","乾燥","無遮蔽物","無號誌","雙向禁止超車線","未繪設快慢車道分隔線","無",71,"未使用",120.351797,22.625693,"高雄市","鳳山區"
"對撞","2023",11,2,10,"晴","無照明",50,"直路","快車道","柏油","乾燥","無遮蔽物","無號誌","雙向禁止超車線","未繪設快慢車道分隔線","無",43,"未使用",120.351797,22.625693,"高雄市","鳳山區"
"側撞","2023",11,2,11,"晴","無照明",50,"三岔路","交叉路口內","柏油","乾燥","無遮蔽物","正常","無","未繪設快慢車道分隔線","無",70,"未使用",120.305425,23.038096,"臺南市","新化區"
"側撞","2023",11,2,11,"晴","無照明",50,"三岔路","交叉路口內","柏油","乾燥","無遮蔽物","正常","無","未繪設快慢車道分隔線","無",18,"未使用",120.305425,23.038096,"臺南市","新化區"
"側撞","2023",11,2,11,"晴","無照明",50,"三岔路","交叉路口內","柏油","乾燥","無遮蔽物","正常","無","未繪設快慢車道分隔線","無",18,"非駕駛人",120.305425,23.038096,"臺南市","新化區"