"事故類型及型態子類別名稱","發生年度","發生月份","發生日期","發生時間","天候名稱","光線名稱","速限.第1當事者","道路型態子類別名稱","事故位置子類別名稱","路面狀況.路面鋪裝名稱","路面狀況.路面狀態名稱","道路障礙.視距品質名稱","號誌.號誌動作名稱","車道劃分設施.分向設施大類別名稱","車道劃分設施.分道設施.快慢車道間名稱","車道劃分設施.分道設施.路面邊線名稱","當事者事故發生時年齡","行動電話或電腦或其他相類功能裝置名稱","經度","緯度","縣市","鄉鎮"
"對撞","2023",11,2,15,"晴","無照明",40,"彎曲路及附近","一般車道(未劃分快慢車道)","柏油","乾燥","無遮蔽物","無號誌","雙向禁止超車線","未繪設快慢車道分隔線","有",19,"未使用",120.733178,22.210589,"屏東縣","獅子鄉"
"對撞","2023",11,2,15,"晴","無照明",40,"彎曲路及附近","一般車道(未劃分快慢車道)","柏油","乾燥","無遮蔽物","無號誌","雙向禁止超車線","未繪設快慢車道分隔線","有",73,"未使用",120.733178,22.210589,"屏東縣","獅子鄉"
"側撞","2023",11,3,7,"晴","有照明未開啟或故障",60,"三岔路","交叉口附近","柏油","乾燥","無遮蔽物","正常","中央分向島","快慢車道分隔線","有",73,"未使用",121.777674,24.830513,"宜蘭縣","礁溪鄉"
"側撞","2023",11,3,7,"晴","有照明未開啟或故障",60,"三岔路","交叉口附近","柏油","乾燥","無遮蔽物","正常","中央分向島","快慢車道分隔線","有",41,"未使用",121.777674,24.830513,"宜蘭縣","礁溪鄉"
"側撞","2023",11,3,9,"晴","無照明",50,"四岔路","交叉路口內","柏油","乾燥","無遮蔽物","正常","雙向禁止超車線","快慢車道分隔線","無",50,"未使用",120.344597,22.636171,"高雄市","三民區"
"側撞","2023",11,3,9,"晴","無照明",50,"四岔路","交叉路口內","柏油","乾燥","無遮蔽物","正常","雙向禁止超車線","快慢車道分隔線","無",59,"未使用",120.344597,22.636171,"高雄市","三民區"
"側撞","2023",11,3,9,"晴","無照明",50,"四岔路","交叉路口內","柏油","乾燥","無遮蔽物","正常","雙向禁止超車線","快慢車道分隔線","無",87,"非駕駛人",120.344597,22.636171,"高雄市","三民區"
"路口交岔撞","2023",11,3,9,"晴","無照明",30,"四岔路","交叉路口內","柏油","乾燥","無遮蔽物","無號誌","無","未繪設快慢車道分隔線","無",65,"不明",121.527548,25.028701,"臺北市","大安區"
"路口交岔撞","2023",11,3,9,"晴","無照明",30,"四岔路","交叉路口內","柏油","乾燥","無遮蔽物","無號誌","無","未繪設快慢車道分隔線","無",57,"不明",121.527548,25.028701,"臺北市","大安區"
"路口交岔撞","2023",11,3,9,"晴","無照明",30,"四岔路","交叉路口內","柏油","乾燥","無遮蔽物","無號誌","無","未繪設快慢車道分隔線","無",37,"不明",121.527548,25.028701,"臺北市","大安區"
"路口交岔撞","2023",11,3,9,"晴","無照明",30,"四岔路","交叉路口內","柏油","乾燥","無遮蔽物","無號誌","無","未繪設快慢車道分隔線","無",37,"不明",121.527548,25.028701,"臺北市","大安區"
"路口交岔撞","2023",11,3,9,"晴","無照明",30,"四岔路","交叉路口內","柏油","乾燥","無遮蔽物","無號誌","無","未繪設快慢車道分隔線","無",111,"未使用",121.527548,25.028701,"臺北市","大安區"
"其他","2023",11,3,9,"晴","有照明且開啟",40,"三岔路","交叉路口內","柏油","乾燥","無遮蔽物","正常","雙向禁止超車線","未繪設快慢車道分隔線","有",33,"未使用",121.817784,24.475324,"宜蘭縣","南澳鄉"
"其他","2023",11,3,9,"晴","有照明且開啟",40,"三岔路","交叉路口內","柏油","乾燥","無遮蔽物","正常","雙向禁止超車線","未繪設快慢車道分隔線","有",63,"未使用",121.817784,24.475324,"宜蘭縣","南澳鄉"
"其他","2023",11,3,10,"晴","無照明",40,"直路","路肩、路緣","柏油","乾燥","無遮蔽物","無號誌","中央分向島","快慢車道分隔線","有",33,"未使用",120.267115,22.735045,"高雄市","橋頭區"
"其他","2023",11,3,10,"晴","無照明",40,"直路","路肩、路緣","柏油","乾燥","無遮蔽物","無號誌","中央分向島","快慢車道分隔線","有",23,"不明",120.267115,22.735045,"高雄市","橋頭區"
"其他","2023",11,3,10,"晴","無照明",40,"直路","路肩、路緣","柏油","乾燥","無遮蔽物","無號誌","中央分向島","快慢車道分隔線","有",30,"未使用",120.267115,22.735045,"高雄市","橋頭區"
"側撞","2023",11,3,22,"晴","有照明且開啟",70,"四岔路","交叉路口內","柏油","乾燥","無遮蔽物","正常","無","未繪設快慢車道分隔線","無",71,"未使用",120.299204,23.459215,"嘉義縣","太保市"
"側撞","2023",11,3,22,"晴","有照明且開啟",70,"四岔路","交叉路口內","柏油","乾燥","無遮蔽物","正常","無","未繪設快慢車道分隔線","無",26,"不明",120.299204,23.459215,"嘉義縣","太保市"
"側撞","2023",11,4,3,"晴","有照明且開啟",50,"三岔路","交叉口附近","柏油","乾燥","無遮蔽物","正常","雙向禁止超車線","未繪設快慢車道分隔線","有",67,"未使用",121.223676,24.892696,"桃園市","平鎮區"
"側撞","2023",11,4,3,"晴","有照明且開啟",50,"三岔路","交叉口附近","柏油","乾燥","無遮蔽物","正常","雙向禁止超車線","未繪設快慢車道分隔線","有",45,"未使用",121.223676,24.892696,"桃園市","平鎮區"
"側撞","2023",11,4,5,"晴","有照明且開啟",50,"三岔路","交叉路口內","柏油","乾燥","無遮蔽物","無號誌","雙向禁止超車線","未繪設快慢車道分隔線","有",82,"不明",120.505159,23.701781,"雲林縣","斗六市"
"側撞","2023",11,4,5,"晴","有照明且開啟",50,"三岔路","交叉路口內","柏油","乾燥","無遮蔽物","無號誌","雙向禁止超車線","未繪設快慢車道分隔線","有",24,"不明",120.505159,23.701781,"雲林縣","斗六市"
"側撞","2023",11,4,7,"晴","有照明且開啟",40,"三岔路","交叉口附近","柏油","乾燥","無遮蔽物","無號誌","雙向禁止超車線","未繪設快慢車道分隔線","無",51,"未使用",121.367562,24.86473,"新北市","三峽區"
"側撞","2023",11,4,7,"晴","有照明且開啟",40,"三岔路","交叉口附近","柏油","乾燥","無遮蔽物","無號誌","雙向禁止超車線","未繪設快慢車道分隔線","無",63,"未使用",121.367562,24.86473,"新北市","三峽區"
"側撞","2023",11,4,7,"晴","無照明",70,"三岔路","交叉路口內","柏油","乾燥","無遮蔽物","正常","無","未繪設快慢車道分隔線","無",64,"未使用",121.769381,24.769114,"宜蘭縣","宜蘭市"
"側撞","2023",11,4,7,"晴","無照明",70,"三岔路","交叉路口內","柏油","乾燥","無遮蔽物","正常","無","未繪設快慢車道分隔線","無",41,"未使用",121.769381,24.769114,"宜蘭縣","宜蘭市"
"穿越道路中","2023",11,4,7,"晴","有照明未開啟或故障",60,"直路","一般車道(未劃分快慢車道)","柏油","乾燥","無遮蔽物","無號誌","中央分向島","未繪設快慢車道分隔線","有",20,"未使用",121.059337,24.98295,"桃園市","新屋區"
"穿越道路中","2023",11,4,7,"晴","有照明未開啟或故障",60,"直路","一般車道(未劃分快慢車道)","柏油","乾燥","無遮蔽物","無號誌","中央分向島","未繪設快慢車道分隔線","有",74,"非駕駛人",121.059337,24.98295,"桃園市","新屋區"
"同向擦撞","2023",11,4,8,"晴","有照明未開啟或故障",50,"直路","一般車道(未劃分快慢車道)","柏油","乾燥","無遮蔽物","無號誌","行車分向線","未繪設快慢車道分隔線","有",42,"未使用",121.149002,25.036648,"桃園市","觀音區"
"同向擦撞","2023",11,4,8,"晴","有照明未開啟或故障",50,"直路","一般車道(未劃分快慢車道)","柏油","乾燥","無遮蔽物","無號誌","行車分向線","未繪設快慢車道分隔線","有",29,"未使用",121.149002,25.036648,"桃園市","觀音區"
"同向擦撞","2023",11,4,8,"晴","有照明未開啟或故障",50,"直路","一般車道(未劃分快慢車道)","柏油","乾燥","無遮蔽物","無號誌","行車分向線","未繪設快慢車道分隔線","有",63,"未使用",121.149002,25.036648,"桃園市","觀音區"
"追撞","2023",11,4,8,"晴","有照明未開啟或故障",50,"直路","慢車道","柏油","乾燥","無遮蔽物","正常","中央分向島","快慢車道分隔線","無",67,"未使用",120.323483,22.668436,"高雄市","三民區"
"追撞","2023",11,4,8,"晴","有照明未開啟或故障",50,"直路","慢車道","柏油","乾燥","無遮蔽物","正常","中央分向島","快慢車道分隔線","無",66,"不明",120.323483,22.668436,"高雄市","三民區"
"追撞","2023",11,4,8,"晴","有照明未開啟或故障",50,"直路","慢車道","柏油","乾燥","無遮蔽物","正常","中央分向島","快慢車道分隔線","無",30,"未使用",120.323483,22.668436,"高雄市","三民區"
"追撞","2023",11,4,8,"晴","有照明未開啟或故障",50,"直路","慢車道","柏油","乾燥","無遮蔽物","正常","中央分向島","快慢車道分隔線","無",43,"未使用",120.323483,22.668436,"高雄市","三民區"
"追撞","2023",11,4,8,"晴","有照明未開啟或故障",50,"直路","慢車道","柏油","乾燥","無遮蔽物","正常","中央分向島","快慢車道分隔線","無",61,"未使用",120.323483,22.668436,"高雄市","三民區"
"追撞","2023",11,4,8,"晴","有照明未開啟或故障",50,"直路","慢車道","柏油","乾燥","無遮蔽物","正常","中央分向島","快慢車道分隔線","無",42,"未使用",120.323483,22.668436,"高雄市","三民區"
"追撞","2023",11,4,8,"晴","有照明未開啟或故障",50,"直路","慢車道","柏油","乾燥","無遮蔽物","正常","中央分向島","快慢車道分隔線","無",46,"未使用",120.323483,22.668436,"高雄市","三民區"
"追撞","2023",11,4,8,"晴","有照明未開啟或故障",50,"直路","慢車道","柏油","乾燥","無遮蔽物","正常","中央分向島","快慢車道分隔線","無",44,"未使用",120.323483,22.668436,"高雄市","三民區"
"追撞","2023",11,4,8,"晴","有照明未開啟或故障",50,"直路","慢車道","柏油","乾燥","無遮蔽物","正常","中央分向島","快慢車道分隔線","無",54,"不明",120.323483,22.668436,"高雄市","三民區"
"追撞","2023",11,4,8,"晴","有照明未開啟或故障",50,"直路","慢車道","柏油","乾燥","無遮蔽物","正常","中央分向島","快慢車道分隔線","無",112,"",120.323483,22.668436,"高雄市","三民區"
"路口交岔撞","2023",11,4,8,"晴","有照明未開啟或故障",50,"四岔路","交叉路口內","柏油","乾燥","無遮蔽物","正常","無","未繪設快慢車道分隔線","無",74,"不明",120.957806,24.804065,"新竹市","北區"
"路口交岔撞","2023",11,4,8,"晴","有照明未開啟或故障",50,"四岔路","交叉路口內","柏油","乾燥","無遮蔽物","正常","無","未繪設快慢車道分隔線","無",18,"未使用",120.957806,24.804065,"新竹市","北區"
"路口交岔撞","2023",11,4,8,"晴","有照明未開啟或故障",50,"四岔路","交叉路口內","柏油","乾燥","無遮蔽物","正常","無","未繪設快慢車道分隔線","無",45,"不明",120.957806,24.804065,"新竹市","北區"
"路口交岔撞","2023",11,4,8,"晴","有照明未開啟或故障",50,"四岔路","交叉路口內","柏油","乾燥","無遮蔽物","正常","無","未繪設快慢車道分隔線","無",51,"未使用",120.957806,24.804065,"新竹市","北區"
"其他","2023",11,4,9,"晴","無照明",60,"三岔路","交叉口附近","柏油","乾燥","無遮蔽物","無號誌","行車分向線","快慢車道分隔線","有",31,"未使用",120.565485,23.987172,"彰化縣","大村鄉"
"其他","2023",11,4,9,"晴","無照明",60,"三岔路","交叉口附近","柏油","乾燥","無遮蔽物","無號誌","行車分向線","快慢車道分隔線","有",19,"未使用",120.565485,23.987172,"彰化縣","大村鄉"
"追撞","2023",11,4,11,"晴","無照明",50,"直路","一般車道(未劃分快慢車道)","柏油","乾燥","無遮蔽物","無號誌","雙向禁止超車線","未繪設快慢車道分隔線","無",34,"未使用",120.700873,24.147221,"臺中市","太平區"
"追撞","2023",11,4,11,"晴","無照明",50,"直路","一般車道(未劃分快慢車道)","柏油","乾燥","無遮蔽物","無號誌","雙向禁止超車線","未繪設快慢車道分隔線","無",49,"未使用",120.700873,24.147221,"臺中市","太平區"
"路上翻車、摔倒","2023",11,4,13,"晴","有照明未開啟或故障",40,"彎曲路及附近","一般車道(未劃分快慢車道)","柏油","乾燥","無遮蔽物","無號誌","雙向禁止超車線","未繪設快慢車道分隔線","有",23,"未使用",121.017085,24.853325,"新竹縣","新埔鎮"
"其他","2023",11,4,15,"晴","無照明",50,"直路","路肩、路緣","柏油","乾燥","無遮蔽物","無號誌","雙向禁止超車線","快慢車道分隔線","有",22,"未使用",120.437466,23.417952,"嘉義縣","水上鄉"
"其他","2023",11,4,15,"晴","無照明",50,"直路","路肩、路緣","柏油","乾燥","無遮蔽物","無號誌","雙向禁止超車線","快慢車道分隔線","有",54,"未使用",120.437466,23.417952,"嘉義縣","水上鄉"
"其他","2023",11,4,15,"晴","無照明",50,"直路","路肩、路緣","柏油","乾燥","無遮蔽物","無號誌","雙向禁止超車線","快慢車道分隔線","有",3,"非駕駛人",120.437466,23.417952,"嘉義縣","水上鄉"
"撞電桿","2023",11,4,16,"晴","無照明",40,"直路","路肩、路緣","柏油","乾燥","無遮蔽物","無號誌","行車分向線","快慢車道分隔線","有",51,"不明",121.051328,22.714584,"臺東縣","臺東市"
"側撞","2023",11,4,18,"陰","有照明且開啟",50,"四岔路","交叉路口內","柏油","乾燥","無遮蔽物","正常","雙向禁止超車線","未繪設快慢車道分隔線","有",34,"未使用",120.577998,22.75514,"屏東縣","鹽埔鄉"
"側撞","2023",11,4,18,"陰","有照明且開啟",50,"四岔路","交叉路口內","柏油","乾燥","無遮蔽物","正常","雙向禁止超車線","未繪設快慢車道分隔線","有",62,"未使用",120.577998,22.75514,"屏東縣","鹽埔鄉"
"撞電桿","2023",11,5,12,"晴","有照明未開啟或故障",50,"彎曲路及附近","一般車道(未劃分快慢車道)","柏油","乾燥","無遮蔽物","無號誌","行車分向線","未繪設快慢車道分隔線","有",72,"未使用",121.149606,25.035484,"桃園市","觀音區"
"撞護欄(樁)","2023",11,5,15,"晴","無照明",25,"彎曲路及附近","一般車道(未劃分快慢車道)","柏油","乾燥","無遮蔽物","無號誌","行車分向線","未繪設快慢車道分隔線","無",48,"未使用",121.511627,24.538204,"宜蘭縣","大同鄉"
"撞護欄(樁)","2023",11,5,15,"晴","無照明",25,"彎曲路及附近","一般車道(未劃分快慢車道)","柏油","乾燥","無遮蔽物","無號誌","行車分向線","未繪設快慢車道分隔線","無",70,"非駕駛人",121.511627,24.538204,"宜蘭縣","大同鄉"
"撞護欄(樁)","2023",11,5,15,"晴","無照明",25,"彎曲路及附近","一般車道(未劃分快慢車道)","柏油","乾燥","無遮蔽物","無號誌","行車分向線","未繪設快慢車道分隔線","無",69,"非駕駛人",121.511627,24.538204,"宜蘭縣","大同鄉"
"撞護欄(樁)","2023",11,5,15,"晴","無照明",25,"彎曲路及附近","一般車道(未劃分快慢車道)","柏油","乾燥","無遮蔽物","無號誌","行車分向線","未繪設快慢車道分隔線","無",62,"非駕駛人",121.511627,24.538204,"宜蘭縣","大同鄉"
"撞護欄(樁)","2023",11,5,15,"晴","無照明",25,"彎曲路及附近","一般車道(未劃分快慢車道)","柏油","乾燥","無遮蔽物","無號誌","行車分向線","未繪設快慢車道分隔線","無",61,"非駕駛人",121.511627,24.538204,"宜蘭縣","大同鄉"
"撞護欄(樁)","2023",11,5,15,"晴","無照明",25,"彎曲路及附近","一般車道(未劃分快慢車道)","柏油","乾燥","無遮蔽物","無號誌","行車分向線","未繪設快慢車道分隔線","無",57,"非駕駛人",121.511627,24.538204,"宜蘭縣","大同鄉"
"撞護欄(樁)","2023",11,5,15,"晴","無照明",25,"彎曲路及附近","一般車道(未劃分快慢車道)","柏油","乾燥","無遮蔽物","無號誌","行車分向線","未繪設快慢車道分隔線","無",67,"非駕駛人",121.511627,24.538204,"宜蘭縣","大同鄉"
"撞護欄(樁)","2023",11,5,15,"晴","無照明",25,"彎曲路及附近","一般車道(未劃分快慢車道)","柏油","乾燥","無遮蔽物","無號誌","行車分向線","未繪設快慢車道分隔線","無",65,"非駕駛人",121.511627,24.538204,"宜蘭縣","大同鄉"
"撞護欄(樁)","2023",11,5,15,"晴","無照明",25,"彎曲路及附近","一般車道(未劃分快慢車道)","柏油","乾燥","無遮蔽物","無號誌","行車分向線","未繪設快慢車道分隔線","無",72,"非駕駛人",121.511627,24.538204,"宜蘭縣","大同鄉"
"撞護欄(樁)","2023",11,5,15,"晴","無照明",25,"彎曲路及附近","一般車道(未劃分快慢車道)","柏油","乾燥","無遮蔽物","無號誌","行車分向線","未繪設快慢車道分隔線","無",71,"非駕駛人",121.511627,24.538204,"宜蘭縣","大同鄉"
"撞護欄(樁)","2023",11,5,15,"晴","無照明",25,"彎曲路及附近","一般車道(未劃分快慢車道)","柏油","乾燥","無遮蔽物","無號誌","行車分向線","未繪設快慢車道分隔線","無",66,"非駕駛人",121.511627,24.538204,"宜蘭縣","大同鄉"
"撞護欄(樁)","2023",11,5,15,"晴","無照明",25,"彎曲路及附近","一般車道(未劃分快慢車道)","柏油","乾燥","無遮蔽物","無號誌","行車分向線","未繪設快慢車道分隔線","無",81,"非駕駛人",121.511627,24.538204,"宜蘭縣","大同鄉"
"撞護欄(樁)","2023",11,5,15,"晴","無照明",25,"彎曲路及附近","一般車道(未劃分快慢車道)","柏油","乾燥","無遮蔽物","無號誌","行車分向線","未繪設快慢車道分隔線","無",70,"非駕駛人",121.511627,24.538204,"宜蘭縣","大同鄉"
"撞護欄(樁)","2023",11,5,15,"晴","無照明",25,"彎曲路及附近","一般車道(未劃分快慢車道)","柏油","乾燥","無遮蔽物","無號誌","行車分向線","未繪設快慢車道分隔線","無",62,"非駕駛人",121.511627,24.538204,"宜蘭縣","大同鄉"
"撞護欄(樁)","2023",11,5,15,"晴","無照明",25,"彎曲路及附近","一般車道(未劃分快慢車道)","柏油","乾燥","無遮蔽物","無號誌","行車分向線","未繪設快慢車道分隔線","無",64,"非駕駛人",121.511627,24.538204,"宜蘭縣","大同鄉"
"撞護欄(樁)","2023",11,5,15,"晴","無照明",25,"彎曲路及附近","一般車道(未劃分快慢車道)","柏油","乾燥","無遮蔽物","無號誌","行車分向線","未繪設快慢車道分隔線","無",66,"非駕駛人",121.511627,24.538204,"宜蘭縣","大同鄉"
"撞護欄(樁)","2023",11,5,15,"晴","無照明",25,"彎曲路及附近","一般車道(未劃分快慢車道)","柏油","乾燥","無遮蔽物","無號誌","行車分向線","未繪設快慢車道分隔線","無",58,"非駕駛人",121.511627,24.538204,"宜蘭縣","大同鄉"
"撞護欄(樁)","2023",11,5,15,"晴","無照明",25,"彎曲路及附近","一般車道(未劃分快慢車道)","柏油","乾燥","無遮蔽物","無號誌","行車分向線","未繪設快慢車道分隔線","無",67,"非駕駛人",121.511627,24.538204,"宜蘭縣","大同鄉"
"撞護欄(樁)","2023",11,5,15,"晴","無照明",25,"彎曲路及附近","一般車道(未劃分快慢車道)","柏油","乾燥","無遮蔽物","無號誌","行車分向線","未繪設快慢車道分隔線","無",64,"非駕駛人",121.511627,24.538204,"宜蘭縣","大同鄉"
"撞護欄(樁)","2023",11,5,15,"晴","無照明",25,"彎曲路及附近","一般車道(未劃分快慢車道)","柏油","乾燥","無遮蔽物","無號誌","行車分向線","未繪設快慢車道分隔線","無",69,"非駕駛人",121.511627,24.538204,"宜蘭縣","大同鄉"
"撞護欄(樁)","2023",11,5,15,"晴","無照明",25,"彎曲路及附近","一般車道(未劃分快慢車道)","柏油","乾燥","無遮蔽物","無號誌","行車分向線","未繪設快慢車道分隔線","無",68,"非駕駛人",121.511627,24.538204,"宜蘭縣","大同鄉"
"撞護欄(樁)","2023",11,5,15,"晴","無照明",25,"彎曲路及附近","一般車道(未劃分快慢車道)","柏油","乾燥","無遮蔽物","無號誌","行車分向線","未繪設快慢車道分隔線","無",70,"非駕駛人",121.511627,24.538204,"宜蘭縣","大同鄉"
"撞護欄(樁)","2023",11,5,15,"晴","無照明",25,"彎曲路及附近","一般車道(未劃分快慢車道)","柏油","乾燥","無遮蔽物","無號誌","行車分向線","未繪設快慢車道分隔線","無",67,"非駕駛人",121.511627,24.538204,"宜蘭縣","大同鄉"
"撞護欄(樁)","2023",11,5,15,"晴","無照明",25,"彎曲路及附近","一般車道(未劃分快慢車道)","柏油","乾燥","無遮蔽物","無號誌","行車分向線","未繪設快慢車道分隔線","無",73,"非駕駛人",121.511627,24.538204,"宜蘭縣","大同鄉"
"撞護欄(樁)","2023",11,5,15,"晴","無照明",25,"彎曲路及附近","一般車道(未劃分快慢車道)","柏油","乾燥","無遮蔽物","無號誌","行車分向線","未繪設快慢車道分隔線","無",80,"非駕駛人",121.511627,24.538204,"宜蘭縣","大同鄉"
"撞護欄(樁)","2023",11,5,15,"晴","無照明",25,"彎曲路及附近","一般車道(未劃分快慢車道)","柏油","乾燥","無遮蔽物","無號誌","行車分向線","未繪設快慢車道分隔線","無",51,"非駕駛人",121.511627,24.538204,"宜蘭縣","大同鄉"
"撞護欄(樁)","2023",11,5,15,"晴","無照明",25,"彎曲路及附近","一般車道(未劃分快慢車道)","柏油","乾燥","無遮蔽物","無號誌","行車分向線","未繪設快慢車道分隔線","無",69,"非駕駛人",121.511627,24.538204,"宜蘭縣","大同鄉"
"撞護欄(樁)","2023",11,5,15,"晴","無照明",25,"彎曲路及附近","一般車道(未劃分快慢車道)","柏油","乾燥","無遮蔽物","無號誌","行車分向線","未繪設快慢車道分隔線","無",65,"非駕駛人",121.511627,24.538204,"宜蘭縣","大同鄉"
"撞護欄(樁)","2023",11,5,15,"晴","無照明",25,"彎曲路及附近","一般車道(未劃分快慢車道)","柏油","乾燥","無遮蔽物","無號誌","行車分向線","未繪設快慢車道分隔線","無",66,"非駕駛人",121.511627,24.538204,"宜蘭縣","大同鄉"
"撞護欄(樁)","2023",11,5,15,"晴","無照明",25,"彎曲路及附近","一般車道(未劃分快慢車道)","柏油","乾燥","無遮蔽物","無號誌","行車分向線","未繪設快慢車道分隔線","無",66,"非駕駛人",121.511627,24.538204,"宜蘭縣","大同鄉"
"撞護欄(樁)","2023",11,5,15,"晴","無照明",25,"彎曲路及附近","一般車道(未劃分快慢車道)","柏油","乾燥","無遮蔽物","無號誌","行車分向線","未繪設快慢車道分隔線","無",70,"非駕駛人",121.511627,24.538204,"宜蘭縣","大同鄉"
"撞護欄(樁)","2023",11,5,15,"晴","無照明",25,"彎曲路及附近","一般車道(未劃分快慢車道)","柏油","乾燥","無遮蔽物","無號誌","行車分向線","未繪設快慢車道分隔線","無",71,"非駕駛人",121.511627,24.538204,"宜蘭縣","大同鄉"
"撞護欄(樁)","2023",11,5,15,"晴","無照明",25,"彎曲路及附近","一般車道(未劃分快慢車道)","柏油","乾燥","無遮蔽物","無號誌","行車分向線","未繪設快慢車道分隔線","無",87,"非駕駛人",121.511627,24.538204,"宜蘭縣","大同鄉"
"撞護欄(樁)","2023",11,5,15,"晴","無照明",25,"彎曲路及附近","一般車道(未劃分快慢車道)","柏油","乾燥","無遮蔽物","無號誌","行車分向線","未繪設快慢車道分隔線","無",60,"非駕駛人",121.511627,24.538204,"宜蘭縣","大同鄉"
"撞護欄(樁)","2023",11,5,15,"晴","無照明",25,"彎曲路及附近","一般車道(未劃分快慢車道)","柏油","乾燥","無遮蔽物","無號誌","行車分向線","未繪設快慢車道分隔線","無",78,"非駕駛人",121.511627,24.538204,"宜蘭縣","大同鄉"
"撞護欄(樁)","2023",11,5,15,"晴","無照明",25,"彎曲路及附近","一般車道(未劃分快慢車道)","柏油","乾燥","無遮蔽物","無號誌","行車分向線","未繪設快慢車道分隔線","無",75,"非駕駛人",121.511627,24.538204,"宜蘭縣","大同鄉"
"撞護欄(樁)","2023",11,5,15,"晴","無照明",25,"彎曲路及附近","一般車道(未劃分快慢車道)","柏油","乾燥","無遮蔽物","無號誌","行車分向線","未繪設快慢車道分隔線","無",66,"非駕駛人",121.511627,24.538204,"宜蘭縣","大同鄉"
"撞護欄(樁)","2023",11,5,15,"晴","無照明",25,"彎曲路及附近","一般車道(未劃分快慢車道)","柏油","乾燥","無遮蔽物","無號誌","行車分向線","未繪設快慢車道分隔線","無",65,"非駕駛人",121.511627,24.538204,"宜蘭縣","大同鄉"
"撞護欄(樁)","2023",11,5,15,"晴","無照明",25,"彎曲路及附近","一般車道(未劃分快慢車道)","柏油","乾燥","無遮蔽物","無號誌","行車分向線","未繪設快慢車道分隔線","無",64,"非駕駛人",121.511627,24.538204,"宜蘭縣","大同鄉"
"撞護欄(樁)","2023",11,5,15,"晴","無照明",25,"彎曲路及附近","一般車道(未劃分快慢車道)","柏油","乾燥","無遮蔽物","無號誌","行車分向線","未繪設快慢車道分隔線","無",60,"非駕駛人",121.511627,24.538204,"宜蘭縣","大同鄉"
"撞護欄(樁)","2023",11,5,15,"晴","無照明",25,"彎曲路及附近","一般車道(未劃分快慢車道)","柏油","乾燥","無遮蔽物","無號誌","行車分向線","未繪設快慢車道分隔線","無",68,"非駕駛人",121.511627,24.538204,"宜蘭縣","大同鄉"
"路上翻車、摔倒","2023",11,6,2,"晴","無照明",50,"直路","一般車道(未劃分快慢車道)","柏油","乾燥","無遮蔽物","無號誌","行車分向線","未繪設快慢車道分隔線","有",24,"不明",120.260437,23.678967,"雲林縣","東勢鄉"
"撞交通島","2023",11,6,12,"晴","有照明未開啟或故障",70,"橋樑","交通島(含槽化線)","柏油","乾燥","無遮蔽物","無號誌","中央分向島","窄式快慢車道分隔島(無柵欄)","有",87,"未使用",121.462161,23.804681,"花蓮縣","鳳林鎮"
"追撞","2023",11,6,17,"陰","有照明且開啟",50,"直路","一般車道(未劃分快慢車道)","柏油","乾燥","無遮蔽物","無號誌","行車分向線","未繪設快慢車道分隔線","有",41,"未使用",120.168267,23.635052,"雲林縣","四湖鄉"
"追撞","2023",11,6,17,"陰","有照明且開啟",50,"直路","一般車道(未劃分快慢車道)","柏油","乾燥","無遮蔽物","無號誌","行車分向線","未繪設快慢車道分隔線","有",68,"未使用",120.168267,23.635052,"雲林縣","四湖鄉"
"其他","2023",11,7,6,"晴","有照明且開啟",70,"直路","一般車道(未劃分快慢車道)","柏油","乾燥","無遮蔽物","無號誌","中央分向島","快慢車道分隔線","有",50,"未使用",121.485764,25.262366,"新北市","三芝區"
"其他","2023",11,7,6,"晴","有照明且開啟",70,"直路","一般車道(未劃分快慢車道)","柏油","乾燥","無遮蔽物","無號誌","中央分向島","快慢車道分隔線","有",26,"未使用",121.485764,25.262366,"新北市","三芝區"
"路口交岔撞","2023",11,7,8,"晴","有照明未開啟或故障",50,"四岔路","交叉路口內","柏油","乾燥","無遮蔽物","正常","中央分向島","未繪設快慢車道分隔線","有",90,"未使用",120.781317,24.47844,"苗栗縣","銅鑼鄉"
"路口交岔撞","2023",11,7,8,"晴","有照明未開啟或故障",50,"四岔路","交叉路口內","柏油","乾燥","無遮蔽物","正常","中央分向島","未繪設快慢車道分隔線","有",30,"未使用",120.781317,24.47844,"苗栗縣","銅鑼鄉"
"同向擦撞","2023",11,7,14,"晴","無照明",50,"直路","一般車道(未劃分快慢車道)","柏油","乾燥","無遮蔽物","無號誌","行車分向線","未繪設快慢車道分隔線","無",52,"未使用",120.66133,24.164286,"臺中市","西屯區"
"同向擦撞","2023",11,7,14,"晴","無照明",50,"直路","一般車道(未劃分快慢車道)","柏油","乾燥","無遮蔽物","無號誌","行車分向線","未繪設快慢車道分隔線","無",67,"未使用",120.66133,24.164286,"臺中市","西屯區"
"側撞","2023",11,7,17,"晴","有照明且開啟",50,"三岔路","交叉路口內","柏油","乾燥","無遮蔽物","正常","無","未繪設快慢車道分隔線","無",55,"未使用",120.456006,23.753434,"雲林縣","西螺鎮"
"側撞","2023",11,7,17,"晴","有照明且開啟",50,"三岔路","交叉路口內","柏油","乾燥","無遮蔽物","正常","無","未繪設快慢車道分隔線","無",18,"未使用",120.456006,23.753434,"雲林縣","西螺鎮"
"追撞","2023",11,8,2,"晴","有照明且開啟",100,"直路","加速車道","柏油","乾燥","無遮蔽物","無號誌","中央分向島","未繪設快慢車道分隔線","有",45,"不明",121.668534,25.081816,"新北市","汐止區"
"追撞","2023",11,8,2,"晴","有照明且開啟",100,"直路","加速車道","柏油","乾燥","無遮蔽物","無號誌","中央分向島","未繪設快慢車道分隔線","有",52,"未使用",121.668534,25.081816,"新北市","汐止區"