"事故類型及型態子類別名稱","發生年度","發生月份","發生日期","發生時間","天候名稱","光線名稱","速限.第1當事者","道路型態子類別名稱","事故位置子類別名稱","路面狀況.路面鋪裝名稱","路面狀況.路面狀態名稱","道路障礙.視距品質名稱","號誌.號誌動作名稱","車道劃分設施.分向設施大類別名稱","車道劃分設施.分道設施.快慢車道間名稱","車道劃分設施.分道設施.路面邊線名稱","當事者事故發生時年齡","行動電話或電腦或其他相類功能裝置名稱","經度","緯度","縣市","鄉鎮"
"側撞","2023",11,8,6,"晴","有照明未開啟或故障",40,"四岔路","交叉路口內","柏油","乾燥","無遮蔽物","正常","中央分向島","快慢車道分隔線","有",70,"未使用",120.487226,22.651823,"屏東縣","屏東市"
"側撞","2023",11,8,6,"晴","有照明未開啟或故障",40,"四岔路","交叉路口內","柏油","乾燥","無遮蔽物","正常","中央分向島","快慢車道分隔線","有",20,"未使用",120.487226,22.651823,"屏東縣","屏東市"
"同向擦撞","2023",11,8,8,"晴","有照明未開啟或故障",50,"直路","一般車道(未劃分快慢車道)","柏油","乾燥","無遮蔽物","無號誌","中央分向島","未繪設快慢車道分隔線","有",36,"不明",120.937859,23.965364,"南投縣","埔里鎮"
"同向擦撞","2023",11,8,8,"晴","有照明未開啟或故障",50,"直路","一般車道(未劃分快慢車道)","柏油","乾燥","無遮蔽物","無號誌","中央分向島","未繪設快慢車道分隔線","有",18,"不明",120.937859,23.965364,"南投縣","埔里鎮"
"同向擦撞","2023",11,8,8,"晴","有照明未開啟或故障",50,"直路","一般車道(未劃分快慢車道)","柏油","乾燥","無遮蔽物","無號誌","中央分向島","未繪設快慢車道分隔線","有",18,"非駕駛人",120.937859,23.965364,"南投縣","埔里鎮"
"側撞","2023",11,8,18,"晴","有照明且開啟",50,"三岔路","交叉路口內","柏油","乾燥","無遮蔽物","無號誌","雙向禁止超車線","未繪設快慢車道分隔線","有",61,"未使用",120.362336,22.791785,"高雄市","燕巢區"
"側撞","2023",11,8,18,"晴","有照明且開啟",50,"三岔路","交叉路口內","柏油","乾燥","無遮蔽物","無號誌","雙向禁止超車線","未繪設快慢車道分隔線","有",21,"未使用",120.362336,22.791785,"高雄市","燕巢區"
"追撞","2023",11,9,8,"晴","有照明未開啟或故障",50,"四岔路","交叉路口內","柏油","乾燥","無遮蔽物","正常","中央分向島","快慢車道分隔線","有",66,"未使用",121.831807,24.633875,"宜蘭縣","蘇澳鎮"
"追撞","2023",11,9,8,"晴","有照明未開啟或故障",50,"四岔路","交叉路口內","柏油","乾燥","無遮蔽物","正常","中央分向島","快慢車道分隔線","有",47,"未使用",121.831807,24.633875,"宜蘭縣","蘇澳鎮"
"追撞","2023",11,9,8,"晴","有照明未開啟或故障",50,"四岔路","交叉路口內","柏油","乾燥","無遮蔽物","正常","中央分向島","快慢車道分隔線","有",41,"非駕駛人",121.831807,24.633875,"宜蘭縣","蘇澳鎮"
"對撞","2023",11,9,12,"晴","有照明未開啟或故障",50,"直路","一般車道(未劃分快慢車道)","柏油","乾燥","無遮蔽物","無號誌","行車分向線","未繪設快慢車道分隔線","有",65,"不明",120.694641,23.907923,"南投縣","南投市"
"對撞","2023",11,9,12,"晴","有照明未開啟或故障",50,"直路","一般車道(未劃分快慢車道)","柏油","乾燥","無遮蔽物","無號誌","行車分向線","未繪設快慢車道分隔線","有",62,"未使用",120.694641,23.907923,"南投縣","南投市"
"對向擦撞","2023",11,9,20,"晴","有照明且開啟",50,"直路","一般車道(未劃分快慢車道)","柏油","乾燥","無遮蔽物","無號誌","雙向禁止超車線","未繪設快慢車道分隔線","有",88,"未使用",121.726151,25.14361,"基隆市","中山區"
"對向擦撞","2023",11,9,20,"晴","有照明且開啟",50,"直路","一般車道(未劃分快慢車道)","柏油","乾燥","無遮蔽物","無號誌","雙向禁止超車線","未繪設快慢車道分隔線","有",23,"未使用",121.726151,25.14361,"基隆市","中山區"
"其他","2023",11,9,23,"晴","有照明且開啟",50,"四岔路","交叉口附近","柏油","乾燥","無遮蔽物","無號誌","雙向禁止超車線","未繪設快慢車道分隔線","有",68,"未使用",120.427346,23.709664,"雲林縣","虎尾鎮"
"其他","2023",11,9,23,"晴","有照明且開啟",50,"四岔路","交叉口附近","柏油","乾燥","無遮蔽物","無號誌","雙向禁止超車線","未繪設快慢車道分隔線","有",18,"未使用",120.427346,23.709664,"雲林縣","虎尾鎮"
"其他","2023",11,9,23,"晴","有照明且開啟",50,"四岔路","交叉口附近","柏油","乾燥","無遮蔽物","無號誌","雙向禁止超車線","未繪設快慢車道分隔線","有",18,"非駕駛人",120.427346,23.709664,"雲林縣","虎尾鎮"
"撞非固定設施","2023",11,10,0,"陰","有照明且開啟",50,"彎曲路及附近","路肩、路緣","柏油","乾燥","無遮蔽物","正常","雙向禁止超車線","快慢車道分隔線","有",24,"未使用",121.344379,23.059007,"臺東縣","成功鎮"
"追撞","2023",11,10,12,"晴","有照明未開啟或故障",50,"四岔路","交叉路口內","柏油","乾燥","無遮蔽物","正常","無","未繪設快慢車道分隔線","無",67,"未使用",121.209086,24.988308,"桃園市","中壢區"
"追撞","2023",11,10,12,"晴","有照明未開啟或故障",50,"四岔路","交叉路口內","柏油","乾燥","無遮蔽物","正常","無","未繪設快慢車道分隔線","無",51,"未使用",121.209086,24.988308,"桃園市","中壢區"
"追撞","2023",11,10,12,"晴","有照明未開啟或故障",50,"四岔路","交叉路口內","柏油","乾燥","無遮蔽物","正常","無","未繪設快慢車道分隔線","無",44,"未使用",121.209086,24.988308,"桃園市","中壢區"
"追撞","2023",11,10,12,"晴","有照明未開啟或故障",50,"四岔路","交叉路口內","柏油","乾燥","無遮蔽物","正常","無","未繪設快慢車道分隔線","無",47,"未使用",121.209086,24.988308,"桃園市","中壢區"
"穿越道路中","2023",11,10,18,"雨","有照明且開啟",60,"三岔路","交叉路口內","柏油","濕潤","無遮蔽物","無號誌","中央分向島","快慢車道分隔線","有",79,"非駕駛人",121.81565,24.760609,"宜蘭縣","壯圍鄉"
"穿越道路中","2023",11,10,18,"雨","有照明且開啟",60,"三岔路","交叉路口內","柏油","濕潤","無遮蔽物","無號誌","中央分向島","快慢車道分隔線","有",30,"未使用",121.81565,24.760609,"宜蘭縣","壯圍鄉"
"側撞","2023",11,10,18,"陰","有照明且開啟",50,"四岔路","交叉路口內","柏油","乾燥","無遮蔽物","正常","無","未繪設快慢車道分隔線","無",70,"不明",120.678144,24.187028,"臺中市","北屯區"
"側撞","2023",11,10,18,"陰","有照明且開啟",50,"四岔路","交叉路口內","柏油","乾燥","無遮蔽物","正常","無","未繪設快慢車道分隔線","無",51,"不明",120.678144,24.187028,"臺中市","北屯區"
"其他","2023",11,10,20,"晴","有照明且開啟",30,"直路","路肩、路緣","柏油","乾燥","無遮蔽物","無號誌","無","未繪設快慢車道分隔線","有",42,"未使用",120.664334,23.876544,"南投縣","名間鄉"
"其他","2023",11,10,20,"晴","有照明且開啟",30,"直路","路肩、路緣","柏油","乾燥","無遮蔽物","無號誌","無","未繪設快慢車道分隔線","有",52,"未使用",120.664334,23.876544,"南投縣","名間鄉"
"其他","2023",11,10,20,"晴","有照明且開啟",30,"直路","路肩、路緣","柏油","乾燥","無遮蔽物","無號誌","無","未繪設快慢車道分隔線","有",14,"非駕駛人",120.664334,23.876544,"南投縣","名間鄉"
"衝出路外","2023",11,10,22,"晴","無照明",30,"其他","其他","水泥","乾燥","無遮蔽物","無號誌","無","未繪設快慢車道分隔線","無",24,"未使用",121.542231,22.027498,"臺東縣","蘭嶼鄉"
"倒車撞","2023",11,11,6,"晴","有照明未開啟或故障",40,"直路","慢車道","柏油","乾燥","無遮蔽物","無號誌","中央分向島","寬式快慢車道分隔島(50公分以上)","有",38,"未使用",121.040873,24.78185,"新竹縣","竹東鎮"
"倒車撞","2023",11,11,6,"晴","有照明未開啟或故障",40,"直路","慢車道","柏油","乾燥","無遮蔽物","無號誌","中央分向島","寬式快慢車道分隔島(50公分以上)","有",48,"未使用",121.040873,24.78185,"新竹縣","竹東鎮"
"穿越道路中","2023",11,11,8,"晴","有照明未開啟或故障",50,"四岔路","交叉路口內","柏油","乾燥","無遮蔽物","正常","無","未繪設快慢車道分隔線","無",47,"未使用",121.629241,23.995379,"花蓮縣","花蓮市"
"穿越道路中","2023",11,11,8,"晴","有照明未開啟或故障",50,"四岔路","交叉路口內","柏油","乾燥","無遮蔽物","正常","無","未繪設快慢車道分隔線","無",92,"非駕駛人",121.629241,23.995379,"花蓮縣","花蓮市"
"側撞","2023",11,11,9,"晴","有照明未開啟或故障",30,"四岔路","交叉路口內","柏油","乾燥","無遮蔽物","無號誌","無","未繪設快慢車道分隔線","無",74,"未使用",121.306445,23.311341,"花蓮縣","玉里鎮"
"側撞","2023",11,11,9,"晴","有照明未開啟或故障",30,"四岔路","交叉路口內","柏油","乾燥","無遮蔽物","無號誌","無","未繪設快慢車道分隔線","無",90,"未使用",121.306445,23.311341,"花蓮縣","玉里鎮"
"衝出路外","2023",11,11,19,"晴","有照明且開啟",30,"直路","一般車道(未劃分快慢車道)","柏油","乾燥","無遮蔽物","無號誌","無","未繪設快慢車道分隔線","無",68,"不明",120.552297,24.123024,"臺中市","大肚區"
"穿越道路中","2023",11,12,17,"晴","有照明且開啟",50,"直路","一般車道(未劃分快慢車道)","柏油","乾燥","無遮蔽物","正常","雙向禁止超車線","未繪設快慢車道分隔線","有",87,"非駕駛人",121.469642,25.057402,"新北市","三重區"
"穿越道路中","2023",11,12,17,"晴","有照明且開啟",50,"直路","一般車道(未劃分快慢車道)","柏油","乾燥","無遮蔽物","正常","雙向禁止超車線","未繪設快慢車道分隔線","有",50,"未使用",121.469642,25.057402,"新北市","三重區"
"追撞","2023",11,13,1,"晴","無照明",110,"直路","一般車道(未劃分快慢車道)","柏油","乾燥","無遮蔽物","無號誌","中央分向島","未繪設快慢車道分隔線","有",45,"不明",120.635445,24.334594,"臺中市","外埔區"
"追撞","2023",11,13,1,"晴","無照明",110,"直路","一般車道(未劃分快慢車道)","柏油","乾燥","無遮蔽物","無號誌","中央分向島","未繪設快慢車道分隔線","有",45,"未使用",120.635445,24.334594,"臺中市","外埔區"
"追撞","2023",11,13,1,"晴","無照明",110,"直路","一般車道(未劃分快慢車道)","柏油","乾燥","無遮蔽物","無號誌","中央分向島","未繪設快慢車道分隔線","有",45,"未使用",120.635445,24.334594,"臺中市","外埔區"
"追撞","2023",11,13,1,"晴","無照明",110,"直路","快車道","柏油","乾燥","無遮蔽物","無號誌","中央分向島","未繪設快慢車道分隔線","有",30,"不明",120.455532,23.666813,"雲林縣","斗南鎮"
"追撞","2023",11,13,1,"晴","無照明",110,"直路","快車道","柏油","乾燥","無遮蔽物","無號誌","中央分向島","未繪設快慢車道分隔線","有",39,"未使用",120.455532,23.666813,"雲林縣","斗南鎮"
"追撞","2023",11,13,1,"晴","無照明",110,"直路","快車道","柏油","乾燥","無遮蔽物","無號誌","中央分向島","未繪設快慢車道分隔線","有",51,"使用免持或未有礙駕駛安全",120.455532,23.666813,"雲林縣","斗南鎮"
"追撞","2023",11,13,1,"晴","無照明",110,"直路","快車道","柏油","乾燥","無遮蔽物","無號誌","中央分向島","未繪設快慢車道分隔線","有",45,"未使用",120.455532,23.666813,"雲林縣","斗南鎮"
"路口交岔撞","2023",11,13,5,"雨","有照明且開啟",50,"四岔路","交叉路口內","柏油","濕潤","無遮蔽物","正常","中央分向島","未繪設快慢車道分隔線","無",53,"未使用",121.613982,25.055344,"臺北市","南港區"
"路口交岔撞","2023",11,13,5,"雨","有照明且開啟",50,"四岔路","交叉路口內","柏油","濕潤","無遮蔽物","正常","中央分向島","未繪設快慢車道分隔線","無",52,"未使用",121.613982,25.055344,"臺北市","南港區"
"路口交岔撞","2023",11,13,5,"雨","有照明且開啟",50,"四岔路","交叉路口內","柏油","濕潤","無遮蔽物","正常","中央分向島","未繪設快慢車道分隔線","無",59,"未使用",121.613982,25.055344,"臺北市","南港區"
"其他","2023",11,13,6,"陰","有照明未開啟或故障",50,"四岔路","交叉口附近","柏油","乾燥","無遮蔽物","正常","雙向禁止超車線","未繪設快慢車道分隔線","有",21,"未使用",121.304565,23.26834,"花蓮縣","富里鄉"
"其他","2023",11,13,6,"陰","有照明未開啟或故障",50,"四岔路","交叉口附近","柏油","乾燥","無遮蔽物","正常","雙向禁止超車線","未繪設快慢車道分隔線","有",51,"未使用",121.304565,23.26834,"花蓮縣","富里鄉"
"其他","2023",11,13,6,"陰","有照明未開啟或故障",50,"四岔路","交叉口附近","柏油","乾燥","無遮蔽物","正常","雙向禁止超車線","未繪設快慢車道分隔線","有",39,"非駕駛人",121.304565,23.26834,"花蓮縣","富里鄉"
"其他","2023",11,13,7,"晴","有照明未開啟或故障",60,"直路","快車道","柏油","乾燥","無遮蔽物","無號誌","中央分向島","寬式快慢車道分隔島(50公分以上)","無",36,"未使用",120.639195,24.18956,"臺中市","西屯區"
"其他","2023",11,13,7,"晴","有照明未開啟或故障",60,"直路","快車道","柏油","乾燥","無遮蔽物","無號誌","中央分向島","寬式快慢車道分隔島(50公分以上)","無",15,"非駕駛人",120.639195,24.18956,"臺中市","西屯區"
"其他","2023",11,13,7,"晴","有照明未開啟或故障",60,"直路","快車道","柏油","乾燥","無遮蔽物","無號誌","中央分向島","寬式快慢車道分隔島(50公分以上)","無",13,"非駕駛人",120.639195,24.18956,"臺中市","西屯區"
"其他","2023",11,13,7,"晴","有照明未開啟或故障",60,"直路","快車道","柏油","乾燥","無遮蔽物","無號誌","中央分向島","寬式快慢車道分隔島(50公分以上)","無",10,"非駕駛人",120.639195,24.18956,"臺中市","西屯區"
"其他","2023",11,13,7,"晴","有照明未開啟或故障",60,"直路","快車道","柏油","乾燥","無遮蔽物","無號誌","中央分向島","寬式快慢車道分隔島(50公分以上)","無",6,"非駕駛人",120.639195,24.18956,"臺中市","西屯區"
"其他","2023",11,13,9,"晴","有照明未開啟或故障",40,"直路","一般車道(未劃分快慢車道)","柏油","乾燥","無遮蔽物","無號誌","行車分向線","快慢車道分隔線","有",28,"未使用",120.586189,24.289459,"臺中市","清水區"
"其他","2023",11,13,9,"晴","有照明未開啟或故障",40,"直路","一般車道(未劃分快慢車道)","柏油","乾燥","無遮蔽物","無號誌","行車分向線","快慢車道分隔線","有",26,"未使用",120.586189,24.289459,"臺中市","清水區"
"同向擦撞","2023",11,13,12,"晴","有照明未開啟或故障",50,"直路","快車道","柏油","乾燥","無遮蔽物","正常","雙向禁止超車線","快慢車道分隔線","無",52,"未使用",120.303132,22.618271,"高雄市","苓雅區"
"同向擦撞","2023",11,13,12,"晴","有照明未開啟或故障",50,"直路","快車道","柏油","乾燥","無遮蔽物","正常","雙向禁止超車線","快慢車道分隔線","無",71,"未使用",120.303132,22.618271,"高雄市","苓雅區"
"側撞","2023",11,13,13,"晴","有照明未開啟或故障",50,"四岔路","交叉口附近","柏油","乾燥","無遮蔽物","正常","雙向禁止超車線","未繪設快慢車道分隔線","有",79,"未使用",120.352543,23.529477,"嘉義縣","新港鄉"
"側撞","2023",11,13,13,"晴","有照明未開啟或故障",50,"四岔路","交叉口附近","柏油","乾燥","無遮蔽物","正常","雙向禁止超車線","未繪設快慢車道分隔線","有",40,"未使用",120.352543,23.529477,"嘉義縣","新港鄉"
"撞護欄(樁)","2023",11,13,21,"晴","無照明",110,"直路","快車道","柏油","乾燥","無遮蔽物","無號誌","中央分向島","未繪設快慢車道分隔線","有",26,"未使用",120.920935,24.741038,"新竹市","香山區"
"撞護欄(樁)","2023",11,13,21,"晴","無照明",110,"直路","快車道","柏油","乾燥","無遮蔽物","無號誌","中央分向島","未繪設快慢車道分隔線","有",26,"非駕駛人",120.920935,24.741038,"新竹市","香山區"
"撞護欄(樁)","2023",11,13,21,"晴","無照明",110,"直路","快車道","柏油","乾燥","無遮蔽物","無號誌","中央分向島","未繪設快慢車道分隔線","有",49,"未使用",120.920935,24.741038,"新竹市","香山區"
"路口交岔撞","2023",11,14,6,"晴","無照明",50,"四岔路","交叉路口內","柏油","乾燥","無遮蔽物","正常","行車分向線","未繪設快慢車道分隔線","有",80,"未使用",120.568112,24.271535,"臺中市","清水區"
"路口交岔撞","2023",11,14,6,"晴","無照明",50,"四岔路","交叉路口內","柏油","乾燥","無遮蔽物","正常","行車分向線","未繪設快慢車道分隔線","有",71,"未使用",120.568112,24.271535,"臺中市","清水區"
"衝出路外","2023",11,14,8,"晴","有照明未開啟或故障",30,"三岔路","交叉口附近","柏油","乾燥","無遮蔽物","無號誌","無","未繪設快慢車道分隔線","有",88,"未使用",120.468381,23.986782,"彰化縣","埔鹽鄉"
"衝出路外","2023",11,14,11,"陰","無照明",30,"坡路","其他","水泥","乾燥","無遮蔽物","無號誌","無","未繪設快慢車道分隔線","無",42,"未使用",121.225127,24.088656,"南投縣","仁愛鄉"
"衝出路外","2023",11,14,11,"陰","無照明",30,"坡路","其他","水泥","乾燥","無遮蔽物","無號誌","無","未繪設快慢車道分隔線","無",27,"非駕駛人",121.225127,24.088656,"南投縣","仁愛鄉"
"其他","2023",11,14,15,"晴","有照明未開啟或故障",40,"三岔路","交叉路口內","柏油","乾燥","無遮蔽物","正常","中央分向島","快慢車道分隔線","有",70,"不明",120.401153,22.526268,"高雄市","林園區"
"其他","2023",11,14,15,"晴","有照明未開啟或故障",40,"三岔路","交叉路口內","柏油","乾燥","無遮蔽物","正常","中央分向島","快慢車道分隔線","有",53,"未使用",120.401153,22.526268,"高雄市","林園區"
"其他","2023",11,14,20,"晴","有照明且開啟",40,"直路","行人穿越道","柏油","乾燥","無遮蔽物","無號誌","行車分向線","未繪設快慢車道分隔線","有",35,"未使用",121.431082,24.993766,"新北市","板橋區"
"其他","2023",11,14,20,"晴","有照明且開啟",40,"直路","行人穿越道","柏油","乾燥","無遮蔽物","無號誌","行車分向線","未繪設快慢車道分隔線","有",54,"非駕駛人",121.431082,24.993766,"新北市","板橋區"
"側撞","2023",11,15,8,"晴","無照明",50,"直路","快車道","柏油","乾燥","無遮蔽物","無號誌","中央分向島","快慢車道分隔線","有",58,"未使用",121.120088,22.761707,"臺東縣","臺東市"
"側撞","2023",11,15,8,"晴","無照明",50,"直路","快車道","柏油","乾燥","無遮蔽物","無號誌","中央分向島","快慢車道分隔線","有",27,"未使用",121.120088,22.761707,"臺東縣","臺東市"
"路口交岔撞","2023",11,15,13,"晴","有照明未開啟或故障",30,"多岔路","交叉路口內","柏油","乾燥","無遮蔽物","正常","無","未繪設快慢車道分隔線","無",34,"未使用",120.39993,23.533084,"嘉義縣","民雄鄉"
"路口交岔撞","2023",11,15,13,"晴","有照明未開啟或故障",30,"多岔路","交叉路口內","柏油","乾燥","無遮蔽物","正常","無","未繪設快慢車道分隔線","無",62,"未使用",120.39993,23.533084,"嘉義縣","民雄鄉"
"其他","2023",11,16,7,"晴","有照明未開啟或故障",100,"直路","快車道","柏油","乾燥","有遮蔽物","無號誌","中央分向島","未繪設快慢車道分隔線","有",61,"未使用",120.743034,24.365721,"苗栗縣","三義鄉"
"其他","2023",11,16,7,"晴","有照明未開啟或故障",100,"直路","快車道","柏油","乾燥","有遮蔽物","無號誌","中央分向島","未繪設快慢車道分隔線","有",65,"非駕駛人",120.743034,24.365721,"苗栗縣","三義鄉"
"其他","2023",11,16,7,"晴","有照明未開啟或故障",100,"直路","快車道","柏油","乾燥","有遮蔽物","無號誌","中央分向島","未繪設快慢車道分隔線","有",61,"未使用",120.743034,24.365721,"苗栗縣","三義鄉"
"其他","2023",11,16,7,"晴","有照明未開啟或故障",100,"直路","快車道","柏油","乾燥","有遮蔽物","無號誌","中央分向島","未繪設快慢車道分隔線","有",42,"未使用",120.743034,24.365721,"苗栗縣","三義鄉"
"路口交岔撞","2023",11,16,10,"晴","無照明",50,"四岔路","交叉路口內","柏油","乾燥","無遮蔽物","無號誌","雙向禁止超車線","未繪設快慢車道分隔線","無",81,"不明",120.291467,22.717775,"高雄市","楠梓區"
"路口交岔撞","2023",11,16,10,"晴","無照明",50,"四岔路","交叉路口內","柏油","乾燥","無遮蔽物","無號誌","雙向禁止超車線","未繪設快慢車道分隔線","無",52,"不明",120.291467,22.717775,"高雄市","楠梓區"
"撞電桿","2023",11,16,17,"雨","無照明",50,"坡路","一般車道(未劃分快慢車道)","柏油","濕潤","無遮蔽物","無號誌","行車分向線","未繪設快慢車道分隔線","有",86,"未使用",120.911225,24.618051,"苗栗縣","造橋鄉"
"路口交岔撞","2023",11,17,5,"晴","有照明且開啟",50,"三岔路","交叉路口內","柏油","乾燥","有遮蔽物","正常","雙向禁止超車線","未繪設快慢車道分隔線","有",67,"未使用",121.022354,24.834564,"新竹縣","竹北市"
"路口交岔撞","2023",11,17,5,"晴","有照明且開啟",50,"三岔路","交叉路口內","柏油","乾燥","有遮蔽物","正常","雙向禁止超車線","未繪設快慢車道分隔線","有",80,"未使用",121.022354,24.834564,"新竹縣","竹北市"
"側撞","2023",11,17,10,"晴","有照明未開啟或故障",60,"四岔路","交叉路口內","柏油","乾燥","無遮蔽物","正常","無","未繪設快慢車道分隔線","無",68,"未使用",120.585632,24.186015,"臺中市","龍井區"
"側撞","2023",11,17,10,"晴","有照明未開啟或故障",60,"四岔路","交叉路口內","柏油","乾燥","無遮蔽物","正常","無","未繪設快慢車道分隔線","無",23,"未使用",120.585632,24.186015,"臺中市","龍井區"
"追撞","2023",11,17,16,"晴","有照明未開啟或故障",50,"直路","一般車道(未劃分快慢車道)","柏油","乾燥","無遮蔽物","無號誌","中央分向島","未繪設快慢車道分隔線","有",46,"不明",121.254131,25.087055,"桃園市","大園區"
"追撞","2023",11,17,16,"晴","有照明未開啟或故障",50,"直路","一般車道(未劃分快慢車道)","柏油","乾燥","無遮蔽物","無號誌","中央分向島","未繪設快慢車道分隔線","有",65,"不明",121.254131,25.087055,"桃園市","大園區"
"追撞","2023",11,17,16,"晴","有照明未開啟或故障",50,"直路","一般車道(未劃分快慢車道)","柏油","乾燥","無遮蔽物","無號誌","中央分向島","未繪設快慢車道分隔線","有",51,"不明",121.254131,25.087055,"桃園市","大園區"
"其他","2023",11,17,20,"陰","有照明且開啟",60,"多岔路","慢車道","柏油","乾燥","無遮蔽物","正常","中央分向島","窄式快慢車道分隔島(無柵欄)","有",49,"不明",120.569563,24.237414,"臺中市","沙鹿區"
"其他","2023",11,17,20,"陰","有照明且開啟",60,"多岔路","慢車道","柏油","乾燥","無遮蔽物","正常","中央分向島","窄式快慢車道分隔島(無柵欄)","有",53,"不明",120.569563,24.237414,"臺中市","沙鹿區"
"其他","2023",11,17,21,"晴","有照明且開啟",50,"彎曲路及附近","一般車道(未劃分快慢車道)","柏油","乾燥","無遮蔽物","無號誌","雙向禁止超車線","未繪設快慢車道分隔線","有",72,"未使用",121.485541,25.022253,"新北市","板橋區"
"其他","2023",11,17,21,"晴","有照明且開啟",50,"彎曲路及附近","一般車道(未劃分快慢車道)","柏油","乾燥","無遮蔽物","無號誌","雙向禁止超車線","未繪設快慢車道分隔線","有",63,"非駕駛人",121.485541,25.022253,"新北市","板橋區"
"穿越道路中","2023",11,17,21,"陰","有照明且開啟",60,"直路","一般車道(未劃分快慢車道)","柏油","乾燥","無遮蔽物","無號誌","行車分向線","未繪設快慢車道分隔線","有",46,"未使用",120.427611,23.369376,"臺南市","白河區"
"穿越道路中","2023",11,17,21,"陰","有照明且開啟",60,"直路","一般車道(未劃分快慢車道)","柏油","乾燥","無遮蔽物","無號誌","行車分向線","未繪設快慢車道分隔線","有",80,"非駕駛人",120.427611,23.369376,"臺南市","白河區"
"穿越道路中","2023",11,18,6,"晴","無照明",50,"直路","一般車道(未劃分快慢車道)","柏油","乾燥","無遮蔽物","無號誌","行車分向線","未繪設快慢車道分隔線","有",84,"非駕駛人",120.489887,23.511578,"嘉義縣","民雄鄉"
"穿越道路中","2023",11,18,6,"晴","無照明",50,"直路","一般車道(未劃分快慢車道)","柏油","乾燥","無遮蔽物","無號誌","行車分向線","未繪設快慢車道分隔線","有",61,"未使用",120.489887,23.511578,"嘉義縣","民雄鄉"
"路口交岔撞","2023",11,18,6,"晴","無照明",30,"四岔路","交叉口附近","柏油","乾燥","無遮蔽物","無號誌","無","未繪設快慢車道分隔線","無",47,"不明",120.258238,23.613412,"雲林縣","水林鄉"
"路口交岔撞","2023",11,18,6,"晴","無照明",30,"四岔路","交叉口附近","柏油","乾燥","無遮蔽物","無號誌","無","未繪設快慢車道分隔線","無",81,"未使用",120.258238,23.613412,"雲林縣","水林鄉"
"側撞","2023",11,18,10,"晴","無照明",50,"四岔路","交叉路口內","柏油","乾燥","無遮蔽物","正常","無","未繪設快慢車道分隔線","無",44,"未使用",121.220589,24.966356,"桃園市","中壢區"
"側撞","2023",11,18,10,"晴","無照明",50,"四岔路","交叉路口內","柏油","乾燥","無遮蔽物","正常","無","未繪設快慢車道分隔線","無",74,"未使用",121.220589,24.966356,"桃園市","中壢區"
"對撞","2023",11,18,14,"晴","有照明未開啟或故障",50,"直路","一般車道(未劃分快慢車道)","柏油","乾燥","無遮蔽物","無號誌","行車分向線","未繪設快慢車道分隔線","有",46,"未使用",120.716315,24.228902,"臺中市","潭子區"
"對撞","2023",11,18,14,"晴","有照明未開啟或故障",50,"直路","一般車道(未劃分快慢車道)","柏油","乾燥","無遮蔽物","無號誌","行車分向線","未繪設快慢車道分隔線","有",41,"未使用",120.716315,24.228902,"臺中市","潭子區"
"對撞","2023",11,18,14,"晴","有照明未開啟或故障",50,"直路","一般車道(未劃分快慢車道)","柏油","乾燥","無遮蔽物","無號誌","行車分向線","未繪設快慢車道分隔線","有",45,"非駕駛人",120.716315,24.228902,"臺中市","潭子區"
"其他","2023",11,18,16,"晴","有照明且開啟",50,"直路","路肩、路緣","柏油","乾燥","無遮蔽物","無號誌","中央分向島","未繪設快慢車道分隔線","有",45,"不明",121.243801,24.953806,"桃園市","中壢區"
"穿越道路中","2023",11,19,0,"晴","有照明且開啟",40,"直路","一般車道(未劃分快慢車道)","柏油","乾燥","無遮蔽物","無號誌","中央分向島","未繪設快慢車道分隔線","有",61,"非駕駛人",121.217539,24.867964,"桃園市","龍潭區"
"穿越道路中","2023",11,19,0,"晴","有照明且開啟",40,"直路","一般車道(未劃分快慢車道)","柏油","乾燥","無遮蔽物","無號誌","中央分向島","未繪設快慢車道分隔線","有",23,"不明",121.217539,24.867964,"桃園市","龍潭區"
"撞護欄(樁)","2023",11,19,0,"晴","有照明且開啟",50,"四岔路","交叉口附近","柏油","乾燥","無遮蔽物","正常","雙向禁止超車線","快慢車道分隔線","無",40,"不明",120.4287,22.60544,"高雄市","大寮區"
"撞護欄(樁)","2023",11,19,0,"晴","有照明且開啟",50,"四岔路","交叉口附近","柏油","乾燥","無遮蔽物","正常","雙向禁止超車線","快慢車道分隔線","無",112,"",120.4287,22.60544,"高雄市","大寮區"
"對撞","2023",11,19,6,"晴","有照明且開啟",50,"彎曲路及附近","一般車道(未劃分快慢車道)","柏油","乾燥","無遮蔽物","無號誌","雙向禁止超車線","未繪設快慢車道分隔線","有",28,"未使用",121.755265,24.803648,"宜蘭縣","礁溪鄉"
"對撞","2023",11,19,6,"晴","有照明且開啟",50,"彎曲路及附近","一般車道(未劃分快慢車道)","柏油","乾燥","無遮蔽物","無號誌","雙向禁止超車線","未繪設快慢車道分隔線","有",60,"未使用",121.755265,24.803648,"宜蘭縣","礁溪鄉"