"事故類型及型態子類別名稱","發生年度","發生月份","發生日期","發生時間","天候名稱","光線名稱","速限.第1當事者","道路型態子類別名稱","事故位置子類別名稱","路面狀況.路面鋪裝名稱","路面狀況.路面狀態名稱","道路障礙.視距品質名稱","號誌.號誌動作名稱","車道劃分設施.分向設施大類別名稱","車道劃分設施.分道設施.快慢車道間名稱","車道劃分設施.分道設施.路面邊線名稱","當事者事故發生時年齡","行動電話或電腦或其他相類功能裝置名稱","經度","緯度","縣市","鄉鎮"
"衝出路外","2023",11,19,11,"晴","有照明且開啟",40,"直路","其他","柏油","乾燥","無遮蔽物","無號誌","無","未繪設快慢車道分隔線","無",85,"未使用",120.813996,24.474209,"苗栗縣","公館鄉"
"其他","2023",11,19,12,"晴","有照明未開啟或故障",50,"直路","路肩、路緣","柏油","乾燥","無遮蔽物","無號誌","雙向禁止超車線","未繪設快慢車道分隔線","有",73,"不明",121.072885,24.884801,"新竹縣","湖口鄉"
"路口交岔撞","2023",11,20,2,"晴","有照明且開啟",50,"四岔路","交叉路口內","柏油","乾燥","無遮蔽物","正常","無","未繪設快慢車道分隔線","無",48,"不明",120.3487,22.73313,"高雄市","大社區"
"路口交岔撞","2023",11,20,2,"晴","有照明且開啟",50,"四岔路","交叉路口內","柏油","乾燥","無遮蔽物","正常","無","未繪設快慢車道分隔線","無",22,"未使用",120.3487,22.73313,"高雄市","大社區"
"同向擦撞","2023",11,20,8,"晴","有照明且開啟",50,"直路","慢車道","柏油","乾燥","有遮蔽物","無號誌","中央分向島","快慢車道分隔線","有",76,"未使用",121.496768,25.003321,"新北市","中和區"
"同向擦撞","2023",11,20,8,"晴","有照明且開啟",50,"直路","慢車道","柏油","乾燥","有遮蔽物","無號誌","中央分向島","快慢車道分隔線","有",39,"未使用",121.496768,25.003321,"新北市","中和區"
"同向擦撞","2023",11,20,8,"晴","有照明且開啟",50,"直路","慢車道","柏油","乾燥","有遮蔽物","無號誌","中央分向島","快慢車道分隔線","有",20,"未使用",121.496768,25.003321,"新北市","中和區"
"同向擦撞","2023",11,20,8,"晴","有照明且開啟",50,"直路","慢車道","柏油","乾燥","有遮蔽物","無號誌","中央分向島","快慢車道分隔線","有",32,"未使用",121.496768,25.003321,"新北市","中和區"
"路口交岔撞","2023",11,20,9,"晴","有照明未開啟或故障",30,"四岔路","交叉路口內","柏油","乾燥","無遮蔽物","無號誌","無","未繪設快慢車道分隔線","無",56,"未使用",120.273274,23.035392,"臺南市","永康區"
"路口交岔撞","2023",11,20,9,"晴","有照明未開啟或故障",30,"四岔路","交叉路口內","柏油","乾燥","無遮蔽物","無號誌","無","未繪設快慢車道分隔線","無",34,"未使用",120.273274,23.035392,"臺南市","永康區"
"同向擦撞","2023",11,20,14,"晴","有照明未開啟或故障",50,"直路","一般車道(未劃分快慢車道)","柏油","乾燥","無遮蔽物","無號誌","雙向禁止超車線","未繪設快慢車道分隔線","有",59,"未使用",121.539532,24.955359,"新北市","新店區"
"同向擦撞","2023",11,20,14,"晴","有照明未開啟或故障",50,"直路","一般車道(未劃分快慢車道)","柏油","乾燥","無遮蔽物","無號誌","雙向禁止超車線","未繪設快慢車道分隔線","有",74,"未使用",121.539532,24.955359,"新北市","新店區"
"同向擦撞","2023",11,20,14,"晴","有照明未開啟或故障",50,"直路","一般車道(未劃分快慢車道)","柏油","乾燥","無遮蔽物","無號誌","雙向禁止超車線","未繪設快慢車道分隔線","有",25,"未使用",121.539532,24.955359,"新北市","新店區"
"路上翻車、摔倒","2023",11,20,21,"晴","有照明且開啟",30,"直路","一般車道(未劃分快慢車道)","柏油","乾燥","無遮蔽物","無號誌","無","未繪設快慢車道分隔線","無",69,"未使用",120.436987,23.474794,"嘉義市","西區"
"路上翻車、摔倒","2023",11,20,23,"晴","有照明且開啟",40,"彎曲路及附近","一般車道(未劃分快慢車道)","柏油","乾燥","無遮蔽物","無號誌","雙向禁止超車線","未繪設快慢車道分隔線","有",21,"未使用",120.75716,24.11786,"臺中市","太平區"
"穿越道路中","2023",11,21,7,"晴","無照明",50,"四岔路","交叉路口內","柏油","乾燥","無遮蔽物","正常","無","未繪設快慢車道分隔線","有",84,"非駕駛人",118.431976,24.43463,"金門縣","金湖鎮"
"穿越道路中","2023",11,21,7,"晴","無照明",50,"四岔路","交叉路口內","柏油","乾燥","無遮蔽物","正常","無","未繪設快慢車道分隔線","有",24,"未使用",118.431976,24.43463,"金門縣","金湖鎮"
"同向擦撞","2023",11,21,7,"晴","無照明",50,"直路","一般車道(未劃分快慢車道)","柏油","乾燥","無遮蔽物","無號誌","中央分向島","未繪設快慢車道分隔線","有",46,"未使用",121.370251,25.06088,"桃園市","龜山區"
"同向擦撞","2023",11,21,7,"晴","無照明",50,"直路","一般車道(未劃分快慢車道)","柏油","乾燥","無遮蔽物","無號誌","中央分向島","未繪設快慢車道分隔線","有",51,"未使用",121.370251,25.06088,"桃園市","龜山區"
"同向擦撞","2023",11,21,7,"晴","無照明",50,"直路","一般車道(未劃分快慢車道)","柏油","乾燥","無遮蔽物","無號誌","中央分向島","未繪設快慢車道分隔線","有",50,"未使用",121.370251,25.06088,"桃園市","龜山區"
"側撞","2023",11,21,8,"晴","無照明",50,"三岔路","交叉路口內","柏油","乾燥","無遮蔽物","正常","中央分向島","未繪設快慢車道分隔線","有",42,"未使用",121.489024,25.048866,"新北市","三重區"
"側撞","2023",11,21,8,"晴","無照明",50,"三岔路","交叉路口內","柏油","乾燥","無遮蔽物","正常","中央分向島","未繪設快慢車道分隔線","有",49,"未使用",121.489024,25.048866,"新北市","三重區"
"撞號誌、標誌桿","2023",11,21,10,"晴","無照明",70,"直路","一般車道(未劃分快慢車道)","柏油","乾燥","無遮蔽物","無號誌","雙向禁止超車線","寬式快慢車道分隔島(50公分以上)","有",43,"不明",120.908541,23.983631,"南投縣","國姓鄉"
"撞路樹","2023",11,22,2,"晴","有照明且開啟",50,"直路","一般車道(未劃分快慢車道)","柏油","乾燥","無遮蔽物","無號誌","中央分向島","未繪設快慢車道分隔線","有",53,"未使用",121.219392,24.870719,"桃園市","龍潭區"
"撞路樹","2023",11,22,2,"晴","有照明且開啟",50,"直路","一般車道(未劃分快慢車道)","柏油","乾燥","無遮蔽物","無號誌","中央分向島","未繪設快慢車道分隔線","有",47,"非駕駛人",121.219392,24.870719,"桃園市","龍潭區"
"其他","2023",11,22,5,"晴","有照明且開啟",50,"四岔路","交叉路口內","柏油","乾燥","無遮蔽物","正常","雙向禁止超車線","未繪設快慢車道分隔線","無",40,"未使用",121.405196,25.04099,"新北市","土城區"
"其他","2023",11,22,5,"晴","有照明且開啟",50,"四岔路","交叉路口內","柏油","乾燥","無遮蔽物","正常","雙向禁止超車線","未繪設快慢車道分隔線","無",49,"未使用",121.405196,25.04099,"新北市","土城區"
"其他","2023",11,22,6,"陰","有照明且開啟",50,"彎曲路及附近","一般車道(未劃分快慢車道)","柏油","乾燥","無遮蔽物","無號誌","雙向禁止超車線","未繪設快慢車道分隔線","無",32,"未使用",121.378776,25.084078,"新北市","林口區"
"追撞","2023",11,22,8,"晴","有照明且開啟",50,"四岔路","交叉路口內","柏油","乾燥","無遮蔽物","正常","無","未繪設快慢車道分隔線","無",55,"未使用",121.286336,25.085501,"桃園市","蘆竹區"
"追撞","2023",11,22,8,"晴","有照明且開啟",50,"四岔路","交叉路口內","柏油","乾燥","無遮蔽物","正常","無","未繪設快慢車道分隔線","無",55,"未使用",121.286336,25.085501,"桃園市","蘆竹區"
"追撞","2023",11,22,9,"晴","有照明未開啟或故障",50,"四岔路","交叉路口內","柏油","乾燥","無遮蔽物","正常","雙向禁止超車線","未繪設快慢車道分隔線","無",39,"未使用",121.763574,24.672583,"宜蘭縣","羅東鎮"
"追撞","2023",11,22,9,"晴","有照明未開啟或故障",50,"四岔路","交叉路口內","柏油","乾燥","無遮蔽物","正常","雙向禁止超車線","未繪設快慢車道分隔線","無",74,"未使用",121.763574,24.672583,"宜蘭縣","羅東鎮"
"同向擦撞","2023",11,22,11,"晴","有照明且開啟",50,"直路","一般車道(未劃分快慢車道)","柏油","乾燥","無遮蔽物","無號誌","中央分向島","未繪設快慢車道分隔線","有",60,"未使用",121.507846,24.999483,"新北市","中和區"
"同向擦撞","2023",11,22,11,"晴","有照明且開啟",50,"直路","一般車道(未劃分快慢車道)","柏油","乾燥","無遮蔽物","無號誌","中央分向島","未繪設快慢車道分隔線","有",75,"未使用",121.507846,24.999483,"新北市","中和區"
"同向擦撞","2023",11,22,11,"晴","有照明且開啟",50,"直路","一般車道(未劃分快慢車道)","柏油","乾燥","無遮蔽物","無號誌","中央分向島","未繪設快慢車道分隔線","有",49,"非駕駛人",121.507846,24.999483,"新北市","中和區"
"同向擦撞","2023",11,22,11,"晴","有照明且開啟",50,"直路","一般車道(未劃分快慢車道)","柏油","乾燥","無遮蔽物","無號誌","中央分向島","未繪設快慢車道分隔線","有",37,"不明",121.507846,24.999483,"新北市","中和區"
"路口交岔撞","2023",11,22,16,"晴","有照明未開啟或故障",50,"四岔路","交叉路口內","柏油","乾燥","無遮蔽物","正常","無","未繪設快慢車道分隔線","無",65,"不明",120.307103,23.038414,"臺南市","新化區"
"路口交岔撞","2023",11,22,16,"晴","有照明未開啟或故障",50,"四岔路","交叉路口內","柏油","乾燥","無遮蔽物","正常","無","未繪設快慢車道分隔線","無",53,"未使用",120.307103,23.038414,"臺南市","新化區"
"路口交岔撞","2023",11,23,4,"晴","有照明且開啟",50,"四岔路","交叉路口內","柏油","乾燥","無遮蔽物","正常","雙向禁止超車線","未繪設快慢車道分隔線","有",21,"未使用",120.660694,24.212213,"臺中市","大雅區"
"路口交岔撞","2023",11,23,4,"晴","有照明且開啟",50,"四岔路","交叉路口內","柏油","乾燥","無遮蔽物","正常","雙向禁止超車線","未繪設快慢車道分隔線","有",45,"未使用",120.660694,24.212213,"臺中市","大雅區"
"撞電桿","2023",11,23,5,"晴","有照明且開啟",30,"彎曲路及附近","一般車道(未劃分快慢車道)","柏油","乾燥","無遮蔽物","無號誌","無","未繪設快慢車道分隔線","有",29,"未使用",120.711795,23.893394,"南投縣","南投市"
"撞電桿","2023",11,23,5,"晴","有照明且開啟",30,"彎曲路及附近","一般車道(未劃分快慢車道)","柏油","乾燥","無遮蔽物","無號誌","無","未繪設快慢車道分隔線","有",26,"非駕駛人",120.711795,23.893394,"南投縣","南投市"
"其他","2023",11,23,8,"晴","無照明",50,"四岔路","交叉路口內","柏油","乾燥","無遮蔽物","正常","無","未繪設快慢車道分隔線","無",82,"不明",121.250137,25.02472,"桃園市","蘆竹區"
"其他","2023",11,23,8,"晴","無照明",50,"四岔路","交叉路口內","柏油","乾燥","無遮蔽物","正常","無","未繪設快慢車道分隔線","無",27,"未使用",121.250137,25.02472,"桃園市","蘆竹區"
"撞交通島","2023",11,23,14,"晴","有照明且開啟",50,"彎曲路及附近","一般車道(未劃分快慢車道)","柏油","乾燥","無遮蔽物","無號誌","中央分向島","未繪設快慢車道分隔線","無",39,"未使用",121.483889,24.996074,"新北市","中和區"
"撞交通島","2023",11,23,14,"晴","有照明且開啟",50,"彎曲路及附近","一般車道(未劃分快慢車道)","柏油","乾燥","無遮蔽物","無號誌","中央分向島","未繪設快慢車道分隔線","無",39,"",121.483889,24.996074,"新北市","中和區"
"穿越道路中","2023",11,23,15,"晴","有照明且開啟",60,"直路","一般車道(未劃分快慢車道)","柏油","乾燥","無遮蔽物","無號誌","行車分向線","未繪設快慢車道分隔線","有",39,"未使用",121.786865,24.641027,"宜蘭縣","冬山鄉"
"穿越道路中","2023",11,23,15,"晴","有照明且開啟",60,"直路","一般車道(未劃分快慢車道)","柏油","乾燥","無遮蔽物","無號誌","行車分向線","未繪設快慢車道分隔線","有",74,"非駕駛人",121.786865,24.641027,"宜蘭縣","冬山鄉"
"其他","2023",11,24,5,"陰","有照明且開啟",50,"四岔路","交叉路口內","柏油","乾燥","無遮蔽物","正常","中央分向島","未繪設快慢車道分隔線","無",39,"未使用",121.369333,25.075035,"新北市","林口區"
"其他","2023",11,24,5,"陰","有照明且開啟",50,"四岔路","交叉路口內","柏油","乾燥","無遮蔽物","正常","中央分向島","未繪設快慢車道分隔線","無",45,"未使用",121.369333,25.075035,"新北市","林口區"
"側撞","2023",11,24,7,"晴","有照明未開啟或故障",50,"多岔路","交叉口附近","柏油","乾燥","無遮蔽物","無號誌","中央分向島","未繪設快慢車道分隔線","有",47,"未使用",120.834057,24.544514,"苗栗縣","公館鄉"
"側撞","2023",11,24,7,"晴","有照明未開啟或故障",50,"多岔路","交叉口附近","柏油","乾燥","無遮蔽物","無號誌","中央分向島","未繪設快慢車道分隔線","有",77,"未使用",120.834057,24.544514,"苗栗縣","公館鄉"
"側撞","2023",11,24,7,"晴","有照明未開啟或故障",50,"多岔路","交叉口附近","柏油","乾燥","無遮蔽物","無號誌","中央分向島","未繪設快慢車道分隔線","有",74,"非駕駛人",120.834057,24.544514,"苗栗縣","公館鄉"
"側撞","2023",11,24,8,"晴","有照明未開啟或故障",60,"四岔路","交叉路口內","柏油","乾燥","無遮蔽物","無號誌","雙向禁止超車線","快慢車道分隔線","有",73,"未使用",120.2471,22.73804,"高雄市","梓官區"
"側撞","2023",11,24,8,"晴","有照明未開啟或故障",60,"四岔路","交叉路口內","柏油","乾燥","無遮蔽物","無號誌","雙向禁止超車線","快慢車道分隔線","有",33,"未使用",120.2471,22.73804,"高雄市","梓官區"
"撞電桿","2023",11,24,10,"晴","有照明未開啟或故障",60,"彎曲路及附近","路肩、路緣","柏油","乾燥","無遮蔽物","無號誌","行車分向線","未繪設快慢車道分隔線","有",71,"未使用",120.432034,23.38181,"臺南市","白河區"
"撞電桿","2023",11,24,10,"晴","有照明未開啟或故障",60,"彎曲路及附近","路肩、路緣","柏油","乾燥","無遮蔽物","無號誌","行車分向線","未繪設快慢車道分隔線","有",69,"非駕駛人",120.432034,23.38181,"臺南市","白河區"
"側撞","2023",11,24,16,"晴","無照明",50,"三岔路","交叉路口內","柏油","乾燥","無遮蔽物","正常","無","未繪設快慢車道分隔線","有",53,"未使用",120.489259,23.449572,"嘉義縣","中埔鄉"
"側撞","2023",11,24,16,"晴","無照明",50,"三岔路","交叉路口內","柏油","乾燥","無遮蔽物","正常","無","未繪設快慢車道分隔線","有",27,"未使用",120.489259,23.449572,"嘉義縣","中埔鄉"
"側撞","2023",11,24,16,"晴","無照明",50,"三岔路","交叉路口內","柏油","乾燥","無遮蔽物","正常","無","未繪設快慢車道分隔線","有",23,"非駕駛人",120.489259,23.449572,"嘉義縣","中埔鄉"
"追撞","2023",11,24,16,"晴","無照明",50,"直路","一般車道(未劃分快慢車道)","柏油","乾燥","無遮蔽物","無號誌","中央分向島","未繪設快慢車道分隔線","有",65,"未使用",121.189219,24.925286,"桃園市","平鎮區"
"追撞","2023",11,24,16,"晴","無照明",50,"直路","一般車道(未劃分快慢車道)","柏油","乾燥","無遮蔽物","無號誌","中央分向島","未繪設快慢車道分隔線","有",69,"未使用",121.189219,24.925286,"桃園市","平鎮區"
"撞交通島","2023",11,24,18,"晴","有照明且開啟",80,"高架道路","直線匝道","柏油","乾燥","無遮蔽物","無號誌","無","未繪設快慢車道分隔線","無",53,"未使用",121.458181,25.093183,"新北市","蘆洲區"
"衝出路外","2023",11,25,0,"晴","有照明且開啟",30,"直路","一般車道(未劃分快慢車道)","柏油","乾燥","無遮蔽物","無號誌","無","未繪設快慢車道分隔線","有",26,"未使用",120.726087,23.135578,"高雄市","桃源區"
"衝出路外","2023",11,25,0,"晴","有照明且開啟",30,"直路","一般車道(未劃分快慢車道)","柏油","乾燥","無遮蔽物","無號誌","無","未繪設快慢車道分隔線","有",112,"",120.726087,23.135578,"高雄市","桃源區"
"路口交岔撞","2023",11,25,1,"晴","有照明且開啟",60,"四岔路","交叉路口內","柏油","乾燥","無遮蔽物","正常","中央分向島","寬式快慢車道分隔島(50公分以上)","無",67,"不明",120.315685,22.659539,"高雄市","三民區"
"路口交岔撞","2023",11,25,1,"晴","有照明且開啟",60,"四岔路","交叉路口內","柏油","乾燥","無遮蔽物","正常","中央分向島","寬式快慢車道分隔島(50公分以上)","無",38,"未使用",120.315685,22.659539,"高雄市","三民區"
"追撞","2023",11,25,2,"晴","有照明且開啟",80,"直路","一般車道(未劃分快慢車道)","柏油","乾燥","無遮蔽物","無號誌","中央分向島","未繪設快慢車道分隔線","有",49,"不明",120.157521,23.56647,"雲林縣","口湖鄉"
"追撞","2023",11,25,2,"晴","有照明且開啟",80,"直路","一般車道(未劃分快慢車道)","柏油","乾燥","無遮蔽物","無號誌","中央分向島","未繪設快慢車道分隔線","有",35,"不明",120.157521,23.56647,"雲林縣","口湖鄉"
"追撞","2023",11,25,4,"晴","有照明且開啟",90,"直路","快車道","柏油","乾燥","無遮蔽物","無號誌","中央分向島","未繪設快慢車道分隔線","有",40,"未使用",121.285721,25.0293,"桃園市","蘆竹區"
"追撞","2023",11,25,4,"晴","有照明且開啟",90,"直路","快車道","柏油","乾燥","無遮蔽物","無號誌","中央分向島","未繪設快慢車道分隔線","有",60,"未使用",121.285721,25.0293,"桃園市","蘆竹區"
"追撞","2023",11,25,4,"晴","有照明且開啟",90,"直路","快車道","柏油","乾燥","無遮蔽物","無號誌","中央分向島","未繪設快慢車道分隔線","有",46,"不明",121.285721,25.0293,"桃園市","蘆竹區"
"其他","2023",11,25,5,"陰","有照明且開啟",50,"直路","一般車道(未劃分快慢車道)","柏油","乾燥","無遮蔽物","無號誌","雙向禁止超車線","快慢車道分隔線","有",50,"未使用",121.453971,25.033547,"新北市","新莊區"
"其他","2023",11,25,5,"陰","有照明且開啟",50,"直路","一般車道(未劃分快慢車道)","柏油","乾燥","無遮蔽物","無號誌","雙向禁止超車線","快慢車道分隔線","有",18,"不明",121.453971,25.033547,"新北市","新莊區"
"路口交岔撞","2023",11,25,8,"晴","無照明",50,"四岔路","交叉路口內","柏油","乾燥","無遮蔽物","正常","中央分向島","快慢車道分隔線","有",78,"未使用",120.536118,22.635347,"屏東縣","麟洛鄉"
"路口交岔撞","2023",11,25,8,"晴","無照明",50,"四岔路","交叉路口內","柏油","乾燥","無遮蔽物","正常","中央分向島","快慢車道分隔線","有",58,"未使用",120.536118,22.635347,"屏東縣","麟洛鄉"
"側撞","2023",11,25,12,"晴","有照明未開啟或故障",70,"多岔路","交叉路口內","柏油","乾燥","無遮蔽物","正常","無","未繪設快慢車道分隔線","無",36,"不明",120.284122,23.003186,"臺南市","歸仁區"
"側撞","2023",11,25,12,"晴","有照明未開啟或故障",70,"多岔路","交叉路口內","柏油","乾燥","無遮蔽物","正常","無","未繪設快慢車道分隔線","無",24,"不明",120.284122,23.003186,"臺南市","歸仁區"
"側撞","2023",11,25,12,"晴","有照明未開啟或故障",70,"多岔路","交叉路口內","柏油","乾燥","無遮蔽物","正常","無","未繪設快慢車道分隔線","無",53,"不明",120.284122,23.003186,"臺南市","歸仁區"
"穿越道路中","2023",11,25,18,"雨","有照明且開啟",50,"直路","一般車道(未劃分快慢車道)","柏油","濕潤","無遮蔽物","無號誌","行車分向線","未繪設快慢車道分隔線","有",24,"未使用",121.60349,25.215908,"新北市","金山區"
"穿越道路中","2023",11,25,18,"雨","有照明且開啟",50,"直路","一般車道(未劃分快慢車道)","柏油","濕潤","無遮蔽物","無號誌","行車分向線","未繪設快慢車道分隔線","有",83,"非駕駛人",121.60349,25.215908,"新北市","金山區"
"其他","2023",11,26,3,"雨","有照明且開啟",50,"四岔路","交叉口附近","柏油","濕潤","無遮蔽物","正常","雙向禁止超車線","未繪設快慢車道分隔線","無",41,"未使用",121.505869,25.028075,"臺北市","中正區"
"其他","2023",11,26,3,"雨","有照明且開啟",50,"四岔路","交叉口附近","柏油","濕潤","無遮蔽物","正常","雙向禁止超車線","未繪設快慢車道分隔線","無",51,"非駕駛人",121.505869,25.028075,"臺北市","中正區"
"穿越道路中","2023",11,26,5,"晴","無照明",50,"直路","一般車道(未劃分快慢車道)","柏油","乾燥","無遮蔽物","正常","行車分向線","快慢車道分隔線","有",69,"不明",120.95488,24.680364,"苗栗縣","頭份市"
"穿越道路中","2023",11,26,5,"晴","無照明",50,"直路","一般車道(未劃分快慢車道)","柏油","乾燥","無遮蔽物","正常","行車分向線","快慢車道分隔線","有",84,"非駕駛人",120.95488,24.680364,"苗栗縣","頭份市"
"追撞","2023",11,26,11,"晴","無照明",50,"直路","路肩、路緣","柏油","乾燥","有遮蔽物","無號誌","雙向禁止超車線","未繪設快慢車道分隔線","有",24,"未使用",121.278891,25.035324,"桃園市","蘆竹區"
"追撞","2023",11,26,11,"晴","無照明",50,"直路","路肩、路緣","柏油","乾燥","有遮蔽物","無號誌","雙向禁止超車線","未繪設快慢車道分隔線","有",28,"未使用",121.278891,25.035324,"桃園市","蘆竹區"
"佇立路邊(外)","2023",11,26,16,"晴","有照明未開啟或故障",50,"直路","一般車道(未劃分快慢車道)","柏油","乾燥","無遮蔽物","無號誌","雙向禁止超車線","未繪設快慢車道分隔線","無",30,"不明",120.983459,24.796462,"新竹市","東區"
"佇立路邊(外)","2023",11,26,16,"晴","有照明未開啟或故障",50,"直路","一般車道(未劃分快慢車道)","柏油","乾燥","無遮蔽物","無號誌","雙向禁止超車線","未繪設快慢車道分隔線","無",49,"非駕駛人",120.983459,24.796462,"新竹市","東區"
"佇立路邊(外)","2023",11,26,16,"晴","有照明未開啟或故障",50,"直路","一般車道(未劃分快慢車道)","柏油","乾燥","無遮蔽物","無號誌","雙向禁止超車線","未繪設快慢車道分隔線","無",49,"不明",120.983459,24.796462,"新竹市","東區"
"佇立路邊(外)","2023",11,26,16,"晴","有照明未開啟或故障",50,"直路","一般車道(未劃分快慢車道)","柏油","乾燥","無遮蔽物","無號誌","雙向禁止超車線","未繪設快慢車道分隔線","無",32,"不明",120.983459,24.796462,"新竹市","東區"
"佇立路邊(外)","2023",11,26,16,"晴","有照明未開啟或故障",50,"直路","一般車道(未劃分快慢車道)","柏油","乾燥","無遮蔽物","無號誌","雙向禁止超車線","未繪設快慢車道分隔線","無",9,"非駕駛人",120.983459,24.796462,"新竹市","東區"
"佇立路邊(外)","2023",11,26,16,"晴","有照明未開啟或故障",50,"直路","一般車道(未劃分快慢車道)","柏油","乾燥","無遮蔽物","無號誌","雙向禁止超車線","未繪設快慢車道分隔線","無",12,"非駕駛人",120.983459,24.796462,"新竹市","東區"
"穿越道路中","2023",11,26,17,"雨","有照明且開啟",50,"四岔路","交叉口附近","柏油","濕潤","無遮蔽物","無號誌","雙向禁止超車線","未繪設快慢車道分隔線","有",90,"非駕駛人",121.749864,24.746767,"宜蘭縣","宜蘭市"
"穿越道路中","2023",11,26,17,"雨","有照明且開啟",50,"四岔路","交叉口附近","柏油","濕潤","無遮蔽物","無號誌","雙向禁止超車線","未繪設快慢車道分隔線","有",19,"未使用",121.749864,24.746767,"宜蘭縣","宜蘭市"
"追撞","2023",11,26,17,"晴","無照明",40,"直路","一般車道(未劃分快慢車道)","柏油","乾燥","無遮蔽物","無號誌","中央分向島","寬式快慢車道分隔島(50公分以上)","有",42,"未使用",120.867026,24.714079,"苗栗縣","竹南鎮"
"追撞","2023",11,26,17,"晴","無照明",40,"直路","一般車道(未劃分快慢車道)","柏油","乾燥","無遮蔽物","無號誌","中央分向島","寬式快慢車道分隔島(50公分以上)","有",50,"不明",120.867026,24.714079,"苗栗縣","竹南鎮"
"同向通行中","2023",11,27,13,"晴","有照明未開啟或故障",50,"直路","一般車道(未劃分快慢車道)","柏油","乾燥","無遮蔽物","無號誌","雙向禁止超車線","未繪設快慢車道分隔線","無",25,"不明",121.58046,25.052208,"臺北市","南港區"
"同向通行中","2023",11,27,13,"晴","有照明未開啟或故障",50,"直路","一般車道(未劃分快慢車道)","柏油","乾燥","無遮蔽物","無號誌","雙向禁止超車線","未繪設快慢車道分隔線","無",76,"非駕駛人",121.58046,25.052208,"臺北市","南港區"
"路口交岔撞","2023",11,27,22,"晴","有照明未開啟或故障",30,"四岔路","交叉路口內","柏油","乾燥","無遮蔽物","正常","無","未繪設快慢車道分隔線","無",20,"未使用",120.448376,23.564117,"嘉義縣","民雄鄉"
"路口交岔撞","2023",11,27,22,"晴","有照明未開啟或故障",30,"四岔路","交叉路口內","柏油","乾燥","無遮蔽物","正常","無","未繪設快慢車道分隔線","無",49,"未使用",120.448376,23.564117,"嘉義縣","民雄鄉"
"側撞","2023",11,28,9,"晴","有照明未開啟或故障",60,"四岔路","交叉路口內","柏油","乾燥","無遮蔽物","正常","中央分向島","快慢車道分隔線","有",63,"未使用",121.071586,24.882469,"新竹縣","湖口鄉"
"側撞","2023",11,28,9,"晴","有照明未開啟或故障",60,"四岔路","交叉路口內","柏油","乾燥","無遮蔽物","正常","中央分向島","快慢車道分隔線","有",25,"未使用",121.071586,24.882469,"新竹縣","湖口鄉"
"側撞","2023",11,28,9,"晴","有照明未開啟或故障",60,"四岔路","交叉路口內","柏油","乾燥","無遮蔽物","正常","中央分向島","快慢車道分隔線","有",43,"非駕駛人",121.071586,24.882469,"新竹縣","湖口鄉"
"同向擦撞","2023",11,28,13,"晴","無照明",50,"三岔路","交叉路口內","柏油","乾燥","無遮蔽物","正常","中央分向島","快慢車道分隔線","有",59,"未使用",120.525963,22.65152,"屏東縣","麟洛鄉"
"同向擦撞","2023",11,28,13,"晴","無照明",50,"三岔路","交叉路口內","柏油","乾燥","無遮蔽物","正常","中央分向島","快慢車道分隔線","有",32,"未使用",120.525963,22.65152,"屏東縣","麟洛鄉"
"同向擦撞","2023",11,28,13,"晴","無照明",50,"三岔路","交叉路口內","柏油","乾燥","無遮蔽物","正常","中央分向島","快慢車道分隔線","有",60,"非駕駛人",120.525963,22.65152,"屏東縣","麟洛鄉"
"側撞","2023",11,28,16,"晴","有照明未開啟或故障",50,"四岔路","交叉路口內","柏油","乾燥","無遮蔽物","正常","雙向禁止超車線","快慢車道分隔線","無",46,"未使用",120.3116,22.63082,"高雄市","新興區"
"側撞","2023",11,28,16,"晴","有照明未開啟或故障",50,"四岔路","交叉路口內","柏油","乾燥","無遮蔽物","正常","雙向禁止超車線","快慢車道分隔線","無",22,"未使用",120.3116,22.63082,"高雄市","新興區"
"撞電桿","2023",11,28,18,"晴","有照明且開啟",40,"直路","一般車道(未劃分快慢車道)","柏油","乾燥","無遮蔽物","無號誌","無","未繪設快慢車道分隔線","有",53,"未使用",121.25949,24.992301,"桃園市","蘆竹區"
"同向擦撞","2023",11,29,7,"晴","有照明未開啟或故障",50,"直路","一般車道(未劃分快慢車道)","柏油","乾燥","無遮蔽物","無號誌","雙向禁止超車線","未繪設快慢車道分隔線","有",61,"未使用",121.41169,24.960584,"新北市","土城區"
"同向擦撞","2023",11,29,7,"晴","有照明未開啟或故障",50,"直路","一般車道(未劃分快慢車道)","柏油","乾燥","無遮蔽物","無號誌","雙向禁止超車線","未繪設快慢車道分隔線","有",52,"未使用",121.41169,24.960584,"新北市","土城區"
"其他","2023",11,29,8,"陰","有照明未開啟或故障",30,"三岔路","交叉口附近","柏油","乾燥","無遮蔽物","無號誌","無","未繪設快慢車道分隔線","無",41,"未使用",120.297907,23.5524,"嘉義縣","六腳鄉"