"事故類型及型態子類別名稱","發生年度","發生月份","發生日期","發生時間","天候名稱","光線名稱","速限.第1當事者","道路型態子類別名稱","事故位置子類別名稱","路面狀況.路面鋪裝名稱","路面狀況.路面狀態名稱","道路障礙.視距品質名稱","號誌.號誌動作名稱","車道劃分設施.分向設施大類別名稱","車道劃分設施.分道設施.快慢車道間名稱","車道劃分設施.分道設施.路面邊線名稱","當事者事故發生時年齡","行動電話或電腦或其他相類功能裝置名稱","經度","緯度","縣市","鄉鎮"
"其他","2023",11,29,8,"陰","有照明未開啟或故障",30,"三岔路","交叉口附近","柏油","乾燥","無遮蔽物","無號誌","無","未繪設快慢車道分隔線","無",19,"不明",120.297907,23.5524,"嘉義縣","六腳鄉"
"路口交岔撞","2023",11,29,13,"晴","有照明未開啟或故障",50,"四岔路","交叉路口內","柏油","乾燥","無遮蔽物","無號誌","雙向禁止超車線","未繪設快慢車道分隔線","有",29,"未使用",120.281276,22.713283,"高雄市","楠梓區"
"路口交岔撞","2023",11,29,13,"晴","有照明未開啟或故障",50,"四岔路","交叉路口內","柏油","乾燥","無遮蔽物","無號誌","雙向禁止超車線","未繪設快慢車道分隔線","有",68,"未使用",120.281276,22.713283,"高雄市","楠梓區"
"追撞","2023",11,29,22,"晴","無照明",100,"直路","直線匝道","柏油","乾燥","無遮蔽物","無號誌","中央分向島","未繪設快慢車道分隔線","有",37,"不明",120.329317,23.684789,"雲林縣","元長鄉"
"追撞","2023",11,29,22,"晴","無照明",100,"直路","直線匝道","柏油","乾燥","無遮蔽物","無號誌","中央分向島","未繪設快慢車道分隔線","有",40,"不明",120.329317,23.684789,"雲林縣","元長鄉"
"追撞","2023",11,30,1,"陰","無照明",110,"直路","快車道","柏油","乾燥","無遮蔽物","無號誌","中央分向島","未繪設快慢車道分隔線","有",29,"未使用",120.872971,24.703925,"苗栗縣","竹南鎮"
"追撞","2023",11,30,1,"陰","無照明",110,"直路","快車道","柏油","乾燥","無遮蔽物","無號誌","中央分向島","未繪設快慢車道分隔線","有",57,"未使用",120.872971,24.703925,"苗栗縣","竹南鎮"
"撞交通島","2023",11,30,4,"晴","有照明且開啟",60,"三岔路","一般車道(未劃分快慢車道)","柏油","乾燥","無遮蔽物","正常","行車分向線","未繪設快慢車道分隔線","有",19,"未使用",120.687863,24.086487,"臺中市","大里區"
"其他","2023",11,30,5,"晴","有照明未開啟或故障",60,"直路","一般車道(未劃分快慢車道)","柏油","乾燥","無遮蔽物","無號誌","雙向禁止超車線","未繪設快慢車道分隔線","有",58,"未使用",120.3489,22.792,"高雄市","燕巢區"
"其他","2023",11,30,5,"晴","有照明未開啟或故障",60,"直路","一般車道(未劃分快慢車道)","柏油","乾燥","無遮蔽物","無號誌","雙向禁止超車線","未繪設快慢車道分隔線","有",43,"不明",120.3489,22.792,"高雄市","燕巢區"
"其他","2023",11,30,5,"晴","有照明未開啟或故障",60,"直路","一般車道(未劃分快慢車道)","柏油","乾燥","無遮蔽物","無號誌","雙向禁止超車線","未繪設快慢車道分隔線","有",42,"非駕駛人",120.3489,22.792,"高雄市","燕巢區"
"路口交岔撞","2023",11,30,9,"陰","有照明且開啟",50,"四岔路","交叉路口內","柏油","乾燥","無遮蔽物","正常","無","未繪設快慢車道分隔線","無",29,"未使用",121.44111,25.060823,"新北市","泰山區"
"路口交岔撞","2023",11,30,9,"陰","有照明且開啟",50,"四岔路","交叉路口內","柏油","乾燥","無遮蔽物","正常","無","未繪設快慢車道分隔線","無",57,"不明",121.44111,25.060823,"新北市","泰山區"
"側撞","2023",11,30,10,"雨","有照明且開啟",30,"三岔路","交叉路口內","柏油","濕潤","無遮蔽物","正常","無","未繪設快慢車道分隔線","無",65,"未使用",121.389872,25.039776,"桃園市","龜山區"
"側撞","2023",11,30,10,"雨","有照明且開啟",30,"三岔路","交叉路口內","柏油","濕潤","無遮蔽物","正常","無","未繪設快慢車道分隔線","無",62,"未使用",121.389872,25.039776,"桃園市","龜山區"
"同向通行中","2023",11,30,11,"晴","無照明",40,"四岔路","交叉路口內","柏油","乾燥","無遮蔽物","正常","中央分向島","快慢車道分隔線","無",61,"未使用",120.28804,22.64418,"高雄市","三民區"
"同向通行中","2023",11,30,11,"晴","無照明",40,"四岔路","交叉路口內","柏油","乾燥","無遮蔽物","正常","中央分向島","快慢車道分隔線","無",85,"非駕駛人",120.28804,22.64418,"高雄市","三民區"
"衝出路外","2023",11,30,17,"晴","有照明且開啟",50,"三岔路","其他","柏油","乾燥","無遮蔽物","無號誌","無","未繪設快慢車道分隔線","無",85,"不明",120.305395,23.236489,"臺南市","六甲區"
"其他","2023",11,30,19,"晴","無照明",40,"直路","一般車道(未劃分快慢車道)","柏油","乾燥","無遮蔽物","無號誌","雙向禁止超車線","快慢車道分隔線","有",29,"未使用",120.559217,24.207039,"臺中市","沙鹿區"
"其他","2023",11,30,19,"晴","無照明",40,"直路","一般車道(未劃分快慢車道)","柏油","乾燥","無遮蔽物","無號誌","雙向禁止超車線","快慢車道分隔線","有",63,"非駕駛人",120.559217,24.207039,"臺中市","沙鹿區"
"穿越道路中","2023",12,1,6,"晴","有照明未開啟或故障",50,"三岔路","交叉路口內","柏油","乾燥","無遮蔽物","無號誌","無","未繪設快慢車道分隔線","無",61,"未使用",120.362061,23.873941,"彰化縣","二林鎮"
"穿越道路中","2023",12,1,6,"晴","有照明未開啟或故障",50,"三岔路","交叉路口內","柏油","乾燥","無遮蔽物","無號誌","無","未繪設快慢車道分隔線","無",89,"非駕駛人",120.362061,23.873941,"彰化縣","二林鎮"
"追撞","2023",12,1,9,"晴","有照明未開啟或故障",40,"直路","慢車道","柏油","乾燥","無遮蔽物","無號誌","中央分向島","快慢車道分隔線","有",41,"未使用",120.3595,22.716,"高雄市","大社區"
"追撞","2023",12,1,9,"晴","有照明未開啟或故障",40,"直路","慢車道","柏油","乾燥","無遮蔽物","無號誌","中央分向島","快慢車道分隔線","有",54,"不明",120.3595,22.716,"高雄市","大社區"
"側撞","2023",12,1,9,"晴","有照明且開啟",50,"三岔路","交叉路口內","柏油","乾燥","無遮蔽物","正常","無","未繪設快慢車道分隔線","無",84,"未使用",121.260586,24.973742,"桃園市","中壢區"
"側撞","2023",12,1,9,"晴","有照明且開啟",50,"三岔路","交叉路口內","柏油","乾燥","無遮蔽物","正常","無","未繪設快慢車道分隔線","無",49,"未使用",121.260586,24.973742,"桃園市","中壢區"
"路口交岔撞","2023",12,1,11,"晴","有照明未開啟或故障",40,"四岔路","交叉路口內","柏油","乾燥","無遮蔽物","無號誌","無","未繪設快慢車道分隔線","有",60,"未使用",121.149235,24.907505,"新竹縣","新豐鄉"
"路口交岔撞","2023",12,1,11,"晴","有照明未開啟或故障",40,"四岔路","交叉路口內","柏油","乾燥","無遮蔽物","無號誌","無","未繪設快慢車道分隔線","有",59,"未使用",121.149235,24.907505,"新竹縣","新豐鄉"
"側撞","2023",12,1,15,"晴","無照明",50,"三岔路","交叉路口內","柏油","乾燥","無遮蔽物","正常","無","未繪設快慢車道分隔線","無",53,"未使用",120.467247,23.60264,"嘉義縣","大林鎮"
"側撞","2023",12,1,15,"晴","無照明",50,"三岔路","交叉路口內","柏油","乾燥","無遮蔽物","正常","無","未繪設快慢車道分隔線","無",87,"未使用",120.467247,23.60264,"嘉義縣","大林鎮"
"同向擦撞","2023",12,2,12,"晴","有照明未開啟或故障",40,"直路","一般車道(未劃分快慢車道)","柏油","乾燥","無遮蔽物","無號誌","中央分向島","未繪設快慢車道分隔線","無",60,"未使用",121.265189,25.063393,"桃園市","蘆竹區"
"同向擦撞","2023",12,2,12,"晴","有照明未開啟或故障",40,"直路","一般車道(未劃分快慢車道)","柏油","乾燥","無遮蔽物","無號誌","中央分向島","未繪設快慢車道分隔線","無",66,"未使用",121.265189,25.063393,"桃園市","蘆竹區"
"衝出路外","2023",12,2,17,"晴","有照明且開啟",60,"直路","路肩、路緣","柏油","乾燥","無遮蔽物","無號誌","行車分向線","未繪設快慢車道分隔線","有",18,"未使用",120.434293,23.364493,"臺南市","白河區"
"同向擦撞","2023",12,2,18,"晴","有照明且開啟",50,"直路","一般車道(未劃分快慢車道)","柏油","乾燥","無遮蔽物","無號誌","雙向禁止超車線","未繪設快慢車道分隔線","有",62,"未使用",120.250032,22.943739,"臺南市","仁德區"
"同向擦撞","2023",12,2,18,"晴","有照明且開啟",50,"直路","一般車道(未劃分快慢車道)","柏油","乾燥","無遮蔽物","無號誌","雙向禁止超車線","未繪設快慢車道分隔線","有",40,"未使用",120.250032,22.943739,"臺南市","仁德區"
"追撞","2023",12,3,7,"晴","有照明未開啟或故障",60,"橋樑","一般車道(未劃分快慢車道)","柏油","乾燥","無遮蔽物","無號誌","雙向禁止超車線","窄式快慢車道分隔島(附柵欄)","有",16,"未使用",118.267719,24.448584,"金門縣","烈嶼鄉"
"追撞","2023",12,3,7,"晴","有照明未開啟或故障",60,"橋樑","一般車道(未劃分快慢車道)","柏油","乾燥","無遮蔽物","無號誌","雙向禁止超車線","窄式快慢車道分隔島(附柵欄)","有",66,"未使用",118.267719,24.448584,"金門縣","烈嶼鄉"
"路口交岔撞","2023",12,3,9,"晴","有照明未開啟或故障",30,"四岔路","交叉路口內","柏油","乾燥","無遮蔽物","正常","無","未繪設快慢車道分隔線","無",51,"未使用",120.361852,23.257431,"臺南市","柳營區"
"路口交岔撞","2023",12,3,9,"晴","有照明未開啟或故障",30,"四岔路","交叉路口內","柏油","乾燥","無遮蔽物","正常","無","未繪設快慢車道分隔線","無",38,"不明",120.361852,23.257431,"臺南市","柳營區"
"路口交岔撞","2023",12,3,9,"晴","有照明未開啟或故障",30,"四岔路","交叉路口內","柏油","乾燥","無遮蔽物","正常","無","未繪設快慢車道分隔線","無",39,"非駕駛人",120.361852,23.257431,"臺南市","柳營區"
"對向擦撞","2023",12,3,10,"陰","有照明未開啟或故障",60,"彎曲路及附近","一般車道(未劃分快慢車道)","柏油","乾燥","無遮蔽物","無號誌","雙向禁止超車線","未繪設快慢車道分隔線","有",28,"不明",120.951036,24.614709,"苗栗縣","三灣鄉"
"對向擦撞","2023",12,3,10,"陰","有照明未開啟或故障",60,"彎曲路及附近","一般車道(未劃分快慢車道)","柏油","乾燥","無遮蔽物","無號誌","雙向禁止超車線","未繪設快慢車道分隔線","有",74,"不明",120.951036,24.614709,"苗栗縣","三灣鄉"
"其他","2023",12,3,14,"陰","無照明",50,"彎曲路及附近","一般車道(未劃分快慢車道)","柏油","乾燥","無遮蔽物","無號誌","雙向禁止超車線","未繪設快慢車道分隔線","有",35,"未使用",120.877018,24.46817,"苗栗縣","獅潭鄉"
"側撞","2023",12,3,15,"晴","無照明",50,"四岔路","交叉路口內","柏油","乾燥","無遮蔽物","正常","無","未繪設快慢車道分隔線","無",38,"未使用",120.316147,22.595529,"高雄市","前鎮區"
"側撞","2023",12,3,15,"晴","無照明",50,"四岔路","交叉路口內","柏油","乾燥","無遮蔽物","正常","無","未繪設快慢車道分隔線","無",38,"未使用",120.316147,22.595529,"高雄市","前鎮區"
"穿越道路中","2023",12,3,18,"雨","有照明且開啟",60,"四岔路","交叉口附近","柏油","濕潤","無遮蔽物","無號誌","中央分向島","未繪設快慢車道分隔線","有",27,"未使用",121.707675,24.747024,"宜蘭縣","員山鄉"
"穿越道路中","2023",12,3,18,"雨","有照明且開啟",60,"四岔路","交叉口附近","柏油","濕潤","無遮蔽物","無號誌","中央分向島","未繪設快慢車道分隔線","有",93,"非駕駛人",121.707675,24.747024,"宜蘭縣","員山鄉"
"其他","2023",12,3,19,"晴","有照明且開啟",50,"直路","一般車道(未劃分快慢車道)","柏油","乾燥","無遮蔽物","無號誌","行車分向線","未繪設快慢車道分隔線","有",68,"不明",120.315664,22.79087,"高雄市","燕巢區"
"其他","2023",12,3,19,"晴","有照明且開啟",50,"直路","一般車道(未劃分快慢車道)","柏油","乾燥","無遮蔽物","無號誌","行車分向線","未繪設快慢車道分隔線","有",112,"",120.315664,22.79087,"高雄市","燕巢區"
"穿越道路中","2023",12,4,6,"雨","有照明且開啟",40,"四岔路","行人穿越道","柏油","濕潤","無遮蔽物","正常","無","未繪設快慢車道分隔線","無",78,"非駕駛人",121.489488,25.082266,"新北市","三重區"
"穿越道路中","2023",12,4,6,"雨","有照明且開啟",40,"四岔路","行人穿越道","柏油","濕潤","無遮蔽物","正常","無","未繪設快慢車道分隔線","無",42,"未使用",121.489488,25.082266,"新北市","三重區"
"同向擦撞","2023",12,4,7,"雨","有照明且開啟",50,"直路","一般車道(未劃分快慢車道)","柏油","濕潤","無遮蔽物","無號誌","雙向禁止超車線","未繪設快慢車道分隔線","有",54,"不明",121.292432,24.954957,"桃園市","八德區"
"同向擦撞","2023",12,4,7,"雨","有照明且開啟",50,"直路","一般車道(未劃分快慢車道)","柏油","濕潤","無遮蔽物","無號誌","雙向禁止超車線","未繪設快慢車道分隔線","有",29,"不明",121.292432,24.954957,"桃園市","八德區"
"追撞","2023",12,4,7,"晴","無照明",90,"高架道路","一般車道(未劃分快慢車道)","柏油","乾燥","無遮蔽物","無號誌","中央分向島","未繪設快慢車道分隔線","有",69,"不明",120.296775,23.888904,"彰化縣","大城鄉"
"追撞","2023",12,4,7,"晴","無照明",90,"高架道路","一般車道(未劃分快慢車道)","柏油","乾燥","無遮蔽物","無號誌","中央分向島","未繪設快慢車道分隔線","有",54,"不明",120.296775,23.888904,"彰化縣","大城鄉"
"同向擦撞","2023",12,4,8,"陰","無照明",40,"彎曲路及附近","一般車道(未劃分快慢車道)","柏油","乾燥","無遮蔽物","無號誌","雙向禁止超車線","未繪設快慢車道分隔線","有",52,"未使用",120.525057,23.984675,"彰化縣","大村鄉"
"同向擦撞","2023",12,4,8,"陰","無照明",40,"彎曲路及附近","一般車道(未劃分快慢車道)","柏油","乾燥","無遮蔽物","無號誌","雙向禁止超車線","未繪設快慢車道分隔線","有",79,"未使用",120.525057,23.984675,"彰化縣","大村鄉"
"同向擦撞","2023",12,4,8,"陰","無照明",40,"彎曲路及附近","一般車道(未劃分快慢車道)","柏油","乾燥","無遮蔽物","無號誌","雙向禁止超車線","未繪設快慢車道分隔線","有",51,"非駕駛人",120.525057,23.984675,"彰化縣","大村鄉"
"路口交岔撞","2023",12,4,9,"晴","無照明",60,"四岔路","交叉路口內","柏油","乾燥","無遮蔽物","無號誌","無","未繪設快慢車道分隔線","無",23,"未使用",120.511596,23.774974,"雲林縣","莿桐鄉"
"路口交岔撞","2023",12,4,9,"晴","無照明",60,"四岔路","交叉路口內","柏油","乾燥","無遮蔽物","無號誌","無","未繪設快慢車道分隔線","無",53,"未使用",120.511596,23.774974,"雲林縣","莿桐鄉"
"路口交岔撞","2023",12,4,9,"晴","無照明",60,"四岔路","交叉路口內","柏油","乾燥","無遮蔽物","無號誌","無","未繪設快慢車道分隔線","無",55,"未使用",120.511596,23.774974,"雲林縣","莿桐鄉"
"追撞","2023",12,4,14,"雨","無照明",50,"直路","一般車道(未劃分快慢車道)","柏油","濕潤","無遮蔽物","無號誌","中央分向島","未繪設快慢車道分隔線","有",64,"未使用",121.263274,24.974473,"桃園市","中壢區"
"追撞","2023",12,4,14,"雨","無照明",50,"直路","一般車道(未劃分快慢車道)","柏油","濕潤","無遮蔽物","無號誌","中央分向島","未繪設快慢車道分隔線","有",32,"未使用",121.263274,24.974473,"桃園市","中壢區"
"追撞","2023",12,4,14,"雨","無照明",50,"直路","一般車道(未劃分快慢車道)","柏油","濕潤","無遮蔽物","無號誌","中央分向島","未繪設快慢車道分隔線","有",65,"非駕駛人",121.263274,24.974473,"桃園市","中壢區"
"其他","2023",12,4,17,"雨","有照明且開啟",50,"直路","一般車道(未劃分快慢車道)","柏油","濕潤","無遮蔽物","無號誌","雙向禁止超車線","未繪設快慢車道分隔線","有",43,"未使用",121.179562,24.908307,"桃園市","楊梅區"
"其他","2023",12,4,17,"雨","有照明且開啟",50,"直路","一般車道(未劃分快慢車道)","柏油","濕潤","無遮蔽物","無號誌","雙向禁止超車線","未繪設快慢車道分隔線","有",24,"未使用",121.179562,24.908307,"桃園市","楊梅區"
"撞電桿","2023",12,5,15,"晴","有照明未開啟或故障",30,"三岔路","交叉路口內","柏油","乾燥","無遮蔽物","無號誌","無","未繪設快慢車道分隔線","有",71,"不明",121.193611,24.987495,"桃園市","中壢區"
"撞護欄(樁)","2023",12,6,6,"陰","有照明未開啟或故障",50,"直路","路肩、路緣","柏油","乾燥","無遮蔽物","無號誌","行車分向線","未繪設快慢車道分隔線","有",30,"不明",120.573461,23.763279,"雲林縣","林內鄉"
"路口交岔撞","2023",12,6,10,"晴","有照明未開啟或故障",30,"四岔路","交叉路口內","柏油","乾燥","無遮蔽物","無號誌","無","未繪設快慢車道分隔線","有",64,"不明",120.467831,24.02384,"彰化縣","福興鄉"
"路口交岔撞","2023",12,6,10,"晴","有照明未開啟或故障",30,"四岔路","交叉路口內","柏油","乾燥","無遮蔽物","無號誌","無","未繪設快慢車道分隔線","有",34,"不明",120.467831,24.02384,"彰化縣","福興鄉"
"路口交岔撞","2023",12,7,7,"晴","有照明未開啟或故障",30,"四岔路","交叉路口內","柏油","乾燥","無遮蔽物","無號誌","無","未繪設快慢車道分隔線","無",56,"未使用",120.486874,24.02889,"彰化縣","福興鄉"
"路口交岔撞","2023",12,7,7,"晴","有照明未開啟或故障",30,"四岔路","交叉路口內","柏油","乾燥","無遮蔽物","無號誌","無","未繪設快慢車道分隔線","無",83,"未使用",120.486874,24.02889,"彰化縣","福興鄉"
"對向擦撞","2023",12,7,7,"晴","有照明未開啟或故障",50,"彎曲路及附近","一般車道(未劃分快慢車道)","柏油","乾燥","無遮蔽物","無號誌","行車分向線","未繪設快慢車道分隔線","有",26,"未使用",120.419329,23.487192,"嘉義市","西區"
"對向擦撞","2023",12,7,7,"晴","有照明未開啟或故障",50,"彎曲路及附近","一般車道(未劃分快慢車道)","柏油","乾燥","無遮蔽物","無號誌","行車分向線","未繪設快慢車道分隔線","有",43,"未使用",120.419329,23.487192,"嘉義市","西區"
"對向擦撞","2023",12,7,7,"晴","有照明未開啟或故障",50,"彎曲路及附近","一般車道(未劃分快慢車道)","柏油","乾燥","無遮蔽物","無號誌","行車分向線","未繪設快慢車道分隔線","有",55,"未使用",120.419329,23.487192,"嘉義市","西區"
"其他","2023",12,7,8,"晴","有照明未開啟或故障",50,"四岔路","交叉路口內","柏油","乾燥","無遮蔽物","正常","無","未繪設快慢車道分隔線","無",38,"未使用",121.569136,23.963446,"花蓮縣","吉安鄉"
"其他","2023",12,7,8,"晴","有照明未開啟或故障",50,"四岔路","交叉路口內","柏油","乾燥","無遮蔽物","正常","無","未繪設快慢車道分隔線","無",28,"不明",121.569136,23.963446,"花蓮縣","吉安鄉"
"同向擦撞","2023",12,7,15,"晴","有照明未開啟或故障",60,"橋樑","一般車道(未劃分快慢車道)","柏油","乾燥","無遮蔽物","無號誌","中央分向島","未繪設快慢車道分隔線","有",59,"未使用",120.183389,23.012902,"臺南市","北區"
"同向擦撞","2023",12,7,15,"晴","有照明未開啟或故障",60,"橋樑","一般車道(未劃分快慢車道)","柏油","乾燥","無遮蔽物","無號誌","中央分向島","未繪設快慢車道分隔線","有",61,"未使用",120.183389,23.012902,"臺南市","北區"
"追撞","2023",12,7,17,"晴","有照明且開啟",50,"直路","一般車道(未劃分快慢車道)","柏油","乾燥","無遮蔽物","正常","雙向禁止超車線","未繪設快慢車道分隔線","無",71,"未使用",120.721154,24.172523,"臺中市","北屯區"
"追撞","2023",12,7,17,"晴","有照明且開啟",50,"直路","一般車道(未劃分快慢車道)","柏油","乾燥","無遮蔽物","正常","雙向禁止超車線","未繪設快慢車道分隔線","無",43,"未使用",120.721154,24.172523,"臺中市","北屯區"
"追撞","2023",12,7,17,"晴","有照明且開啟",50,"直路","一般車道(未劃分快慢車道)","柏油","乾燥","無遮蔽物","正常","雙向禁止超車線","未繪設快慢車道分隔線","無",43,"未使用",120.721154,24.172523,"臺中市","北屯區"
"追撞","2023",12,8,6,"晴","有照明未開啟或故障",40,"直路","慢車道","柏油","乾燥","無遮蔽物","無號誌","雙向禁止超車線","快慢車道分隔線","有",22,"未使用",120.204066,23.213085,"臺南市","麻豆區"
"追撞","2023",12,8,6,"晴","有照明未開啟或故障",40,"直路","慢車道","柏油","乾燥","無遮蔽物","無號誌","雙向禁止超車線","快慢車道分隔線","有",24,"不明",120.204066,23.213085,"臺南市","麻豆區"
"其他","2023",12,8,10,"晴","有照明未開啟或故障",30,"三岔路","交叉路口內","柏油","乾燥","無遮蔽物","無號誌","無","未繪設快慢車道分隔線","無",72,"未使用",120.689347,24.240188,"臺中市","神岡區"
"其他","2023",12,8,10,"晴","有照明未開啟或故障",30,"三岔路","交叉路口內","柏油","乾燥","無遮蔽物","無號誌","無","未繪設快慢車道分隔線","無",53,"未使用",120.689347,24.240188,"臺中市","神岡區"
"其他","2023",12,8,10,"晴","有照明未開啟或故障",30,"三岔路","交叉路口內","柏油","乾燥","無遮蔽物","無號誌","無","未繪設快慢車道分隔線","無",47,"未使用",120.689347,24.240188,"臺中市","神岡區"
"其他","2023",12,8,10,"晴","有照明未開啟或故障",50,"直路","路肩、路緣","柏油","乾燥","無遮蔽物","無號誌","行車分向線","未繪設快慢車道分隔線","有",42,"不明",120.12114,23.048675,"臺南市","南區"
"追撞","2023",12,8,10,"晴","有照明未開啟或故障",60,"直路","一般車道(未劃分快慢車道)","柏油","乾燥","無遮蔽物","無號誌","中央分向島","寬式快慢車道分隔島(50公分以上)","有",53,"未使用",121.511539,25.109744,"臺北市","北投區"
"追撞","2023",12,8,10,"晴","有照明未開啟或故障",60,"直路","一般車道(未劃分快慢車道)","柏油","乾燥","無遮蔽物","無號誌","中央分向島","寬式快慢車道分隔島(50公分以上)","有",50,"未使用",121.511539,25.109744,"臺北市","北投區"
"追撞","2023",12,8,10,"晴","有照明未開啟或故障",60,"直路","一般車道(未劃分快慢車道)","柏油","乾燥","無遮蔽物","無號誌","中央分向島","寬式快慢車道分隔島(50公分以上)","有",39,"未使用",121.511539,25.109744,"臺北市","北投區"
"追撞","2023",12,8,10,"晴","有照明未開啟或故障",60,"直路","一般車道(未劃分快慢車道)","柏油","乾燥","無遮蔽物","無號誌","中央分向島","寬式快慢車道分隔島(50公分以上)","有",72,"未使用",121.511539,25.109744,"臺北市","北投區"
"追撞","2023",12,8,10,"晴","有照明未開啟或故障",60,"直路","一般車道(未劃分快慢車道)","柏油","乾燥","無遮蔽物","無號誌","中央分向島","寬式快慢車道分隔島(50公分以上)","有",36,"未使用",121.511539,25.109744,"臺北市","北投區"
"路口交岔撞","2023",12,8,11,"晴","有照明未開啟或故障",50,"四岔路","交叉路口內","柏油","乾燥","無遮蔽物","正常","無","未繪設快慢車道分隔線","無",44,"不明",121.504849,25.039438,"臺北市","萬華區"
"路口交岔撞","2023",12,8,11,"晴","有照明未開啟或故障",50,"四岔路","交叉路口內","柏油","乾燥","無遮蔽物","正常","無","未繪設快慢車道分隔線","無",66,"未使用",121.504849,25.039438,"臺北市","萬華區"
"追撞","2023",12,8,15,"晴","無照明",40,"多岔路","交叉路口內","柏油","乾燥","無遮蔽物","正常","中央分向島","快慢車道分隔線","無",18,"未使用",120.384138,22.589086,"高雄市","大寮區"
"追撞","2023",12,8,15,"晴","無照明",40,"多岔路","交叉路口內","柏油","乾燥","無遮蔽物","正常","中央分向島","快慢車道分隔線","無",18,"未使用",120.384138,22.589086,"高雄市","大寮區"
"追撞","2023",12,8,15,"晴","無照明",40,"多岔路","交叉路口內","柏油","乾燥","無遮蔽物","正常","中央分向島","快慢車道分隔線","無",53,"未使用",120.384138,22.589086,"高雄市","大寮區"
"其他","2023",12,8,17,"晴","有照明且開啟",50,"四岔路","交叉路口內","柏油","乾燥","無遮蔽物","無號誌","雙向禁止超車線","未繪設快慢車道分隔線","有",62,"未使用",120.474971,22.587797,"屏東縣","萬丹鄉"
"其他","2023",12,8,17,"晴","有照明且開啟",50,"四岔路","交叉路口內","柏油","乾燥","無遮蔽物","無號誌","雙向禁止超車線","未繪設快慢車道分隔線","有",19,"未使用",120.474971,22.587797,"屏東縣","萬丹鄉"
"其他","2023",12,8,17,"晴","有照明且開啟",50,"四岔路","交叉路口內","柏油","乾燥","無遮蔽物","無號誌","雙向禁止超車線","未繪設快慢車道分隔線","有",54,"未使用",120.474971,22.587797,"屏東縣","萬丹鄉"
"其他","2023",12,8,17,"晴","有照明且開啟",50,"四岔路","交叉路口內","柏油","乾燥","無遮蔽物","無號誌","雙向禁止超車線","未繪設快慢車道分隔線","有",44,"未使用",120.474971,22.587797,"屏東縣","萬丹鄉"
"撞路樹","2023",12,9,0,"晴","有照明且開啟",50,"直路","其他","柏油","乾燥","無遮蔽物","無號誌","中央分向島","快慢車道分隔線","有",42,"不明",120.334799,23.291003,"臺南市","柳營區"
"追撞","2023",12,9,9,"晴","無照明",40,"多岔路","交叉口附近","柏油","乾燥","無遮蔽物","正常","無","未繪設快慢車道分隔線","無",41,"未使用",120.49959,24.177583,"彰化縣","伸港鄉"
"追撞","2023",12,9,9,"晴","無照明",40,"多岔路","交叉口附近","柏油","乾燥","無遮蔽物","正常","無","未繪設快慢車道分隔線","無",79,"未使用",120.49959,24.177583,"彰化縣","伸港鄉"
"穿越道路中","2023",12,9,18,"晴","有照明且開啟",50,"直路","快車道","柏油","乾燥","無遮蔽物","無號誌","雙向禁止超車線","快慢車道分隔線","有",71,"非駕駛人",120.182331,23.23429,"臺南市","學甲區"
"穿越道路中","2023",12,9,18,"晴","有照明且開啟",50,"直路","快車道","柏油","乾燥","無遮蔽物","無號誌","雙向禁止超車線","快慢車道分隔線","有",31,"未使用",120.182331,23.23429,"臺南市","學甲區"
"側撞","2023",12,9,20,"晴","有照明且開啟",60,"四岔路","交叉路口內","柏油","乾燥","無遮蔽物","正常","無","未繪設快慢車道分隔線","無",68,"未使用",120.702401,24.186508,"臺中市","北屯區"
"側撞","2023",12,9,20,"晴","有照明且開啟",60,"四岔路","交叉路口內","柏油","乾燥","無遮蔽物","正常","無","未繪設快慢車道分隔線","無",17,"未使用",120.702401,24.186508,"臺中市","北屯區"
"對撞","2023",12,10,2,"晴","有照明且開啟",60,"高架道路","快車道","柏油","乾燥","無遮蔽物","無號誌","中央分向島","未繪設快慢車道分隔線","無",19,"未使用",121.493223,25.018657,"臺北市","萬華區"
"對撞","2023",12,10,2,"晴","有照明且開啟",60,"高架道路","快車道","柏油","乾燥","無遮蔽物","無號誌","中央分向島","未繪設快慢車道分隔線","無",44,"未使用",121.493223,25.018657,"臺北市","萬華區"
"其他","2023",12,10,23,"晴","有照明且開啟",30,"直路","一般車道(未劃分快慢車道)","柏油","乾燥","無遮蔽物","無號誌","無","未繪設快慢車道分隔線","有",55,"未使用",120.722393,24.247168,"臺中市","豐原區"
"其他","2023",12,11,19,"晴","無照明",110,"直路","快車道","柏油","乾燥","無遮蔽物","無號誌","中央分向島","未繪設快慢車道分隔線","有",24,"未使用",120.408926,23.535765,"嘉義縣","民雄鄉"
"其他","2023",12,11,19,"晴","無照明",110,"直路","快車道","柏油","乾燥","無遮蔽物","無號誌","中央分向島","未繪設快慢車道分隔線","有",22,"未使用",120.408926,23.535765,"嘉義縣","民雄鄉"
"其他","2023",12,11,19,"晴","無照明",110,"直路","快車道","柏油","乾燥","無遮蔽物","無號誌","中央分向島","未繪設快慢車道分隔線","有",42,"未使用",120.408926,23.535765,"嘉義縣","民雄鄉"