"事故類型及型態子類別名稱","發生年度","發生月份","發生日期","發生時間","天候名稱","光線名稱","速限.第1當事者","道路型態子類別名稱","事故位置子類別名稱","路面狀況.路面鋪裝名稱","路面狀況.路面狀態名稱","道路障礙.視距品質名稱","號誌.號誌動作名稱","車道劃分設施.分向設施大類別名稱","車道劃分設施.分道設施.快慢車道間名稱","車道劃分設施.分道設施.路面邊線名稱","當事者事故發生時年齡","行動電話或電腦或其他相類功能裝置名稱","經度","緯度","縣市","鄉鎮"
"其他","2023",12,11,19,"晴","無照明",110,"直路","快車道","柏油","乾燥","無遮蔽物","無號誌","中央分向島","未繪設快慢車道分隔線","有",42,"未使用",120.408926,23.535765,"嘉義縣","民雄鄉"
"其他","2023",12,11,19,"晴","無照明",110,"直路","快車道","柏油","乾燥","無遮蔽物","無號誌","中央分向島","未繪設快慢車道分隔線","有",51,"未使用",120.408926,23.535765,"嘉義縣","民雄鄉"
"其他","2023",12,11,19,"晴","無照明",110,"直路","快車道","柏油","乾燥","無遮蔽物","無號誌","中央分向島","未繪設快慢車道分隔線","有",63,"未使用",120.408926,23.535765,"嘉義縣","民雄鄉"
"其他","2023",12,11,19,"晴","無照明",110,"直路","快車道","柏油","乾燥","無遮蔽物","無號誌","中央分向島","未繪設快慢車道分隔線","有",19,"非駕駛人",120.408926,23.535765,"嘉義縣","民雄鄉"
"其他","2023",12,11,19,"晴","無照明",110,"直路","快車道","柏油","乾燥","無遮蔽物","無號誌","中央分向島","未繪設快慢車道分隔線","有",21,"非駕駛人",120.408926,23.535765,"嘉義縣","民雄鄉"
"其他","2023",12,11,19,"晴","無照明",110,"直路","快車道","柏油","乾燥","無遮蔽物","無號誌","中央分向島","未繪設快慢車道分隔線","有",21,"非駕駛人",120.408926,23.535765,"嘉義縣","民雄鄉"
"其他","2023",12,11,19,"晴","無照明",110,"直路","快車道","柏油","乾燥","無遮蔽物","無號誌","中央分向島","未繪設快慢車道分隔線","有",23,"非駕駛人",120.408926,23.535765,"嘉義縣","民雄鄉"
"其他","2023",12,11,19,"晴","無照明",110,"直路","快車道","柏油","乾燥","無遮蔽物","無號誌","中央分向島","未繪設快慢車道分隔線","有",55,"非駕駛人",120.408926,23.535765,"嘉義縣","民雄鄉"
"追撞","2023",12,12,3,"晴","有照明且開啟",90,"隧道","快車道","柏油","乾燥","無遮蔽物","正常","無","未繪設快慢車道分隔線","有",47,"未使用",121.73158,24.916603,"新北市","坪林區"
"追撞","2023",12,12,3,"晴","有照明且開啟",90,"隧道","快車道","柏油","乾燥","無遮蔽物","正常","無","未繪設快慢車道分隔線","有",41,"未使用",121.73158,24.916603,"新北市","坪林區"
"對向擦撞","2023",12,12,11,"陰","無照明",30,"彎曲路及附近","一般車道(未劃分快慢車道)","柏油","乾燥","無遮蔽物","無號誌","無","未繪設快慢車道分隔線","有",70,"未使用",121.789945,24.836024,"宜蘭縣","頭城鎮"
"對向擦撞","2023",12,12,11,"陰","無照明",30,"彎曲路及附近","一般車道(未劃分快慢車道)","柏油","乾燥","無遮蔽物","無號誌","無","未繪設快慢車道分隔線","有",55,"未使用",121.789945,24.836024,"宜蘭縣","頭城鎮"
"對向擦撞","2023",12,12,13,"晴","有照明未開啟或故障",30,"三岔路","交叉路口內","柏油","乾燥","無遮蔽物","無號誌","中央分向島","快慢車道分隔線","有",77,"未使用",120.721475,24.571905,"苗栗縣","後龍鎮"
"對向擦撞","2023",12,12,13,"晴","有照明未開啟或故障",30,"三岔路","交叉路口內","柏油","乾燥","無遮蔽物","無號誌","中央分向島","快慢車道分隔線","有",19,"未使用",120.721475,24.571905,"苗栗縣","後龍鎮"
"對向擦撞","2023",12,12,13,"晴","有照明未開啟或故障",30,"三岔路","交叉路口內","柏油","乾燥","無遮蔽物","無號誌","中央分向島","快慢車道分隔線","有",67,"未使用",120.721475,24.571905,"苗栗縣","後龍鎮"
"對向擦撞","2023",12,12,13,"晴","有照明未開啟或故障",30,"三岔路","交叉路口內","柏油","乾燥","無遮蔽物","無號誌","中央分向島","快慢車道分隔線","有",18,"非駕駛人",120.721475,24.571905,"苗栗縣","後龍鎮"
"側撞","2023",12,12,19,"晴","有照明且開啟",50,"四岔路","交叉路口內","柏油","乾燥","無遮蔽物","正常","無","未繪設快慢車道分隔線","無",46,"未使用",119.585522,23.566628,"澎湖縣","馬公市"
"側撞","2023",12,12,19,"晴","有照明且開啟",50,"四岔路","交叉路口內","柏油","乾燥","無遮蔽物","正常","無","未繪設快慢車道分隔線","無",20,"未使用",119.585522,23.566628,"澎湖縣","馬公市"
"路口交岔撞","2023",12,13,8,"晴","有照明未開啟或故障",30,"四岔路","交叉路口內","柏油","乾燥","無遮蔽物","無號誌","中央分向島","未繪設快慢車道分隔線","有",55,"未使用",120.361105,22.733937,"高雄市","大社區"
"路口交岔撞","2023",12,13,8,"晴","有照明未開啟或故障",30,"四岔路","交叉路口內","柏油","乾燥","無遮蔽物","無號誌","中央分向島","未繪設快慢車道分隔線","有",24,"未使用",120.361105,22.733937,"高雄市","大社區"
"同向擦撞","2023",12,13,10,"晴","有照明未開啟或故障",100,"直路","快車道","柏油","乾燥","無遮蔽物","無號誌","中央分向島","未繪設快慢車道分隔線","有",71,"不明",121.58923,25.065516,"臺北市","內湖區"
"同向擦撞","2023",12,13,10,"晴","有照明未開啟或故障",100,"直路","快車道","柏油","乾燥","無遮蔽物","無號誌","中央分向島","未繪設快慢車道分隔線","有",39,"未使用",121.58923,25.065516,"臺北市","內湖區"
"同向擦撞","2023",12,13,10,"晴","有照明未開啟或故障",100,"直路","快車道","柏油","乾燥","無遮蔽物","無號誌","中央分向島","未繪設快慢車道分隔線","有",54,"未使用",121.58923,25.065516,"臺北市","內湖區"
"其他","2023",12,13,12,"陰","有照明未開啟或故障",40,"彎曲路及附近","一般車道(未劃分快慢車道)","柏油","乾燥","無遮蔽物","無號誌","雙向禁止超車線","未繪設快慢車道分隔線","有",69,"未使用",121.395668,25.062272,"新北市","泰山區"
"其他","2023",12,13,12,"陰","有照明未開啟或故障",40,"彎曲路及附近","一般車道(未劃分快慢車道)","柏油","乾燥","無遮蔽物","無號誌","雙向禁止超車線","未繪設快慢車道分隔線","有",59,"未使用",121.395668,25.062272,"新北市","泰山區"
"其他","2023",12,13,14,"晴","無照明",50,"三岔路","交叉口附近","柏油","乾燥","無遮蔽物","無號誌","中央分向島","快慢車道分隔線","無",63,"未使用",120.683069,24.14574,"臺中市","北區"
"其他","2023",12,13,14,"晴","無照明",50,"三岔路","交叉口附近","柏油","乾燥","無遮蔽物","無號誌","中央分向島","快慢車道分隔線","無",67,"未使用",120.683069,24.14574,"臺中市","北區"
"路口交岔撞","2023",12,13,15,"晴","無照明",70,"四岔路","交叉路口內","柏油","乾燥","無遮蔽物","正常","無","未繪設快慢車道分隔線","無",25,"不明",120.463227,24.131465,"彰化縣","線西鄉"
"路口交岔撞","2023",12,13,15,"晴","無照明",70,"四岔路","交叉路口內","柏油","乾燥","無遮蔽物","正常","無","未繪設快慢車道分隔線","無",60,"不明",120.463227,24.131465,"彰化縣","線西鄉"
"佇立路邊(外)","2023",12,13,19,"晴","有照明且開啟",60,"三岔路","交叉路口內","柏油","乾燥","無遮蔽物","正常","中央分向島","未繪設快慢車道分隔線","有",48,"未使用",121.502258,25.259262,"新北市","三芝區"
"佇立路邊(外)","2023",12,13,19,"晴","有照明且開啟",60,"三岔路","交叉路口內","柏油","乾燥","無遮蔽物","正常","中央分向島","未繪設快慢車道分隔線","有",82,"非駕駛人",121.502258,25.259262,"新北市","三芝區"
"佇立路邊(外)","2023",12,13,19,"晴","有照明且開啟",60,"三岔路","交叉路口內","柏油","乾燥","無遮蔽物","正常","中央分向島","未繪設快慢車道分隔線","有",26,"未使用",121.502258,25.259262,"新北市","三芝區"
"追撞","2023",12,14,2,"晴","有照明且開啟",50,"三岔路","交叉口附近","柏油","乾燥","無遮蔽物","正常","中央分向島","未繪設快慢車道分隔線","有",22,"未使用",121.446047,25.193459,"新北市","淡水區"
"追撞","2023",12,14,2,"晴","有照明且開啟",50,"三岔路","交叉口附近","柏油","乾燥","無遮蔽物","正常","中央分向島","未繪設快慢車道分隔線","有",48,"未使用",121.446047,25.193459,"新北市","淡水區"
"路口交岔撞","2023",12,14,5,"晴","有照明且開啟",30,"三岔路","交叉路口內","柏油","乾燥","無遮蔽物","無號誌","無","未繪設快慢車道分隔線","無",81,"未使用",120.197707,22.980854,"臺南市","南區"
"路口交岔撞","2023",12,14,5,"晴","有照明且開啟",30,"三岔路","交叉路口內","柏油","乾燥","無遮蔽物","無號誌","無","未繪設快慢車道分隔線","無",19,"未使用",120.197707,22.980854,"臺南市","南區"
"側撞","2023",12,14,8,"晴","有照明未開啟或故障",50,"三岔路","交叉路口內","柏油","乾燥","無遮蔽物","正常","中央分向島","寬式快慢車道分隔島(50公分以上)","有",46,"未使用",120.308609,23.108664,"臺南市","新市區"
"側撞","2023",12,14,8,"晴","有照明未開啟或故障",50,"三岔路","交叉路口內","柏油","乾燥","無遮蔽物","正常","中央分向島","寬式快慢車道分隔島(50公分以上)","有",46,"未使用",120.308609,23.108664,"臺南市","新市區"
"其他","2023",12,15,9,"晴","無照明",40,"直路","一般車道(未劃分快慢車道)","柏油","乾燥","無遮蔽物","無號誌","無","未繪設快慢車道分隔線","無",40,"未使用",121.321443,24.971015,"桃園市","桃園區"
"其他","2023",12,15,9,"晴","無照明",40,"直路","一般車道(未劃分快慢車道)","柏油","乾燥","無遮蔽物","無號誌","無","未繪設快慢車道分隔線","無",85,"未使用",121.321443,24.971015,"桃園市","桃園區"
"側撞","2023",12,15,9,"晴","無照明",50,"三岔路","交叉路口內","柏油","乾燥","無遮蔽物","正常","中央分向島","未繪設快慢車道分隔線","有",44,"未使用",121.024183,24.807307,"新竹縣","竹北市"
"側撞","2023",12,15,9,"晴","無照明",50,"三岔路","交叉路口內","柏油","乾燥","無遮蔽物","正常","中央分向島","未繪設快慢車道分隔線","有",27,"未使用",121.024183,24.807307,"新竹縣","竹北市"
"撞電桿","2023",12,15,14,"晴","有照明未開啟或故障",30,"直路","一般車道(未劃分快慢車道)","柏油","乾燥","無遮蔽物","無號誌","無","未繪設快慢車道分隔線","有",58,"未使用",120.475557,23.430737,"嘉義縣","水上鄉"
"撞電桿","2023",12,15,14,"晴","有照明未開啟或故障",30,"直路","一般車道(未劃分快慢車道)","柏油","乾燥","無遮蔽物","無號誌","無","未繪設快慢車道分隔線","有",62,"非駕駛人",120.475557,23.430737,"嘉義縣","水上鄉"
"側撞","2023",12,15,14,"晴","有照明未開啟或故障",50,"四岔路","交叉路口內","柏油","乾燥","無遮蔽物","正常","雙向禁止超車線","未繪設快慢車道分隔線","有",81,"未使用",120.556997,22.758092,"屏東縣","鹽埔鄉"
"側撞","2023",12,15,14,"晴","有照明未開啟或故障",50,"四岔路","交叉路口內","柏油","乾燥","無遮蔽物","正常","雙向禁止超車線","未繪設快慢車道分隔線","有",31,"未使用",120.556997,22.758092,"屏東縣","鹽埔鄉"
"其他","2023",12,15,21,"晴","有照明且開啟",50,"直路","路肩、路緣","柏油","乾燥","無遮蔽物","無號誌","雙向禁止超車線","未繪設快慢車道分隔線","有",30,"不明",120.258089,23.748746,"雲林縣","麥寮鄉"
"其他","2023",12,15,21,"晴","有照明且開啟",50,"直路","路肩、路緣","柏油","乾燥","無遮蔽物","無號誌","雙向禁止超車線","未繪設快慢車道分隔線","有",57,"非駕駛人",120.258089,23.748746,"雲林縣","麥寮鄉"
"穿越道路中","2023",12,15,23,"晴","有照明且開啟",50,"三岔路","交叉口附近","柏油","乾燥","無遮蔽物","無號誌","雙向禁止超車線","未繪設快慢車道分隔線","有",25,"未使用",120.455781,23.463311,"嘉義市","東區"
"穿越道路中","2023",12,15,23,"晴","有照明且開啟",50,"三岔路","交叉口附近","柏油","乾燥","無遮蔽物","無號誌","雙向禁止超車線","未繪設快慢車道分隔線","有",71,"非駕駛人",120.455781,23.463311,"嘉義市","東區"
"對向擦撞","2023",12,16,7,"晴","有照明未開啟或故障",40,"彎曲路及附近","一般車道(未劃分快慢車道)","柏油","乾燥","無遮蔽物","無號誌","行車分向線","未繪設快慢車道分隔線","有",13,"未使用",120.38143,23.006693,"臺南市","新化區"
"對向擦撞","2023",12,16,7,"晴","有照明未開啟或故障",40,"彎曲路及附近","一般車道(未劃分快慢車道)","柏油","乾燥","無遮蔽物","無號誌","行車分向線","未繪設快慢車道分隔線","有",37,"未使用",120.38143,23.006693,"臺南市","新化區"
"同向擦撞","2023",12,16,11,"陰","無照明",50,"直路","一般車道(未劃分快慢車道)","柏油","乾燥","有遮蔽物","無號誌","行車分向線","未繪設快慢車道分隔線","有",31,"未使用",121.485541,25.022253,"新北市","板橋區"
"同向擦撞","2023",12,16,11,"陰","無照明",50,"直路","一般車道(未劃分快慢車道)","柏油","乾燥","有遮蔽物","無號誌","行車分向線","未繪設快慢車道分隔線","有",74,"未使用",121.485541,25.022253,"新北市","板橋區"
"衝出路外","2023",12,16,11,"晴","有照明未開啟或故障",50,"直路","一般車道(未劃分快慢車道)","柏油","乾燥","無遮蔽物","無號誌","行車分向線","未繪設快慢車道分隔線","有",53,"不明",120.557244,22.616634,"屏東縣","內埔鄉"
"其他","2023",12,16,13,"陰","有照明未開啟或故障",50,"彎曲路及附近","一般車道(未劃分快慢車道)","柏油","乾燥","無遮蔽物","無號誌","雙向禁止超車線","未繪設快慢車道分隔線","有",48,"未使用",121.518178,24.984616,"新北市","新店區"
"其他","2023",12,16,13,"陰","有照明未開啟或故障",50,"彎曲路及附近","一般車道(未劃分快慢車道)","柏油","乾燥","無遮蔽物","無號誌","雙向禁止超車線","未繪設快慢車道分隔線","有",18,"不明",121.518178,24.984616,"新北市","新店區"
"衝進路中","2023",12,17,0,"晴","有照明且開啟",50,"直路","一般車道(未劃分快慢車道)","柏油","乾燥","無遮蔽物","無號誌","行車分向線","未繪設快慢車道分隔線","有",57,"非駕駛人",120.490436,23.728462,"雲林縣","虎尾鎮"
"衝進路中","2023",12,17,0,"晴","有照明且開啟",50,"直路","一般車道(未劃分快慢車道)","柏油","乾燥","無遮蔽物","無號誌","行車分向線","未繪設快慢車道分隔線","有",40,"未使用",120.490436,23.728462,"雲林縣","虎尾鎮"
"撞號誌、標誌桿","2023",12,17,6,"晴","有照明未開啟或故障",30,"彎曲路及附近","一般車道(未劃分快慢車道)","柏油","乾燥","無遮蔽物","無號誌","雙向禁止超車線","未繪設快慢車道分隔線","有",34,"未使用",121.368694,25.03328,"桃園市","龜山區"
"路上翻車、摔倒","2023",12,17,8,"晴","有照明且開啟",50,"三岔路","交叉路口內","柏油","乾燥","無遮蔽物","無號誌","無","未繪設快慢車道分隔線","有",54,"不明",120.527035,23.764073,"雲林縣","莿桐鄉"
"撞電桿","2023",12,17,15,"晴","有照明且開啟",50,"直路","一般車道(未劃分快慢車道)","柏油","乾燥","無遮蔽物","無號誌","行車分向線","未繪設快慢車道分隔線","有",49,"未使用",121.326778,25.051819,"桃園市","龜山區"
"側撞","2023",12,17,15,"晴","有照明未開啟或故障",50,"三岔路","交叉路口內","柏油","乾燥","無遮蔽物","正常","雙向禁止超車線","快慢車道分隔線","有",59,"未使用",120.301242,22.764912,"高雄市","橋頭區"
"側撞","2023",12,17,15,"晴","有照明未開啟或故障",50,"三岔路","交叉路口內","柏油","乾燥","無遮蔽物","正常","雙向禁止超車線","快慢車道分隔線","有",63,"未使用",120.301242,22.764912,"高雄市","橋頭區"
"路上翻車、摔倒","2023",12,17,16,"晴","有照明未開啟或故障",30,"坡路","一般車道(未劃分快慢車道)","柏油","乾燥","無遮蔽物","無號誌","雙向禁止超車線","未繪設快慢車道分隔線","有",16,"未使用",120.814912,24.093892,"臺中市","太平區"
"撞護欄(樁)","2023",12,18,5,"晴","有照明且開啟",40,"三岔路","交叉口附近","柏油","乾燥","無遮蔽物","無號誌","中央分向島","快慢車道分隔線","有",36,"未使用",120.302258,23.077393,"臺南市","新市區"
"追撞","2023",12,18,6,"晴","有照明且開啟",50,"直路","一般車道(未劃分快慢車道)","柏油","乾燥","無遮蔽物","無號誌","雙向禁止超車線","未繪設快慢車道分隔線","有",42,"未使用",120.431588,23.679468,"雲林縣","斗南鎮"
"追撞","2023",12,18,6,"晴","有照明且開啟",50,"直路","一般車道(未劃分快慢車道)","柏油","乾燥","無遮蔽物","無號誌","雙向禁止超車線","未繪設快慢車道分隔線","有",36,"未使用",120.431588,23.679468,"雲林縣","斗南鎮"
"側撞","2023",12,18,15,"晴","有照明未開啟或故障",60,"四岔路","交叉路口內","柏油","乾燥","無遮蔽物","正常","中央分向島","寬式快慢車道分隔島(50公分以上)","有",46,"未使用",120.611009,24.203771,"臺中市","西屯區"
"側撞","2023",12,18,15,"晴","有照明未開啟或故障",60,"四岔路","交叉路口內","柏油","乾燥","無遮蔽物","正常","中央分向島","寬式快慢車道分隔島(50公分以上)","有",26,"未使用",120.611009,24.203771,"臺中市","西屯區"
"側撞","2023",12,18,17,"陰","無照明",50,"三岔路","交叉路口內","柏油","乾燥","無遮蔽物","無號誌","無","未繪設快慢車道分隔線","無",84,"不明",120.397565,23.422629,"嘉義縣","水上鄉"
"側撞","2023",12,18,17,"陰","無照明",50,"三岔路","交叉路口內","柏油","乾燥","無遮蔽物","無號誌","無","未繪設快慢車道分隔線","無",28,"不明",120.397565,23.422629,"嘉義縣","水上鄉"
"撞護欄(樁)","2023",12,18,22,"晴","無照明",110,"直路","快車道","柏油","乾燥","無遮蔽物","無號誌","中央分向島","未繪設快慢車道分隔線","有",43,"未使用",120.567075,23.627898,"南投縣","竹山鎮"
"撞護欄(樁)","2023",12,18,22,"晴","無照明",110,"直路","快車道","柏油","乾燥","無遮蔽物","無號誌","中央分向島","未繪設快慢車道分隔線","有",63,"未使用",120.567075,23.627898,"南投縣","竹山鎮"
"撞護欄(樁)","2023",12,18,22,"晴","無照明",110,"直路","快車道","柏油","乾燥","無遮蔽物","無號誌","中央分向島","未繪設快慢車道分隔線","有",19,"未使用",120.567075,23.627898,"南投縣","竹山鎮"
"撞護欄(樁)","2023",12,18,22,"晴","無照明",110,"直路","快車道","柏油","乾燥","無遮蔽物","無號誌","中央分向島","未繪設快慢車道分隔線","有",36,"未使用",120.567075,23.627898,"南投縣","竹山鎮"
"撞護欄(樁)","2023",12,18,22,"晴","無照明",110,"直路","快車道","柏油","乾燥","無遮蔽物","無號誌","中央分向島","未繪設快慢車道分隔線","有",32,"未使用",120.567075,23.627898,"南投縣","竹山鎮"
"撞護欄(樁)","2023",12,18,22,"晴","無照明",110,"直路","快車道","柏油","乾燥","無遮蔽物","無號誌","中央分向島","未繪設快慢車道分隔線","有",42,"非駕駛人",120.567075,23.627898,"南投縣","竹山鎮"
"撞護欄(樁)","2023",12,18,22,"晴","無照明",110,"直路","快車道","柏油","乾燥","無遮蔽物","無號誌","中央分向島","未繪設快慢車道分隔線","有",1,"非駕駛人",120.567075,23.627898,"南投縣","竹山鎮"
"撞護欄(樁)","2023",12,18,22,"晴","無照明",110,"直路","快車道","柏油","乾燥","無遮蔽物","無號誌","中央分向島","未繪設快慢車道分隔線","有",60,"非駕駛人",120.567075,23.627898,"南投縣","竹山鎮"
"穿越道路中","2023",12,19,6,"陰","無照明",50,"直路","一般車道(未劃分快慢車道)","柏油","濕潤","無遮蔽物","正常","雙向禁止超車線","未繪設快慢車道分隔線","有",71,"非駕駛人",121.091738,24.740473,"新竹縣","竹東鎮"
"穿越道路中","2023",12,19,6,"陰","無照明",50,"直路","一般車道(未劃分快慢車道)","柏油","濕潤","無遮蔽物","正常","雙向禁止超車線","未繪設快慢車道分隔線","有",70,"未使用",121.091738,24.740473,"新竹縣","竹東鎮"
"路上翻車、摔倒","2023",12,19,8,"晴","有照明未開啟或故障",30,"直路","一般車道(未劃分快慢車道)","柏油","乾燥","無遮蔽物","無號誌","無","未繪設快慢車道分隔線","有",45,"未使用",120.738426,24.268771,"臺中市","豐原區"
"追撞","2023",12,19,10,"陰","有照明未開啟或故障",60,"直路","一般車道(未劃分快慢車道)","柏油","乾燥","無遮蔽物","無號誌","雙向禁止超車線","未繪設快慢車道分隔線","有",32,"未使用",120.324294,22.869691,"高雄市","阿蓮區"
"追撞","2023",12,19,10,"陰","有照明未開啟或故障",60,"直路","一般車道(未劃分快慢車道)","柏油","乾燥","無遮蔽物","無號誌","雙向禁止超車線","未繪設快慢車道分隔線","有",75,"未使用",120.324294,22.869691,"高雄市","阿蓮區"
"穿越道路中","2023",12,19,10,"晴","有照明未開啟或故障",50,"四岔路","交叉路口內","柏油","乾燥","無遮蔽物","正常","雙向禁止超車線","快慢車道分隔線","有",88,"非駕駛人",120.480208,24.085293,"彰化縣","鹿港鎮"
"穿越道路中","2023",12,19,10,"晴","有照明未開啟或故障",50,"四岔路","交叉路口內","柏油","乾燥","無遮蔽物","正常","雙向禁止超車線","快慢車道分隔線","有",65,"未使用",120.480208,24.085293,"彰化縣","鹿港鎮"
"側撞","2023",12,19,11,"陰","有照明未開啟或故障",50,"三岔路","交叉路口內","柏油","乾燥","無遮蔽物","正常","雙向禁止超車線","未繪設快慢車道分隔線","有",64,"未使用",121.462022,24.983517,"新北市","土城區"
"側撞","2023",12,19,11,"陰","有照明未開啟或故障",50,"三岔路","交叉路口內","柏油","乾燥","無遮蔽物","正常","雙向禁止超車線","未繪設快慢車道分隔線","有",19,"未使用",121.462022,24.983517,"新北市","土城區"
"路上翻車、摔倒","2023",12,19,14,"雨","無照明",25,"直路","一般車道(未劃分快慢車道)","柏油","濕潤","無遮蔽物","無號誌","無","未繪設快慢車道分隔線","有",60,"不明",121.436049,24.966143,"新北市","土城區"
"其他","2023",12,19,21,"晴","有照明且開啟",40,"三岔路","交叉口附近","柏油","乾燥","無遮蔽物","無號誌","雙向禁止超車線","未繪設快慢車道分隔線","有",34,"未使用",120.977211,24.747058,"新竹縣","寶山鄉"
"其他","2023",12,19,21,"晴","有照明且開啟",40,"三岔路","交叉口附近","柏油","乾燥","無遮蔽物","無號誌","雙向禁止超車線","未繪設快慢車道分隔線","有",53,"非駕駛人",120.977211,24.747058,"新竹縣","寶山鄉"
"其他","2023",12,20,4,"晴","有照明且開啟",40,"直路","路肩、路緣","柏油","濕潤","無遮蔽物","無號誌","雙向禁止超車線","快慢車道分隔線","有",56,"未使用",121.149315,22.766428,"臺東縣","臺東市"
"其他","2023",12,20,4,"晴","有照明且開啟",40,"直路","路肩、路緣","柏油","濕潤","無遮蔽物","無號誌","雙向禁止超車線","快慢車道分隔線","有",48,"不明",121.149315,22.766428,"臺東縣","臺東市"
"同向通行中","2023",12,20,9,"晴","有照明未開啟或故障",50,"坡路","一般車道(未劃分快慢車道)","柏油","乾燥","無遮蔽物","無號誌","中央分向島","未繪設快慢車道分隔線","有",55,"未使用",120.479145,22.901991,"高雄市","旗山區"
"同向通行中","2023",12,20,9,"晴","有照明未開啟或故障",50,"坡路","一般車道(未劃分快慢車道)","柏油","乾燥","無遮蔽物","無號誌","中央分向島","未繪設快慢車道分隔線","有",84,"非駕駛人",120.479145,22.901991,"高雄市","旗山區"
"穿越道路中","2023",12,20,9,"晴","有照明且開啟",30,"多岔路","行人穿越道","柏油","乾燥","無遮蔽物","無號誌","雙向禁止超車線","未繪設快慢車道分隔線","無",34,"未使用",121.51988,24.997029,"新北市","永和區"
"穿越道路中","2023",12,20,9,"晴","有照明且開啟",30,"多岔路","行人穿越道","柏油","乾燥","無遮蔽物","無號誌","雙向禁止超車線","未繪設快慢車道分隔線","無",77,"非駕駛人",121.51988,24.997029,"新北市","永和區"
"路上翻車、摔倒","2023",12,20,10,"晴","有照明未開啟或故障",40,"三岔路","交叉路口內","柏油","乾燥","無遮蔽物","正常","雙向禁止超車線","未繪設快慢車道分隔線","無",67,"未使用",120.3382,22.60608,"高雄市","前鎮區"
"路上翻車、摔倒","2023",12,20,10,"晴","有照明未開啟或故障",40,"三岔路","交叉路口內","柏油","乾燥","無遮蔽物","正常","雙向禁止超車線","未繪設快慢車道分隔線","無",112,"",120.3382,22.60608,"高雄市","前鎮區"
"路上翻車、摔倒","2023",12,20,10,"晴","有照明未開啟或故障",40,"三岔路","交叉路口內","柏油","乾燥","無遮蔽物","正常","雙向禁止超車線","未繪設快慢車道分隔線","無",68,"非駕駛人",120.3382,22.60608,"高雄市","前鎮區"
"路口交岔撞","2023",12,20,11,"陰","有照明未開啟或故障",30,"四岔路","交叉路口內","柏油","乾燥","無遮蔽物","無號誌","雙向禁止超車線","未繪設快慢車道分隔線","無",46,"未使用",121.554493,25.06262,"臺北市","松山區"
"路口交岔撞","2023",12,20,11,"陰","有照明未開啟或故障",30,"四岔路","交叉路口內","柏油","乾燥","無遮蔽物","無號誌","雙向禁止超車線","未繪設快慢車道分隔線","無",24,"未使用",121.554493,25.06262,"臺北市","松山區"
"側撞","2023",12,20,14,"雨","無照明",50,"三岔路","交叉路口內","柏油","濕潤","無遮蔽物","正常","無","未繪設快慢車道分隔線","無",75,"未使用",121.264411,25.027721,"桃園市","蘆竹區"
"側撞","2023",12,20,14,"雨","無照明",50,"三岔路","交叉路口內","柏油","濕潤","無遮蔽物","正常","無","未繪設快慢車道分隔線","無",24,"未使用",121.264411,25.027721,"桃園市","蘆竹區"
"側撞","2023",12,20,15,"陰","無照明",50,"四岔路","交叉路口內","柏油","乾燥","無遮蔽物","正常","無","未繪設快慢車道分隔線","無",21,"未使用",121.339807,24.995937,"桃園市","龜山區"
"側撞","2023",12,20,15,"陰","無照明",50,"四岔路","交叉路口內","柏油","乾燥","無遮蔽物","正常","無","未繪設快慢車道分隔線","無",53,"未使用",121.339807,24.995937,"桃園市","龜山區"
"撞號誌、標誌桿","2023",12,20,17,"晴","有照明且開啟",50,"彎曲路及附近","一般車道(未劃分快慢車道)","柏油","乾燥","無遮蔽物","無號誌","雙向禁止超車線","未繪設快慢車道分隔線","有",55,"未使用",120.842449,24.373561,"苗栗縣","大湖鄉"
"撞護欄(樁)","2023",12,20,20,"晴","有照明且開啟",50,"彎曲路及附近","一般車道(未劃分快慢車道)","柏油","乾燥","無遮蔽物","無號誌","行車分向線","未繪設快慢車道分隔線","有",15,"未使用",120.592128,22.816764,"屏東縣","高樹鄉"
"撞護欄(樁)","2023",12,20,20,"晴","有照明且開啟",50,"彎曲路及附近","一般車道(未劃分快慢車道)","柏油","乾燥","無遮蔽物","無號誌","行車分向線","未繪設快慢車道分隔線","有",15,"非駕駛人",120.592128,22.816764,"屏東縣","高樹鄉"
"其他","2023",12,20,22,"晴","有照明且開啟",60,"四岔路","交叉路口內","柏油","乾燥","無遮蔽物","正常","無","未繪設快慢車道分隔線","無",43,"未使用",120.694682,23.859104,"南投縣","名間鄉"
"其他","2023",12,20,22,"晴","有照明且開啟",60,"四岔路","交叉路口內","柏油","乾燥","無遮蔽物","正常","無","未繪設快慢車道分隔線","無",34,"未使用",120.694682,23.859104,"南投縣","名間鄉"
"撞護欄(樁)","2023",12,21,1,"晴","有照明且開啟",50,"直路","直線匝道","柏油","乾燥","無遮蔽物","無號誌","無","未繪設快慢車道分隔線","有",53,"不明",121.355017,25.065838,"桃園市","龜山區"
"穿越道路中","2023",12,21,10,"陰","無照明",50,"三岔路","交叉路口內","柏油","乾燥","無遮蔽物","正常","無","未繪設快慢車道分隔線","無",50,"未使用",120.351598,23.560696,"嘉義縣","新港鄉"