"事故類型及型態子類別名稱","發生年度","發生月份","發生日期","發生時間","天候名稱","光線名稱","速限.第1當事者","道路型態子類別名稱","事故位置子類別名稱","路面狀況.路面鋪裝名稱","路面狀況.路面狀態名稱","道路障礙.視距品質名稱","號誌.號誌動作名稱","車道劃分設施.分向設施大類別名稱","車道劃分設施.分道設施.快慢車道間名稱","車道劃分設施.分道設施.路面邊線名稱","當事者事故發生時年齡","行動電話或電腦或其他相類功能裝置名稱","經度","緯度","縣市","鄉鎮"
"穿越道路中","2023",12,21,10,"陰","無照明",50,"三岔路","交叉路口內","柏油","乾燥","無遮蔽物","正常","無","未繪設快慢車道分隔線","無",66,"非駕駛人",120.351598,23.560696,"嘉義縣","新港鄉"
"撞電桿","2023",12,21,10,"晴","有照明未開啟或故障",30,"直路","一般車道(未劃分快慢車道)","柏油","乾燥","無遮蔽物","無號誌","雙向禁止超車線","未繪設快慢車道分隔線","有",68,"未使用",120.719922,24.344309,"臺中市","后里區"
"對撞","2023",12,21,13,"晴","無照明",50,"彎曲路及附近","一般車道(未劃分快慢車道)","柏油","乾燥","無遮蔽物","無號誌","行車分向線","未繪設快慢車道分隔線","有",71,"未使用",120.501154,22.482373,"屏東縣","南州鄉"
"對撞","2023",12,21,13,"晴","無照明",50,"彎曲路及附近","一般車道(未劃分快慢車道)","柏油","乾燥","無遮蔽物","無號誌","行車分向線","未繪設快慢車道分隔線","有",29,"未使用",120.501154,22.482373,"屏東縣","南州鄉"
"衝出路外","2023",12,21,14,"陰","無照明",30,"直路","路肩、路緣","柏油","乾燥","無遮蔽物","無號誌","無","未繪設快慢車道分隔線","有",73,"未使用",120.55342,23.405759,"嘉義縣","中埔鄉"
"衝出路外","2023",12,21,14,"陰","無照明",30,"直路","路肩、路緣","柏油","乾燥","無遮蔽物","無號誌","無","未繪設快慢車道分隔線","有",72,"非駕駛人",120.55342,23.405759,"嘉義縣","中埔鄉"
"衝出路外","2023",12,21,14,"陰","無照明",30,"直路","路肩、路緣","柏油","乾燥","無遮蔽物","無號誌","無","未繪設快慢車道分隔線","有",75,"非駕駛人",120.55342,23.405759,"嘉義縣","中埔鄉"
"衝出路外","2023",12,21,14,"陰","無照明",30,"直路","路肩、路緣","柏油","乾燥","無遮蔽物","無號誌","無","未繪設快慢車道分隔線","有",74,"非駕駛人",120.55342,23.405759,"嘉義縣","中埔鄉"
"路口交岔撞","2023",12,21,17,"雨","有照明且開啟",50,"四岔路","交叉路口內","柏油","濕潤","無遮蔽物","正常","無","未繪設快慢車道分隔線","無",48,"未使用",121.243388,25.04237,"桃園市","蘆竹區"
"路口交岔撞","2023",12,21,17,"雨","有照明且開啟",50,"四岔路","交叉路口內","柏油","濕潤","無遮蔽物","正常","無","未繪設快慢車道分隔線","無",45,"未使用",121.243388,25.04237,"桃園市","蘆竹區"
"其他","2023",12,21,18,"晴","有照明且開啟",70,"三岔路","交叉路口內","柏油","乾燥","無遮蔽物","正常","無","未繪設快慢車道分隔線","無",31,"未使用",120.533641,24.055351,"彰化縣","彰化市"
"其他","2023",12,21,18,"晴","有照明且開啟",70,"三岔路","交叉路口內","柏油","乾燥","無遮蔽物","正常","無","未繪設快慢車道分隔線","無",19,"未使用",120.533641,24.055351,"彰化縣","彰化市"
"路口交岔撞","2023",12,21,19,"晴","有照明且開啟",30,"四岔路","交叉路口內","柏油","乾燥","無遮蔽物","無號誌","行車分向線","未繪設快慢車道分隔線","有",43,"未使用",120.2362,22.968226,"臺南市","東區"
"路口交岔撞","2023",12,21,19,"晴","有照明且開啟",30,"四岔路","交叉路口內","柏油","乾燥","無遮蔽物","無號誌","行車分向線","未繪設快慢車道分隔線","有",21,"未使用",120.2362,22.968226,"臺南市","東區"
"路口交岔撞","2023",12,21,19,"晴","有照明且開啟",30,"四岔路","交叉路口內","柏油","乾燥","無遮蔽物","無號誌","行車分向線","未繪設快慢車道分隔線","有",55,"未使用",120.2362,22.968226,"臺南市","東區"
"路口交岔撞","2023",12,21,19,"晴","有照明且開啟",30,"四岔路","交叉路口內","柏油","乾燥","無遮蔽物","無號誌","行車分向線","未繪設快慢車道分隔線","有",27,"非駕駛人",120.2362,22.968226,"臺南市","東區"
"側撞","2023",12,22,7,"晴","無照明",50,"四岔路","交叉路口內","柏油","乾燥","無遮蔽物","正常","雙向禁止超車線","未繪設快慢車道分隔線","無",41,"未使用",120.3022,22.72583,"高雄市","楠梓區"
"側撞","2023",12,22,7,"晴","無照明",50,"四岔路","交叉路口內","柏油","乾燥","無遮蔽物","正常","雙向禁止超車線","未繪設快慢車道分隔線","無",60,"不明",120.3022,22.72583,"高雄市","楠梓區"
"撞路樹","2023",12,23,13,"晴","無照明",40,"直路","慢車道","柏油","乾燥","無遮蔽物","無號誌","中央分向島","快慢車道分隔線","有",18,"未使用",120.54916,22.627763,"屏東縣","內埔鄉"
"撞路樹","2023",12,23,13,"晴","無照明",40,"直路","慢車道","柏油","乾燥","無遮蔽物","無號誌","中央分向島","快慢車道分隔線","有",19,"非駕駛人",120.54916,22.627763,"屏東縣","內埔鄉"
"其他","2023",12,23,13,"陰","有照明未開啟或故障",30,"直路","一般車道(未劃分快慢車道)","柏油","乾燥","有遮蔽物","無號誌","無","未繪設快慢車道分隔線","無",59,"未使用",121.35201,24.984528,"桃園市","龜山區"
"其他","2023",12,23,13,"陰","有照明未開啟或故障",30,"直路","一般車道(未劃分快慢車道)","柏油","乾燥","有遮蔽物","無號誌","無","未繪設快慢車道分隔線","無",42,"未使用",121.35201,24.984528,"桃園市","龜山區"
"路口交岔撞","2023",12,23,15,"雨","有照明未開啟或故障",40,"四岔路","交叉口附近","柏油","濕潤","無遮蔽物","正常","行車分向線","未繪設快慢車道分隔線","有",58,"未使用",121.781645,24.816831,"宜蘭縣","礁溪鄉"
"路口交岔撞","2023",12,23,15,"雨","有照明未開啟或故障",40,"四岔路","交叉口附近","柏油","濕潤","無遮蔽物","正常","行車分向線","未繪設快慢車道分隔線","有",54,"未使用",121.781645,24.816831,"宜蘭縣","礁溪鄉"
"其他","2023",12,24,7,"晴","有照明且開啟",50,"四岔路","交叉路口內","柏油","乾燥","無遮蔽物","正常","雙向禁止超車線","快慢車道分隔線","無",35,"未使用",120.699422,24.264062,"臺中市","神岡區"
"其他","2023",12,24,7,"晴","有照明且開啟",50,"四岔路","交叉路口內","柏油","乾燥","無遮蔽物","正常","雙向禁止超車線","快慢車道分隔線","無",30,"未使用",120.699422,24.264062,"臺中市","神岡區"
"其他","2023",12,24,7,"晴","有照明且開啟",50,"四岔路","交叉路口內","柏油","乾燥","無遮蔽物","正常","雙向禁止超車線","快慢車道分隔線","無",32,"非駕駛人",120.699422,24.264062,"臺中市","神岡區"
"撞護欄(樁)","2023",12,24,19,"晴","有照明且開啟",50,"三岔路","交叉路口內","柏油","乾燥","無遮蔽物","無號誌","行車分向線","未繪設快慢車道分隔線","有",49,"未使用",120.579254,22.805534,"屏東縣","高樹鄉"
"同向擦撞","2023",12,25,4,"晴","有照明且開啟",70,"直路","慢車道","柏油","乾燥","無遮蔽物","無號誌","中央分向島","快慢車道分隔線","有",29,"不明",120.367474,23.377768,"臺南市","後壁區"
"同向擦撞","2023",12,25,4,"晴","有照明且開啟",70,"直路","慢車道","柏油","乾燥","無遮蔽物","無號誌","中央分向島","快慢車道分隔線","有",57,"不明",120.367474,23.377768,"臺南市","後壁區"
"同向擦撞","2023",12,25,4,"晴","有照明且開啟",70,"直路","慢車道","柏油","乾燥","無遮蔽物","無號誌","中央分向島","快慢車道分隔線","有",55,"未使用",120.367474,23.377768,"臺南市","後壁區"
"對撞","2023",12,25,8,"晴","有照明未開啟或故障",30,"彎曲路及附近","一般車道(未劃分快慢車道)","柏油","乾燥","無遮蔽物","無號誌","無","未繪設快慢車道分隔線","有",23,"未使用",121.20504,24.977296,"桃園市","中壢區"
"對撞","2023",12,25,8,"晴","有照明未開啟或故障",30,"彎曲路及附近","一般車道(未劃分快慢車道)","柏油","乾燥","無遮蔽物","無號誌","無","未繪設快慢車道分隔線","有",66,"未使用",121.20504,24.977296,"桃園市","中壢區"
"路口交岔撞","2023",12,25,8,"晴","無照明",30,"四岔路","交叉路口內","柏油","乾燥","有遮蔽物","無號誌","無","未繪設快慢車道分隔線","無",43,"不明",120.512823,24.132222,"彰化縣","和美鎮"
"路口交岔撞","2023",12,25,8,"晴","無照明",30,"四岔路","交叉路口內","柏油","乾燥","有遮蔽物","無號誌","無","未繪設快慢車道分隔線","無",72,"不明",120.512823,24.132222,"彰化縣","和美鎮"
"撞號誌、標誌桿","2023",12,25,9,"晴","無照明",40,"三岔路","交叉口附近","柏油","乾燥","無遮蔽物","正常","雙向禁止超車線","快慢車道分隔線","有",54,"未使用",120.394331,23.541379,"嘉義縣","民雄鄉"
"撞號誌、標誌桿","2023",12,25,19,"陰","有照明且開啟",40,"直路","慢車道","柏油","乾燥","無遮蔽物","無號誌","中央分向島","寬式快慢車道分隔島(50公分以上)","有",41,"未使用",121.204234,24.995265,"桃園市","中壢區"
"其他","2023",12,25,22,"晴","有照明且開啟",50,"橋樑","快車道","柏油","乾燥","無遮蔽物","無號誌","中央分向島","快慢車道分隔線","無",39,"未使用",121.495289,25.007085,"新北市","中和區"
"其他","2023",12,25,22,"晴","有照明且開啟",50,"橋樑","快車道","柏油","乾燥","無遮蔽物","無號誌","中央分向島","快慢車道分隔線","無",52,"未使用",121.495289,25.007085,"新北市","中和區"
"其他","2023",12,25,22,"晴","有照明且開啟",50,"橋樑","快車道","柏油","乾燥","無遮蔽物","無號誌","中央分向島","快慢車道分隔線","無",56,"未使用",121.495289,25.007085,"新北市","中和區"
"衝出路外","2023",12,26,5,"晴","無照明",30,"彎曲路及附近","一般車道(未劃分快慢車道)","柏油","乾燥","無遮蔽物","無號誌","雙向禁止超車線","未繪設快慢車道分隔線","有",45,"未使用",120.84168,22.244112,"屏東縣","獅子鄉"
"追撞","2023",12,26,7,"晴","有照明未開啟或故障",60,"四岔路","交叉口附近","柏油","乾燥","無遮蔽物","無號誌","中央分向島","未繪設快慢車道分隔線","有",55,"未使用",120.542804,24.170614,"臺中市","大肚區"
"追撞","2023",12,26,7,"晴","有照明未開啟或故障",60,"四岔路","交叉口附近","柏油","乾燥","無遮蔽物","無號誌","中央分向島","未繪設快慢車道分隔線","有",74,"未使用",120.542804,24.170614,"臺中市","大肚區"
"路口交岔撞","2023",12,26,7,"晴","無照明",50,"四岔路","交叉路口內","柏油","乾燥","無遮蔽物","無動作","無","未繪設快慢車道分隔線","無",74,"不明",120.90863,24.763168,"新竹市","香山區"
"路口交岔撞","2023",12,26,7,"晴","無照明",50,"四岔路","交叉路口內","柏油","乾燥","無遮蔽物","無動作","無","未繪設快慢車道分隔線","無",19,"未使用",120.90863,24.763168,"新竹市","香山區"
"路口交岔撞","2023",12,26,7,"晴","無照明",50,"四岔路","交叉路口內","柏油","乾燥","無遮蔽物","無動作","無","未繪設快慢車道分隔線","無",69,"不明",120.90863,24.763168,"新竹市","香山區"
"同向擦撞","2023",12,26,8,"晴","無照明",50,"四岔路","交叉口附近","柏油","乾燥","無遮蔽物","正常","中央分向島","未繪設快慢車道分隔線","無",60,"未使用",120.646976,24.15601,"臺中市","西屯區"
"同向擦撞","2023",12,26,8,"晴","無照明",50,"四岔路","交叉口附近","柏油","乾燥","無遮蔽物","正常","中央分向島","未繪設快慢車道分隔線","無",42,"未使用",120.646976,24.15601,"臺中市","西屯區"
"撞電桿","2023",12,26,18,"晴","有照明未開啟或故障",50,"彎曲路及附近","路肩、路緣","柏油","乾燥","無遮蔽物","無號誌","中央分向島","快慢車道分隔線","有",37,"不明",121.386991,25.012065,"桃園市","龜山區"
"撞電桿","2023",12,26,18,"晴","有照明未開啟或故障",50,"彎曲路及附近","路肩、路緣","柏油","乾燥","無遮蔽物","無號誌","中央分向島","快慢車道分隔線","有",51,"未使用",121.386991,25.012065,"桃園市","龜山區"
"穿越道路中","2023",12,26,20,"陰","有照明且開啟",60,"四岔路","交叉口附近","柏油","乾燥","無遮蔽物","正常","中央分向島","快慢車道分隔線","有",65,"非駕駛人",120.81531,24.572433,"苗栗縣","苗栗市"
"穿越道路中","2023",12,26,20,"陰","有照明且開啟",60,"四岔路","交叉口附近","柏油","乾燥","無遮蔽物","正常","中央分向島","快慢車道分隔線","有",54,"不明",120.81531,24.572433,"苗栗縣","苗栗市"
"撞電桿","2023",12,27,2,"晴","有照明且開啟",70,"直路","一般車道(未劃分快慢車道)","柏油","乾燥","無遮蔽物","無號誌","雙向禁止超車線","未繪設快慢車道分隔線","有",69,"不明",120.2433,22.80883,"高雄市","永安區"
"撞電桿","2023",12,27,2,"晴","有照明且開啟",70,"直路","一般車道(未劃分快慢車道)","柏油","乾燥","無遮蔽物","無號誌","雙向禁止超車線","未繪設快慢車道分隔線","有",112,"",120.2433,22.80883,"高雄市","永安區"
"追撞","2023",12,27,4,"晴","有照明且開啟",50,"直路","一般車道(未劃分快慢車道)","柏油","乾燥","無遮蔽物","無號誌","行車分向線","未繪設快慢車道分隔線","有",79,"未使用",121.133546,25.008337,"桃園市","觀音區"
"追撞","2023",12,27,4,"晴","有照明且開啟",50,"直路","一般車道(未劃分快慢車道)","柏油","乾燥","無遮蔽物","無號誌","行車分向線","未繪設快慢車道分隔線","有",68,"未使用",121.133546,25.008337,"桃園市","觀音區"
"側撞","2023",12,27,5,"晴","有照明且開啟",50,"四岔路","交叉路口內","柏油","乾燥","無遮蔽物","正常","無","未繪設快慢車道分隔線","無",23,"未使用",121.766405,25.127446,"基隆市","信義區"
"側撞","2023",12,27,5,"晴","有照明且開啟",50,"四岔路","交叉路口內","柏油","乾燥","無遮蔽物","正常","無","未繪設快慢車道分隔線","無",32,"未使用",121.766405,25.127446,"基隆市","信義區"
"同向通行中","2023",12,27,14,"晴","有照明未開啟或故障",40,"四岔路","交叉路口內","柏油","乾燥","無遮蔽物","正常","無","未繪設快慢車道分隔線","無",24,"未使用",120.561298,24.12513,"臺中市","大肚區"
"同向通行中","2023",12,27,14,"晴","有照明未開啟或故障",40,"四岔路","交叉路口內","柏油","乾燥","無遮蔽物","正常","無","未繪設快慢車道分隔線","無",84,"非駕駛人",120.561298,24.12513,"臺中市","大肚區"
"路上翻車、摔倒","2023",12,27,15,"陰","無照明",60,"彎曲路及附近","一般車道(未劃分快慢車道)","柏油","乾燥","無遮蔽物","無號誌","雙向禁止超車線","未繪設快慢車道分隔線","有",19,"不明",120.950547,24.61584,"苗栗縣","三灣鄉"
"對向擦撞","2023",12,27,16,"陰","無照明",30,"直路","一般車道(未劃分快慢車道)","柏油","乾燥","無遮蔽物","無號誌","雙向禁止超車線","未繪設快慢車道分隔線","無",44,"不明",121.524195,25.113714,"臺北市","北投區"
"對向擦撞","2023",12,27,16,"陰","無照明",30,"直路","一般車道(未劃分快慢車道)","柏油","乾燥","無遮蔽物","無號誌","雙向禁止超車線","未繪設快慢車道分隔線","無",69,"不明",121.524195,25.113714,"臺北市","北投區"
"對向擦撞","2023",12,27,16,"陰","無照明",30,"直路","一般車道(未劃分快慢車道)","柏油","乾燥","無遮蔽物","無號誌","雙向禁止超車線","未繪設快慢車道分隔線","無",52,"不明",121.524195,25.113714,"臺北市","北投區"
"路口交岔撞","2023",12,27,23,"雨","有照明且開啟",50,"四岔路","交叉路口內","柏油","濕潤","無遮蔽物","正常","無","未繪設快慢車道分隔線","無",64,"不明",120.31533,22.624414,"高雄市","苓雅區"
"路口交岔撞","2023",12,27,23,"雨","有照明且開啟",50,"四岔路","交叉路口內","柏油","濕潤","無遮蔽物","正常","無","未繪設快慢車道分隔線","無",23,"未使用",120.31533,22.624414,"高雄市","苓雅區"
"路口交岔撞","2023",12,27,23,"雨","有照明且開啟",50,"四岔路","交叉路口內","柏油","濕潤","無遮蔽物","正常","無","未繪設快慢車道分隔線","無",25,"非駕駛人",120.31533,22.624414,"高雄市","苓雅區"
"撞交通島","2023",12,28,1,"雨","有照明且開啟",50,"彎曲路及附近","機車專用道","柏油","濕潤","無遮蔽物","無號誌","無","未繪設快慢車道分隔線","無",18,"未使用",120.2939,22.71318,"高雄市","楠梓區"
"撞交通島","2023",12,28,1,"雨","有照明且開啟",50,"彎曲路及附近","機車專用道","柏油","濕潤","無遮蔽物","無號誌","無","未繪設快慢車道分隔線","無",112,"",120.2939,22.71318,"高雄市","楠梓區"
"路口交岔撞","2023",12,28,11,"陰","無照明",30,"四岔路","交叉路口內","柏油","乾燥","無遮蔽物","無號誌","無","未繪設快慢車道分隔線","無",69,"不明",120.265602,23.688758,"雲林縣","東勢鄉"
"路口交岔撞","2023",12,28,11,"陰","無照明",30,"四岔路","交叉路口內","柏油","乾燥","無遮蔽物","無號誌","無","未繪設快慢車道分隔線","無",23,"不明",120.265602,23.688758,"雲林縣","東勢鄉"
"其他","2023",12,28,11,"晴","有照明且開啟",30,"四岔路","交叉路口內","柏油","乾燥","無遮蔽物","無號誌","雙向禁止超車線","未繪設快慢車道分隔線","無",73,"未使用",121.473218,25.000571,"新北市","中和區"
"其他","2023",12,28,11,"晴","有照明且開啟",30,"四岔路","交叉路口內","柏油","乾燥","無遮蔽物","無號誌","雙向禁止超車線","未繪設快慢車道分隔線","無",58,"未使用",121.473218,25.000571,"新北市","中和區"
"其他","2023",12,28,11,"晴","有照明且開啟",30,"四岔路","交叉路口內","柏油","乾燥","無遮蔽物","無號誌","雙向禁止超車線","未繪設快慢車道分隔線","無",62,"未使用",121.473218,25.000571,"新北市","中和區"
"其他","2023",12,28,14,"雨","有照明且開啟",50,"彎曲路及附近","路肩、路緣","柏油","濕潤","無遮蔽物","無號誌","雙向禁止超車線","未繪設快慢車道分隔線","有",27,"不明",121.559356,23.735908,"花蓮縣","豐濱鄉"
"其他","2023",12,28,14,"雨","有照明且開啟",50,"彎曲路及附近","路肩、路緣","柏油","濕潤","無遮蔽物","無號誌","雙向禁止超車線","未繪設快慢車道分隔線","有",30,"未使用",121.559356,23.735908,"花蓮縣","豐濱鄉"
"其他","2023",12,28,14,"雨","有照明且開啟",50,"彎曲路及附近","路肩、路緣","柏油","濕潤","無遮蔽物","無號誌","雙向禁止超車線","未繪設快慢車道分隔線","有",30,"非駕駛人",121.559356,23.735908,"花蓮縣","豐濱鄉"
"側撞","2023",12,28,16,"雨","有照明未開啟或故障",50,"四岔路","交叉路口內","柏油","濕潤","無遮蔽物","正常","無","未繪設快慢車道分隔線","無",25,"未使用",121.291135,24.930169,"桃園市","八德區"
"側撞","2023",12,28,16,"雨","有照明未開啟或故障",50,"四岔路","交叉路口內","柏油","濕潤","無遮蔽物","正常","無","未繪設快慢車道分隔線","無",54,"未使用",121.291135,24.930169,"桃園市","八德區"
"路口交岔撞","2023",12,28,18,"陰","有照明且開啟",30,"四岔路","交叉路口內","柏油","乾燥","無遮蔽物","無號誌","無","未繪設快慢車道分隔線","無",26,"未使用",120.257312,23.221247,"臺南市","下營區"
"路口交岔撞","2023",12,28,18,"陰","有照明且開啟",30,"四岔路","交叉路口內","柏油","乾燥","無遮蔽物","無號誌","無","未繪設快慢車道分隔線","無",30,"未使用",120.257312,23.221247,"臺南市","下營區"
"其他","2023",12,29,1,"晴","有照明且開啟",50,"直路","快車道","柏油","乾燥","無遮蔽物","正常","雙向禁止超車線","快慢車道分隔線","無",22,"未使用",120.648294,24.167899,"臺中市","西屯區"
"其他","2023",12,29,1,"晴","有照明且開啟",50,"直路","快車道","柏油","乾燥","無遮蔽物","正常","雙向禁止超車線","快慢車道分隔線","無",22,"未使用",120.648294,24.167899,"臺中市","西屯區"
"衝出路外","2023",12,29,7,"陰","無照明",50,"彎曲路及附近","一般車道(未劃分快慢車道)","柏油","濕潤","無遮蔽物","無號誌","雙向禁止超車線","未繪設快慢車道分隔線","有",28,"不明",121.526774,23.589089,"花蓮縣","豐濱鄉"
"路口交岔撞","2023",12,29,9,"晴","無照明",30,"四岔路","交叉路口內","柏油","乾燥","無遮蔽物","無號誌","無","未繪設快慢車道分隔線","無",70,"未使用",120.20265,23.041796,"臺南市","南區"
"路口交岔撞","2023",12,29,9,"晴","無照明",30,"四岔路","交叉路口內","柏油","乾燥","無遮蔽物","無號誌","無","未繪設快慢車道分隔線","無",27,"未使用",120.20265,23.041796,"臺南市","南區"
"撞護欄(樁)","2023",12,30,5,"晴","有照明且開啟",90,"直路","路肩、路緣","柏油","乾燥","無遮蔽物","無號誌","中央分向島","未繪設快慢車道分隔線","有",52,"未使用",120.664771,24.374297,"臺中市","大甲區"
"撞護欄(樁)","2023",12,30,5,"晴","有照明且開啟",90,"直路","路肩、路緣","柏油","乾燥","無遮蔽物","無號誌","中央分向島","未繪設快慢車道分隔線","有",59,"未使用",120.664771,24.374297,"臺中市","大甲區"
"撞護欄(樁)","2023",12,30,5,"晴","有照明且開啟",90,"直路","路肩、路緣","柏油","乾燥","無遮蔽物","無號誌","中央分向島","未繪設快慢車道分隔線","有",30,"未使用",120.664771,24.374297,"臺中市","大甲區"
"撞護欄(樁)","2023",12,30,5,"晴","有照明且開啟",90,"直路","路肩、路緣","柏油","乾燥","無遮蔽物","無號誌","中央分向島","未繪設快慢車道分隔線","有",40,"未使用",120.664771,24.374297,"臺中市","大甲區"
"穿越道路中","2023",12,30,5,"晴","有照明且開啟",50,"直路","快車道","柏油","乾燥","無遮蔽物","無號誌","行車分向線","快慢車道分隔線","有",84,"非駕駛人",121.459164,23.323766,"臺東縣","長濱鄉"
"穿越道路中","2023",12,30,5,"晴","有照明且開啟",50,"直路","快車道","柏油","乾燥","無遮蔽物","無號誌","行車分向線","快慢車道分隔線","有",48,"未使用",121.459164,23.323766,"臺東縣","長濱鄉"
"側撞","2023",12,30,6,"陰","有照明未開啟或故障",50,"三岔路","交叉路口內","柏油","乾燥","無遮蔽物","無號誌","無","未繪設快慢車道分隔線","無",69,"未使用",120.362633,23.365587,"臺南市","後壁區"
"側撞","2023",12,30,6,"陰","有照明未開啟或故障",50,"三岔路","交叉路口內","柏油","乾燥","無遮蔽物","無號誌","無","未繪設快慢車道分隔線","無",51,"未使用",120.362633,23.365587,"臺南市","後壁區"
"穿越道路中","2023",12,30,6,"晴","無照明",50,"彎曲路及附近","一般車道(未劃分快慢車道)","柏油","乾燥","無遮蔽物","無號誌","行車分向線","未繪設快慢車道分隔線","有",47,"未使用",120.3643,22.76604,"高雄市","阿蓮區"
"穿越道路中","2023",12,30,6,"晴","無照明",50,"彎曲路及附近","一般車道(未劃分快慢車道)","柏油","乾燥","無遮蔽物","無號誌","行車分向線","未繪設快慢車道分隔線","有",86,"非駕駛人",120.3643,22.76604,"高雄市","阿蓮區"
"撞電桿","2023",12,30,8,"陰","有照明未開啟或故障",50,"直路","路肩、路緣","柏油","濕潤","無遮蔽物","無號誌","中央分向島","快慢車道分隔線","有",32,"未使用",121.381721,25.011772,"桃園市","龜山區"
"撞電桿","2023",12,30,17,"晴","有照明且開啟",50,"直路","路肩、路緣","柏油","乾燥","無遮蔽物","無號誌","行車分向線","未繪設快慢車道分隔線","有",36,"不明",120.593876,23.697156,"雲林縣","斗六市"
"其他","2023",12,30,17,"陰","有照明且開啟",15,"有遮斷器","其他","柏油","乾燥","無遮蔽物","正常","無","未繪設快慢車道分隔線","無",69,"不明",120.744166,23.835772,"南投縣","集集鎮"
"其他","2023",12,30,17,"陰","有照明且開啟",15,"有遮斷器","其他","柏油","乾燥","無遮蔽物","正常","無","未繪設快慢車道分隔線","無",57,"未使用",120.744166,23.835772,"南投縣","集集鎮"
"其他","2023",12,31,1,"陰","有照明且開啟",60,"直路","路肩、路緣","柏油","乾燥","無遮蔽物","無號誌","中央分向島","快慢車道分隔線","有",25,"未使用",120.751853,21.98035,"屏東縣","恆春鎮"
"其他","2023",12,31,1,"陰","有照明且開啟",60,"直路","路肩、路緣","柏油","乾燥","無遮蔽物","無號誌","中央分向島","快慢車道分隔線","有",14,"未使用",120.751853,21.98035,"屏東縣","恆春鎮"
"其他","2023",12,31,1,"陰","有照明且開啟",60,"直路","路肩、路緣","柏油","乾燥","無遮蔽物","無號誌","中央分向島","快慢車道分隔線","有",30,"非駕駛人",120.751853,21.98035,"屏東縣","恆春鎮"
"其他","2023",12,31,1,"陰","有照明且開啟",60,"直路","路肩、路緣","柏油","乾燥","無遮蔽物","無號誌","中央分向島","快慢車道分隔線","有",24,"非駕駛人",120.751853,21.98035,"屏東縣","恆春鎮"
"其他","2023",12,31,1,"陰","有照明且開啟",60,"直路","路肩、路緣","柏油","乾燥","無遮蔽物","無號誌","中央分向島","快慢車道分隔線","有",23,"非駕駛人",120.751853,21.98035,"屏東縣","恆春鎮"
"側撞","2023",12,31,7,"晴","有照明未開啟或故障",60,"三岔路","交叉路口內","柏油","乾燥","無遮蔽物","正常","無","未繪設快慢車道分隔線","無",59,"不明",120.991588,22.577928,"臺東縣","太麻里鄉"
"側撞","2023",12,31,7,"晴","有照明未開啟或故障",60,"三岔路","交叉路口內","柏油","乾燥","無遮蔽物","正常","無","未繪設快慢車道分隔線","無",47,"未使用",120.991588,22.577928,"臺東縣","太麻里鄉"
"側撞","2023",12,31,7,"晴","有照明未開啟或故障",60,"三岔路","交叉路口內","柏油","乾燥","無遮蔽物","正常","無","未繪設快慢車道分隔線","無",45,"非駕駛人",120.991588,22.577928,"臺東縣","太麻里鄉"
"對向擦撞","2023",12,31,14,"晴","有照明未開啟或故障",50,"直路","一般車道(未劃分快慢車道)","柏油","乾燥","無遮蔽物","無號誌","雙向禁止超車線","未繪設快慢車道分隔線","有",22,"未使用",121.254133,24.779423,"新竹縣","關西鎮"
"對向擦撞","2023",12,31,14,"晴","有照明未開啟或故障",50,"直路","一般車道(未劃分快慢車道)","柏油","乾燥","無遮蔽物","無號誌","雙向禁止超車線","未繪設快慢車道分隔線","有",58,"未使用",121.254133,24.779423,"新竹縣","關西鎮"
"對向擦撞","2023",12,31,14,"晴","有照明未開啟或故障",50,"直路","一般車道(未劃分快慢車道)","柏油","乾燥","無遮蔽物","無號誌","雙向禁止超車線","未繪設快慢車道分隔線","有",68,"未使用",121.254133,24.779423,"新竹縣","關西鎮"
"對向擦撞","2023",12,31,14,"晴","有照明未開啟或故障",50,"直路","一般車道(未劃分快慢車道)","柏油","乾燥","無遮蔽物","無號誌","雙向禁止超車線","未繪設快慢車道分隔線","有",66,"未使用",121.254133,24.779423,"新竹縣","關西鎮"
"對向擦撞","2023",12,31,14,"晴","有照明未開啟或故障",50,"直路","一般車道(未劃分快慢車道)","柏油","乾燥","無遮蔽物","無號誌","雙向禁止超車線","未繪設快慢車道分隔線","有",28,"未使用",121.254133,24.779423,"新竹縣","關西鎮"
"對向擦撞","2023",12,31,14,"晴","有照明未開啟或故障",50,"直路","一般車道(未劃分快慢車道)","柏油","乾燥","無遮蔽物","無號誌","雙向禁止超車線","未繪設快慢車道分隔線","有",31,"不明",121.254133,24.779423,"新竹縣","關西鎮"
"穿越道路中","2023",12,31,19,"雨","有照明且開啟",50,"直路","快車道","柏油","濕潤","無遮蔽物","無號誌","雙向禁止超車線","快慢車道分隔線","有",64,"非駕駛人",121.459172,23.32343,"臺東縣","長濱鄉"
"穿越道路中","2023",12,31,19,"雨","有照明且開啟",50,"直路","快車道","柏油","濕潤","無遮蔽物","無號誌","雙向禁止超車線","快慢車道分隔線","有",73,"未使用",121.459172,23.32343,"臺東縣","長濱鄉"